2285512.9,8.705,-0.631,-0.171,-1.441,0.194,0.077,4
2285512.91,9.106,-0.581,-0.406,-1.586,0.153,0.103,4
2285512.92,9.893,-0.073,-1.21,-1.767,0.239,0.125,4
2285512.93,10.861,0.889,-2.885,-1.994,0.676,0.122,4
2285512.94,11.854,1.616,-3.324,-2.216,1.222,0.064,4
2285512.95,12.899,1.833,-1.953,-2.366,1.454,-0.082,4
2285512.96,15.245,0.502,-1.932,-2.477,1.205,-0.341,4
2285512.97,14.547,-1.343,-0.544,-2.657,0.368,-0.822,4
2285512.98,13.378,-1.997,1.541,-2.637,-0.724,-0.998,4
2285512.989,12.526,-2.427,3.383,-2.511,-0.86,-1.028,4
2285513,11.493,-2.841,4.435,-2.319,-0.76,-0.965,4
2285513.019,8.704,-3.348,5.293,-1.813,-0.387,-0.622,4
2285513.03,7.946,-3.418,4.935,-1.56,-0.164,-0.425,4
2285513.04,7.737,-3.394,3.943,-1.356,0.003,-0.307,4
2285513.05,7.386,-3.535,2.594,-1.216,0.13,-0.256,4
2285513.06,6.595,-3.909,1.326,-1.118,0.286,-0.217,4
2285513.07,5.546,-3.927,1.349,-1.012,0.316,-0.153,4
2285513.08,4.735,-3.364,2.448,-0.765,0.079,-0.153,4
2285513.089,4.171,-2.683,3.344,-0.584,-0.09,0.1,4
2285513.1,4.015,-2.216,3.767,-0.431,-0.234,0.199,4
2285513.109,4.279,-1.669,4.21,-0.308,-0.373,0.282,4
2285513.12,4.279,-1.669,4.21,-0.195,-0.509,0.355,4
2285513.139,4.873,-1.272,3.932,0.016,-0.713,0.426,4
2285513.16,5.486,-0.887,3.258,0.219,-0.595,0.386,4
2285513.17,6.447,-0.652,3.152,0.323,-0.387,0.323,4
2285513.19,14.76,-1.252,3.038,0.55,0.275,0.164,4
2285513.199,18.267,-2.058,2.534,0.631,0.494,0.135,4
2285513.21,20.02,-2.726,1.696,0.655,0.682,0.172,4
2285513.22,20.049,-2.961,1.012,0.608,0.841,0.273,4
2285513.23,19.207,-2.705,0.559,0.52,0.966,0.334,4
2285513.25,13.168,1.189,-5.247,0.318,1.56,0.279,4
2285513.26,9.498,5.049,-17.102,0.07,4.12,0.494,4
2285513.27,12.858,4.473,-39.443,-1.248,4.095,0.539,4
2285513.28,13.505,1.432,-18.589,-2.579,1.046,0.083,4
2285513.29,8.551,1.621,-2.78,-2.524,-0.059,-0.261,4
2285513.309,8.505,2.439,7.883,-0.841,-0.27,-0.618,4
2285513.32,8.994,2.478,8.986,-0.271,-0.908,-0.676,4
2285513.33,8.58,1.869,7.812,0.144,-1.457,-0.627,4
2285513.339,9.42,1.185,6.018,0.41,-1.695,-0.551,4
2285513.36,12.261,-0.393,3.647,0.738,-1.574,-0.483,4
2285513.37,13.055,-1.317,2.128,0.762,-1.242,-0.436,4
2285513.38,13.363,-2.256,0.983,0.695,-0.809,-0.391,4
2285513.39,13.324,-3.147,0.186,0.549,-0.348,-0.368,4
2285513.399,12.267,-5.115,-0.533,0.31,0.04,-0.348,4
2285513.41,11.649,-6.21,-0.665,-0.173,0.33,-0.251,4
2285513.42,11.031,-7.273,-0.457,-0.559,0.386,-0.176,4
2285513.43,11.028,-7.625,-0.215,-0.925,0.369,-0.153,4
2285513.44,11.068,-7.714,0.179,-1.228,0.338,-0.243,4
2285513.45,10.024,-7.778,0.698,-1.417,0.297,-0.432,4
2285513.46,8.109,-7.67,0.842,-1.508,0.313,-0.599,4
2285513.47,6.655,-7.419,0.83,-1.527,0.435,-0.648,4
2285513.48,6.144,-7.241,0.446,-1.386,0.98,-0.562,4
2285513.49,6.539,-6.41,0.205,-1.004,2.15,-0.372,4
2285513.5,8.496,-4.714,-3.079,-0.4,2.444,-0.159,4
2285513.53,11.057,-3.997,-9.955,0.281,-2.659,0.39,4
2285513.55,8.746,-4.415,-8.068,-1.024,-0.875,0.441,4
2285513.58,7.004,-7.375,-1.445,-2.322,-0.962,0.485,4
2285513.59,7.025,-7.307,3.698,-2.342,-1.192,0.51,4
2285513.6,8.326,-6.622,8.196,-2.031,-1.225,0.467,4
2285513.62,8.385,-2.471,12.932,-0.907,-0.423,0.4,4
2285513.63,7.839,-0.808,13.412,-0.447,-0.39,0.496,4
2285513.64,7.54,0.421,12.43,-0.048,-0.498,0.665,4
2285513.65,7.643,1.213,10.262,0.236,-0.57,0.838,4
2285513.66,7.849,1.901,7.939,0.379,-0.53,0.958,4
2285513.67,8.086,2.374,6.367,0.431,-0.365,1.002,4
2285513.71,9.268,4.629,1.719,0.396,1.131,0.601,4
2285513.719,9.406,5.11,1.472,0.303,1.442,0.378,4
2285513.73,9.467,5.636,1.179,0.148,1.647,0.05,4
2285513.75,9.716,5.751,0.844,-0.093,1.768,-0.227,4
2285513.76,11.068,5.63,0.267,-0.235,1.75,-0.37,4
2285513.77,14.564,5.659,-5.917,-0.738,1.539,-0.657,4
2285513.78,20.273,5.138,-18.346,-2.045,1.2,-1.16,4
2285513.789,20.864,2.144,-18.556,-3.432,0.888,-1.511,4
2285513.799,11.693,-2.588,-5.002,-4.392,1.282,-0.965,4
2285513.82,14.624,-4.923,-1.101,-4.424,2.065,-0.434,4
2285513.83,17.305,-8.359,-1.129,-4.056,2.306,-0.673,4
2285513.84,14.095,-8.059,-0.496,-3.658,2.143,-0.973,4
2285513.85,10.918,-6.543,2.751,-3.07,1.751,-1.136,4
2285513.86,8.372,-4.003,5.983,-2.316,1.101,-1.087,4
2285513.87,7.66,-1.772,6.724,-1.565,0.335,-0.892,4
2285513.88,8.086,-0.507,5.923,-0.976,-0.191,-0.693,4
2285513.89,8.904,0.114,4.855,-0.582,-0.476,-0.564,4
2285513.9,9.73,-0.004,3.833,-0.371,-0.671,-0.46,4
2285513.91,10.748,-0.935,2.762,-0.279,-0.878,-0.364,4
2285513.92,11.486,-2.207,1.583,-0.315,-0.946,-0.281,4
2285513.93,12.262,-3.14,0.565,-0.583,-0.732,-0.17,4
2285513.939,13.079,-3.573,-0.078,-0.853,-0.541,-0.173,4
2285513.95,12.382,-3.53,-0.078,-1.134,-0.353,-0.189,4
2285513.96,11.204,-3.271,0.084,-1.399,-0.178,-0.212,4
2285513.97,9.777,-2.697,-0.067,-1.649,-0.027,-0.255,4
2285513.98,8.087,-2.247,-0.14,-1.87,0.045,-0.274,4
2285513.99,6.909,-2.107,-0.133,-2.065,0.046,-0.274,4
2285514,6.156,-2.061,-0.046,-2.236,0.023,-0.266,4
2285514.009,6.721,-1.927,0.598,-2.373,0.038,-0.276,4
2285514.03,7.935,-2.029,0.916,-2.594,0.053,-0.349,4
2285514.04,10.092,-2.714,1.503,-2.719,0.038,-0.364,4
2285514.05,10.559,-2.948,1.993,-2.889,0.027,-0.349,4
2285514.06,10.303,-2.975,2.379,-2.984,-0.04,-0.33,4
2285514.07,9.779,-2.87,2.878,-3.048,-0.13,-0.294,4
2285514.08,9.283,-2.745,3.259,-3.048,-0.199,-0.237,4
2285514.09,8.945,-2.552,3.606,-2.982,-0.228,-0.174,4
2285514.1,8.735,-2.324,3.987,-2.855,-0.236,-0.115,4
2285514.11,8.647,-2.083,4.261,-2.679,-0.236,-0.062,4
2285514.12,8.602,-1.909,4.431,-2.472,-0.222,-0.021,4
2285514.14,8.789,-1.752,5.079,-2.007,-0.117,0.033,4
2285514.15,9.078,-1.671,5.314,-1.758,-0.078,0.063,4
2285514.16,9.456,-1.467,5.294,-1.429,-0.122,0.112,4
2285514.18,9.688,-1.177,4.034,-1.203,-0.316,0.271,4
2285514.19,10.004,-1.328,3.492,-1.17,-0.392,0.368,4
2285514.2,10.328,-1.58,2.906,-1.177,-0.389,0.439,4
2285514.21,10.637,-1.816,2.417,-1.211,-0.316,0.47,4
2285514.23,10.85,-1.99,1.755,-1.354,-0.106,0.414,4
2285514.25,10.803,-1.487,1.89,-1.561,-0.095,0.289,4
2285514.26,12.804,-0.322,3.831,-1.621,-0.199,0.205,4
2285514.27,14.075,0.291,3.835,-1.593,-0.388,0.019,4
2285514.28,15.17,0.933,0.068,-1.617,-0.197,-0.078,4
2285514.29,15.698,0.859,-3.613,-1.853,0.862,-0.147,4
2285514.311,10.737,0.126,-2.246,-2.434,1.584,-0.224,4
2285514.32,9.559,-0.056,-1.091,-2.778,0.597,-0.177,4
2285514.33,9.171,-0.087,2.363,-2.886,-0.238,-0.208,4
2285514.34,8.291,-0.133,4.921,-2.731,-0.549,-0.255,4
2285514.35,7.324,-0.494,6.143,-2.415,-0.483,-0.254,4
2285514.36,6.449,-0.732,6.73,-2.026,-0.248,-0.199,4
2285514.369,5.713,-0.696,6.897,-1.575,-0.082,-0.101,4
2285514.38,5.271,-0.69,6.132,-0.945,-0.042,0.052,4
2285514.39,4.808,-0.811,5.071,-0.676,-0.097,0.166,4
2285514.4,4.587,-0.957,4.385,-0.505,-0.184,0.286,4
2285514.409,4.789,-1.155,3.829,-0.381,-0.237,0.383,4
2285514.43,5.374,-1.091,3.444,-0.139,-0.222,0.48,4
2285514.44,5.594,-0.967,3.341,-0.02,-0.172,0.509,4
2285514.45,6.068,-0.69,3.231,0.086,-0.098,0.525,4
2285514.46,6.735,-0.386,3.153,0.161,-0.005,0.506,4
2285514.47,8.025,0.208,3.027,0.212,0.121,0.462,4
2285514.48,8.994,0.381,3.184,0.28,0.265,0.408,4
2285514.49,10.208,0.326,3.215,0.353,0.441,0.391,4
2285514.51,13.446,-0.233,2.651,0.494,0.575,0.354,4
2285514.52,15.602,-0.708,2.213,0.535,0.635,0.334,4
2285514.53,17.76,-1.233,1.677,0.537,0.7,0.33,4
2285514.54,18.632,-1.559,1.156,0.503,0.79,0.352,4
2285514.55,18.643,-1.725,0.758,0.456,0.931,0.349,4
2285514.6,9.054,2.935,-13.495,-1.073,1.171,0.19,4
2285514.61,8.634,2.97,-10.737,-1.353,-0.011,0.01,4
2285514.629,8.599,2.097,-3.011,-1.221,-0.227,-0.343,4
2285514.64,9.203,1.515,-0.033,-0.945,0.043,-0.461,4
2285514.65,11.151,0.962,2.02,-0.626,0.092,-0.539,4
2285514.66,13.156,0.338,3.635,-0.285,-0.106,-0.572,4
2285514.67,13.685,-0.15,4.574,0.029,-0.438,-0.533,4
2285514.68,13.082,-0.549,4.347,0.263,-0.768,-0.431,4
2285514.69,11.224,-1.141,2.794,0.428,-0.992,-0.321,4
2285514.7,10.565,-1.451,2.051,0.574,-1.103,-0.213,4
2285514.71,10.153,-1.892,1.379,0.608,-1.054,-0.166,4
2285514.72,9.963,-2.336,0.641,0.588,-0.927,-0.124,4
2285514.74,9.467,-2.726,-0.662,0.288,-0.514,-0.056,4
2285514.75,9.202,-2.836,-0.79,0.005,-0.294,-0.032,4
2285514.76,8.895,-2.822,-0.083,-0.286,-0.14,-0.031,4
2285514.77,9.144,-2.534,0.762,-0.476,-0.118,-0.071,4
2285514.78,9.226,-2.294,1.046,-0.586,-0.213,-0.153,4
2285514.79,9.341,-2.159,1.185,-0.673,-0.311,-0.2,4
2285514.8,9.705,-2.15,1.437,-0.748,-0.363,-0.22,4
2285514.81,10.247,-2.317,1.661,-0.807,-0.354,-0.253,4
2285514.82,10.708,-2.637,1.616,-0.829,-0.289,-0.283,4
2285514.83,10.908,-3.032,1.451,-0.858,-0.195,-0.308,4
2285514.85,10.807,-3.727,1.215,-0.98,-0.015,-0.334,4
2285514.859,10.69,-4.039,1.182,-1.058,0.047,-0.339,4
2285514.87,10.582,-4.296,1.238,-1.131,0.084,-0.337,4
2285514.89,10.475,-4.564,1.433,-1.162,0.26,-0.278,4
2285514.9,10.808,-4.282,0.131,-0.995,0.878,-0.232,4
2285514.91,11.294,-3.217,-7.515,-0.678,1.639,-0.223,4
2285514.92,11.512,-2.255,-9.912,-0.239,-0.117,-0.252,4
2285514.93,10.455,-1.665,-8.722,-0.302,-0.909,-0.166,4
2285514.94,10.251,-0.984,-6.344,-0.48,-1.053,-0.126,4
2285514.95,10.61,-1.075,-3.342,-0.652,-0.82,-0.132,4
2285514.96,10.956,-1.571,-0.387,-0.801,-0.531,-0.151,4
2285514.97,10.668,-1.88,1.915,-0.91,-0.465,-0.162,4
2285514.98,9.807,-2.065,3.534,-0.965,-0.571,-0.147,4
2285514.99,8.561,-2.18,4.817,-0.931,-0.685,-0.102,4
2285514.999,7.362,-2.443,5.249,-0.822,-0.711,-0.018,4
2285515.011,6.461,-2.662,4.805,-0.706,-0.667,0.095,4
2285515.02,5.906,-2.823,4.03,-0.602,-0.589,0.262,4
2285515.029,5.74,-2.927,3.383,-0.578,-0.534,0.331,4
2285515.04,5.457,-2.872,2.864,-0.582,-0.505,0.384,4
2285515.05,5.016,-2.742,2.058,-0.615,-0.573,0.425,4
2285515.06,4.503,-2.992,0.747,-0.664,-0.682,0.459,4
2285515.07,4.464,-4.304,-1.536,-0.662,-0.515,0.436,4
2285515.08,5.027,-5.278,-2.124,-0.582,-0.184,0.36,4
2285515.09,5.956,-4.967,-1.528,-0.512,0.189,0.288,4
2285515.1,6.718,-3.568,0.352,-0.502,0.489,0.257,4
2285515.109,7.933,0.222,6.439,-0.491,0.588,0.257,4
2285515.13,9.2,1.393,6.958,-0.313,-0.111,0.322,4
2285515.139,9.277,1.454,5.693,-0.228,-0.291,0.297,4
2285515.149,8.481,1.61,4.462,-0.153,0.095,0.248,4
2285515.16,6.885,1.855,3.54,-0.092,0.639,0.211,4
2285515.17,5.76,2.141,2.728,-0.057,1.018,0.201,4
2285515.19,7.48,2.747,2.941,-0.05,0.953,0.093,4
2285515.2,12.511,1.766,3.383,-0.042,0.612,0.051,4
2285515.24,24.064,-5.006,-13.875,-1.607,1.119,-0.238,4
2285515.25,17.212,-7.289,-18.236,-2.865,1.777,-0.415,4
2285515.26,15.485,-6.39,-8.142,-3.412,1.511,-0.738,4
2285515.27,13.589,-4.285,0.403,-3.379,1.112,-1,4
2285515.279,10.62,-2.361,3.866,-3.14,0.769,-0.998,4
2285515.29,9.63,-0.775,5.49,-2.83,0.385,-0.851,4
2285515.299,9.412,0.708,6.954,-2.413,-0.101,-0.64,4
2285515.31,10.088,2.162,6.201,-1.931,-0.418,-0.385,4
2285515.329,10.803,1.279,2.618,-1.271,-0.027,-0.031,4
2285515.34,10.267,0.107,1.113,-1.161,0.371,-0.079,4
2285515.35,9.607,-1.333,-0.042,-1.261,0.872,-0.161,4
2285515.36,9.392,-2.418,-1.133,-1.48,1.042,-0.216,4
2285515.37,9.512,-2.666,-1.317,-1.811,1.01,-0.247,4
2285515.38,9.358,-2.174,-0.874,-2.166,0.75,-0.297,4
2285515.39,8.562,-1.783,-0.348,-2.476,0.442,-0.368,4
2285515.4,7.781,-1.787,-0.077,-2.685,0.231,-0.417,4
2285515.41,7.08,-1.705,0.286,-2.825,0.104,-0.432,4
2285515.42,6.658,-1.533,0.741,-2.887,0.04,-0.433,4
2285515.439,7.045,-1.394,1.244,-2.861,0.153,-0.362,4
2285515.449,8.387,-1.412,1.433,-2.79,0.28,-0.27,4
2285515.46,9.596,-1.453,1.412,-2.658,0.506,-0.137,4
2285515.47,10.551,-1.537,1.532,-2.569,0.57,-0.107,4
2285515.48,11.075,-1.489,1.866,-2.479,0.47,-0.13,4
2285515.49,10.864,-1.376,2.056,-2.396,0.246,-0.126,4
2285515.51,10.082,-0.918,2.079,-2.24,-0.17,-0.016,4
2285515.52,10.071,-0.62,2.009,-2.156,-0.219,0.016,4
2285515.54,10.182,0.371,2.288,-1.999,-0.202,0.024,4
2285515.55,10.077,0.676,2.281,-1.885,-0.228,0.031,4
2285515.56,9.94,0.792,2.106,-1.815,-0.305,0.046,4
2285515.57,9.753,0.586,1.863,-1.757,-0.321,0.062,4
2285515.58,9.771,0.145,1.696,-1.702,-0.297,0.053,4
2285515.59,9.652,-0.267,1.497,-1.656,-0.24,0.02,4
2285515.6,9.497,-0.64,1.311,-1.623,-0.17,-0.013,4
2285515.61,9.456,-0.946,1.106,-1.608,-0.098,-0.034,4
2285515.62,9.583,-1.201,0.925,-1.617,-0.041,-0.043,4
2285515.64,10.111,-1.681,0.712,-1.709,-0.018,-0.031,4
2285515.65,10.682,-1.783,0.831,-1.779,-0.082,-0.029,4
2285515.66,11.669,-1.666,1.082,-1.845,-0.208,-0.032,4
2285515.67,12.876,-1.433,1.406,-1.912,-0.437,-0.061,4
2285515.68,13.922,-1.229,1.431,-1.93,-0.45,-0.094,4
2285515.69,15.013,-1.353,0.811,-1.939,-0.14,-0.153,4
2285515.7,15.226,-2.009,1.531,-1.88,0.228,-0.254,4
2285515.71,13.783,-2.454,3.649,-1.707,0.287,-0.33,4
2285515.72,12.058,-2.729,3.547,-1.57,0.146,-0.346,4
2285515.74,9.67,-2.692,2.616,-1.622,-0.166,-0.26,4
2285515.75,8.964,-2.458,3.274,-1.657,-0.34,-0.192,4
2285515.76,6.586,-1.808,4.442,-1.604,-0.433,-0.095,4
2285515.769,5.808,-1.516,4.331,-1.433,-0.381,0.057,4
2285515.78,5.425,-1.477,4.144,-1.296,-0.133,0.125,4
2285515.79,5.519,-1.578,3.551,-1.156,-0.054,0.16,4
2285515.8,5.359,-1.611,2.811,-1.025,-0.112,0.162,4
2285515.81,5.137,-1.49,2.356,-0.902,-0.253,0.187,4
2285515.829,5.71,-1.058,2.333,-0.64,-0.458,0.302,4
2285515.84,6.24,-0.824,2.565,-0.489,-0.472,0.356,4
2285515.85,6.771,-0.546,2.633,-0.326,-0.44,0.392,4
2285515.86,7.404,-0.266,2.634,-0.184,-0.357,0.414,4
2285515.87,7.938,0.016,2.452,-0.075,-0.228,0.411,4
2285515.88,8.138,0.25,2.212,-0.002,-0.059,0.389,4
2285515.89,8.247,0.527,2.29,-0.012,0.199,0.377,4
2285515.9,8.499,0.784,2.729,-0.04,0.319,0.36,4
2285515.91,8.829,1.007,3.107,-0.065,0.366,0.337,4
2285515.919,9.115,1.093,3.292,-0.081,0.354,0.312,4
2285515.929,9.43,1.162,3.48,-0.075,0.335,0.279,4
2285515.949,10.056,1.37,3.91,-0.015,0.313,0.207,4
2285515.96,10.363,1.423,3.986,0.035,0.319,0.174,4
2285515.97,10.72,1.458,3.871,0.089,0.363,0.15,4
2285515.99,12.527,0.958,2.637,0.17,0.644,0.125,4
2285516,13.167,0.668,2.211,0.189,0.75,0.098,4
2285516.009,14.037,0.327,1.704,0.202,0.832,0.052,4
2285516.02,14.969,-0.002,1.216,0.204,0.913,-0.005,4
2285516.029,15.97,-0.309,0.62,0.191,1.03,-0.054,4
2285516.039,17.137,-0.197,-1.118,0.154,1.228,-0.079,4
2285516.05,21.656,2.407,-33.348,-0.217,2.359,-0.071,4
2285516.06,20.386,-1.488,-39.995,-2.325,2.408,-0.126,4
2285516.07,12.617,-4.103,-15.995,-3.324,1.453,-0.166,4
2285516.08,10.813,-3.271,-1.472,-3.026,1.421,-0.296,4
2285516.09,9.432,-2.325,4.935,-2.372,1.162,-0.586,4
2285516.1,7.308,-1.351,6.842,-1.367,0.41,-0.803,4
2285516.11,5.537,-0.176,6.146,-0.9,-0.115,-0.719,4
2285516.121,4.73,0.302,5.479,-0.563,-0.594,-0.583,4
2285516.129,4.366,0.349,5.013,-0.303,-0.994,-0.455,4
2285516.14,4.414,0.421,4.264,-0.12,-1.272,-0.343,4
2285516.15,4.875,0.734,4.347,0.09,-1.421,-0.247,4
2285516.16,6.216,0.826,4.868,0.363,-1.413,-0.162,4
2285516.17,8.818,0.725,5.488,0.728,-1.28,-0.068,4
2285516.18,11.512,0.336,5.206,1.123,-0.945,0.038,4
2285516.19,13.887,-0.408,4.166,1.463,-0.4,0.118,4
2285516.2,14.486,-1.621,2.543,1.724,0.151,0.097,4
2285516.21,12.025,-1.86,1.614,1.899,0.529,0.04,4
2285516.219,10.607,-2.028,0.796,1.863,0.508,0.098,4
2285516.239,9.072,-1.605,-0.402,1.572,0.29,0.136,4
2285516.249,8.162,-0.823,-1.047,1.392,0.264,0.093,4
2285516.26,7.526,-0.072,-1.755,1.214,0.386,0.063,4
2285516.27,7.965,0.273,-2.664,1.043,0.62,0.068,4
2285516.279,9.634,0.277,-4.452,0.827,0.796,0.064,4
2285516.29,11.368,-0.012,-6.547,0.52,0.622,0.001,4
2285516.3,12.035,-0.314,-7.196,0.123,0.108,-0.092,4
2285516.31,11.558,-0.587,-5.175,-0.426,-0.412,-0.151,4
2285516.32,11.117,-0.872,-2.373,-0.666,-0.44,-0.166,4
2285516.33,11.062,-1.351,-0.105,-0.827,-0.389,-0.208,4
2285516.34,10.824,-1.764,0.64,-0.978,-0.413,-0.272,4
2285516.36,9.633,-2.355,0.768,-1.312,-0.479,-0.319,4
2285516.37,9.565,-2.62,0.581,-1.481,-0.418,-0.321,4
2285516.38,9.725,-2.892,0.529,-1.633,-0.306,-0.323,4
2285516.39,9.951,-3.057,0.75,-1.746,-0.193,-0.32,4
2285516.4,10.164,-3.197,1.1,-1.82,-0.12,-0.315,4
2285516.41,10.543,-3.607,1.611,-1.863,-0.107,-0.312,4
2285516.429,10.468,-4.341,1.68,-1.906,-0.233,-0.26,4
2285516.44,10.667,-4.817,1.776,-1.907,-0.272,-0.232,4
2285516.45,10.837,-5.233,1.996,-1.892,-0.283,-0.229,4
2285516.46,11.228,-5.533,2.401,-1.853,-0.285,-0.252,4
2285516.47,11.099,-5.767,2.708,-1.788,-0.281,-0.293,4
2285516.48,10.654,-5.895,3.026,-1.703,-0.259,-0.308,4
2285516.49,10.132,-6.079,3.208,-1.604,-0.195,-0.29,4
2285516.5,9.683,-6.229,3.138,-1.499,-0.071,-0.231,4
2285516.51,9.498,-6.26,2.87,-1.396,0.064,-0.156,4
2285516.519,9.402,-6.195,2.411,-1.308,0.165,-0.093,4
2285516.53,9.133,-6.014,1.94,-1.222,0.276,-0.035,4
2285516.54,8.746,-5.726,1.544,-1.182,0.366,0.009,4
2285516.55,8.395,-5.355,1.204,-1.151,0.475,0.075,4
2285516.56,8.389,-4.94,1.018,-1.118,0.568,0.145,4
2285516.57,8.683,-4.473,0.851,-1.094,0.638,0.193,4
2285516.58,8.933,-3.954,0.726,-1.071,0.647,0.233,4
2285516.59,9.16,-3.326,0.372,-1.058,0.544,0.263,4
2285516.6,10.063,-1.963,-1.261,-1.07,0.142,0.255,4
2285516.61,11.095,-0.133,-4.178,-1.147,-0.528,0.23,4
2285516.619,11.323,1.187,-6.132,-1.323,-1.07,0.216,4
2285516.63,10.963,0.793,-4.127,-1.698,-1.045,0.202,4
2285516.639,10.466,0.104,-0.438,-1.884,-0.772,0.16,4
2285516.649,10.039,-0.536,3.361,-1.887,-0.64,0.101,4
2285516.66,8.623,-1.052,5.702,-1.713,-0.721,0.098,4
2285516.67,8.022,-1.594,6.848,-1.447,-0.911,0.2,4
2285516.679,8.223,-2.15,6.71,-1.151,-1.081,0.305,4
2285516.69,8.137,-2.375,6.141,-0.861,-1.119,0.384,4
2285516.7,7.14,-2.344,5.048,-0.618,-1.051,0.475,4
2285516.709,6.628,-2.134,4.049,-0.445,-0.943,0.599,4
2285516.72,6.736,-1.831,3.392,-0.362,-0.76,0.707,4
2285516.73,7.334,-1.371,3.889,-0.335,-0.439,0.769,4
2285516.74,7.806,-0.731,4.756,-0.34,-0.16,0.758,4
2285516.75,7.8,-0.337,4.916,-0.411,-0.155,0.747,4
2285516.76,8.126,0.066,4.847,-0.531,-0.185,0.724,4
2285516.77,8.563,0.389,4.594,-0.677,-0.16,0.656,4
2285516.78,8.801,0.784,4.086,-0.832,0.004,0.535,4
2285516.79,8.45,1.246,3.671,-0.985,0.311,0.393,4
2285516.8,7.666,1.685,3.624,-1.112,0.655,0.272,4
2285516.81,6.752,2.174,3.807,-1.205,0.948,0.183,4
2285516.82,5.977,2.798,4.435,-1.23,1.168,0.114,4
2285516.83,4.407,3.663,7.826,-1.111,1.385,0.073,4
2285516.839,4.407,4.453,7.826,-0.849,1.532,0.116,4
2285516.849,10.454,3.223,5.969,-0.627,1.363,0.218,4
2285516.86,16.178,2.019,4.258,-0.397,0.795,0.233,4
2285516.89,26.652,1.516,-6.626,-0.875,0.395,0.052,4
2285516.9,22.692,1.527,-30.339,-2.216,2.404,-0.108,4
2285516.91,16.354,-1.981,-20.22,-4.089,3.106,-0.185,4
2285516.92,14.327,-2.467,-2.858,-4.889,2.398,-0.414,4
2285516.93,12.706,-1.208,5.684,-4.655,1.64,-0.641,4
2285516.94,10.399,0.37,7.825,-4.023,1.123,-0.734,4
2285516.949,8.569,1.843,7.188,-3.29,0.969,-0.689,4
2285516.96,7.701,3.011,5.941,-2.194,1.296,-0.555,4
2285516.97,8.009,3.568,5.425,-1.507,1.395,-0.459,4
2285516.98,9.13,3.502,4.508,-0.908,1.192,-0.376,4
2285516.99,10.884,2.648,2.311,-0.476,0.77,-0.379,4
2285517,11.074,1.616,0.146,-0.243,0.321,-0.428,4
2285517.01,10.107,1.461,-0.151,-0.132,-0.026,-0.423,4
2285517.019,10.07,0.991,0.383,-0.097,-0.227,-0.393,4
2285517.03,10.508,0.005,0.554,-0.146,-0.393,-0.344,4
2285517.049,10.355,-1.094,-0.411,-0.324,-0.568,-0.285,4
2285517.06,8.381,-0.875,-0.316,-1.071,-0.729,-0.088,4
2285517.07,7.826,-0.648,0.099,-1.244,-0.58,-0.051,4
2285517.09,7.579,-0.664,0.516,-1.37,-0.249,-0.116,4
2285517.1,8.051,-1.05,0.559,-1.38,-0.009,-0.124,4
2285517.109,9.348,-1.428,0.637,-1.39,0.225,-0.109,4
2285517.13,11.261,-1.744,0.807,-1.441,0.5,-0.161,4
2285517.14,10.934,-2.02,0.691,-1.503,0.52,-0.197,4
2285517.15,10.446,-2.202,0.513,-1.611,0.437,-0.2,4
2285517.16,10.061,-2.274,0.4,-1.742,0.308,-0.177,4
2285517.17,9.722,-2.241,0.315,-1.886,0.241,-0.13,4
2285517.18,9.382,-2.083,0.065,-1.93,0.375,-0.109,4
2285517.19,9.116,-1.771,-0.178,-1.933,0.629,-0.091,4
2285517.2,8.907,-1.365,-0.254,-1.909,0.883,-0.08,4
2285517.26,10.853,-1.156,1.355,-1.518,-0.47,-0.289,4
2285517.27,11.951,-1.342,1.035,-1.494,-0.709,-0.282,4
2285517.28,13.09,-1.227,1.643,-1.465,-0.866,-0.229,4
2285517.29,14.1,-1.234,2.584,-1.399,-1.102,-0.21,4
2285517.3,14.281,-1.284,3.611,-1.272,-1.25,-0.208,4
2285517.31,13.514,-1.37,4.331,-1.082,-1.307,-0.186,4
2285517.34,9.858,-2.843,2.471,-0.727,-0.316,-0.11,4
2285517.349,9.329,-3.071,1.974,-0.816,0.038,-0.071,4
2285517.36,8.925,-3.184,1.746,-0.92,0.162,-0.045,4
2285517.37,8.459,-3.351,1.793,-1.002,0.159,-0.038,4
2285517.39,7.333,-3.19,1.389,-1.057,0.209,-0.037,4
2285517.41,5.885,-2.607,1.025,-1.103,0.342,0.012,4
2285517.422,5.656,-2.172,1.26,-1.101,0.279,0.062,4
2285517.439,5.724,-1.442,1.984,-1.024,-0.001,0.15,4
2285517.46,6.217,-1,2.882,-0.805,-0.147,0.205,4
2285517.47,6.409,-0.742,3.344,-0.649,-0.165,0.232,4
2285517.479,6.552,-0.463,3.749,-0.48,-0.172,0.266,4
2285517.49,7.046,0.095,4.427,-0.317,-0.187,0.312,4
2285517.5,7.39,0.281,4.664,-0.09,-0.241,0.371,4
2285517.51,7.672,0.441,4.698,0.054,-0.263,0.398,4
2285517.519,7.938,0.586,4.618,0.193,-0.241,0.412,4
2285517.529,8.079,0.732,4.414,0.334,-0.178,0.41,4
2285517.54,8.38,0.93,4.242,0.481,-0.071,0.39,4
2285517.549,8.848,1.091,4.116,0.634,0.073,0.356,4
2285517.59,14.446,0.005,2.418,1.071,0.621,0.219,4
2285517.6,17.036,-0.829,1.815,1.099,0.719,0.191,4
2285517.61,19.373,-1.628,1.006,1.031,0.895,0.143,4
2285517.62,20.486,-2.283,0.154,0.903,1.042,0.098,4
2285517.63,20.105,-2.64,-0.332,0.752,1.216,-0.003,4
2285517.64,17.563,-2.35,-1.184,0.602,1.57,-0.121,4
2285517.649,13.739,-0.46,-10.396,0.312,3.33,-0.098,4
2285517.66,7.711,-2.111,-30.906,-0.761,2.564,0.005,4
2285517.67,8.292,-3.916,-22.704,-1.542,1.005,-0.046,4
2285517.68,8.523,-3.365,-13.546,-1.833,0.137,-0.167,4
2285517.699,8.538,-1.772,-1.826,-1.689,0.037,-0.405,4
2285517.71,10.072,-1.738,0.847,-1.387,-0.054,-0.431,4
2285517.73,12.982,-1.938,4.166,-0.782,-0.349,-0.512,4
2285517.74,12.509,-1.936,4.319,-0.525,-0.669,-0.478,4
2285517.749,12.081,-2.087,4.277,-0.299,-0.994,-0.429,4
2285517.76,11.897,-2.213,3.973,-0.09,-1.23,-0.384,4
2285517.77,11.971,-2.485,3.07,0.067,-1.334,-0.354,4
2285517.78,12.072,-2.909,2.037,0.143,-1.28,-0.351,4
2285517.79,12.075,-3.346,1.088,0.147,-1.082,-0.366,4
2285517.8,11.814,-3.665,0.233,0.078,-0.783,-0.375,4
2285517.81,11.526,-3.937,-0.426,-0.065,-0.415,-0.349,4
2285517.83,11.244,-4.967,-0.664,-0.761,0.08,-0.298,4
2285517.84,10.973,-5.481,-0.413,-1.073,0.016,-0.318,4
2285517.849,10.576,-5.906,-0.229,-1.362,-0.092,-0.35,4
2285517.86,9.788,-6.177,0.128,-1.575,-0.154,-0.357,4
2285517.87,8.821,-6.252,0.646,-1.671,-0.11,-0.334,4
2285517.88,7.78,-6.346,1.302,-1.642,0.041,-0.286,4
2285517.89,6.952,-6.521,2.159,-1.489,0.286,-0.223,4
2285517.9,6.438,-6.299,3.176,-1.233,0.494,-0.175,4
2285517.909,6.283,-5.706,3.533,-0.946,0.546,-0.132,4
2285517.919,6.492,-3.983,2.046,-0.71,0.405,-0.04,4
2285517.93,7.246,-3.174,0.692,-0.412,-0.188,0.102,4
2285517.939,7.933,-2.471,-0.828,-0.243,-0.578,0.182,4
2285517.949,8.367,-1.938,-1.942,-0.13,-0.844,0.239,4
2285517.96,8.693,-1.547,-2.683,-0.088,-0.984,0.277,4
2285517.97,8.939,-1.125,-3.417,-0.117,-1.026,0.284,4
2285517.99,8.688,-0.686,-2.883,-0.332,-0.966,0.235,4
2285518,8.608,-0.925,-1.591,-0.431,-0.939,0.199,4
2285518.02,7.953,-2.351,1.589,-0.466,-0.907,0.256,4
2285518.049,9.666,-3.337,4.083,-0.22,-0.657,0.454,4
2285518.06,9.865,-2.759,3.954,-0.161,-0.516,0.469,4
2285518.07,9.806,-2.214,3.385,-0.133,-0.316,0.475,4
2285518.079,9.5,-1.58,2.961,-0.137,-0.049,0.467,4
2285518.09,9.066,-0.734,3.025,-0.161,0.236,0.439,4
2285518.1,8.516,0.031,2.924,-0.225,0.473,0.392,4
2285518.11,7.731,0.582,2.61,-0.334,0.634,0.332,4
2285518.12,7.054,0.85,2.263,-0.463,0.717,0.275,4
2285518.13,7.117,1.01,1.949,-0.605,0.737,0.2,4
2285518.14,7.366,0.938,1.934,-0.742,0.714,0.106,4
2285518.15,7.457,0.868,1.953,-0.924,0.671,-0.046,4
2285518.16,7.253,0.97,1.744,-1.022,0.695,-0.128,4
2285518.17,7.068,1.195,1.763,-1.095,0.811,-0.164,4
2285518.19,8.431,2.03,3.361,-1.064,1.138,-0.123,4
2285518.2,11.027,2.111,3.376,-0.953,1.26,-0.097,4
2285518.21,14.847,1.544,2.527,-0.89,1.233,-0.115,4
2285518.23,20.408,-0.314,0.925,-1.004,0.849,-0.189,4
2285518.239,20.697,-0.408,0.691,-1.115,0.686,-0.157,4
2285518.249,21.268,-0.063,-7.826,-1.252,1.166,-0.145,4
2285518.279,9.287,-5.49,-6.743,-3.569,0.991,-0.663,4
2285518.3,8.877,-3.115,3.936,-2.666,1.034,-0.707,4
2285518.31,8.907,-1.039,6.312,-2.191,0.575,-0.69,4
2285518.32,7.878,2.073,7.401,-1.702,-0.064,-0.66,4
2285518.33,7.878,2.073,7.401,-1.254,-0.726,-0.583,4
2285518.339,7.593,2.704,7.04,-0.848,-1.216,-0.489,4
2285518.349,8.126,2.781,6.162,-0.502,-1.384,-0.396,4
2285518.36,11.06,1.633,3.173,-0.147,-0.932,-0.284,4
2285518.37,11.212,0.685,1.757,-0.033,-0.373,-0.233,4
2285518.38,10.812,-0.192,1.132,-0.018,0.125,-0.144,4
2285518.39,11.124,-1.185,0.295,-0.093,0.413,-0.089,4
2285518.4,10.967,-2.04,-0.613,-0.294,0.531,-0.094,4
2285518.41,10.439,-2.588,-1.111,-0.618,0.517,-0.131,4
2285518.419,9.515,-2.487,-0.891,-0.982,0.383,-0.155,4
2285518.43,8.668,-2.31,-0.558,-1.299,0.155,-0.17,4
2285518.44,8.235,-2.151,-0.388,-1.574,-0.068,-0.18,4
2285518.45,8.077,-2.163,-0.498,-1.828,-0.188,-0.201,4
2285518.46,8,-2.083,-0.378,-2.178,-0.099,-0.21,4
2285518.47,8.553,-2.321,-0.12,-2.371,0.07,-0.205,4
2285518.48,9.475,-2.754,0.115,-2.542,0.212,-0.208,4
2285518.49,10.194,-3.14,0.471,-2.685,0.285,-0.216,4
2285518.499,10.353,-3.789,1.042,-2.82,0.307,-0.221,4
2285518.51,10.353,-3.789,1.042,-2.844,0.3,-0.213,4
2285518.53,9.127,-3.577,1.827,-2.804,0.267,-0.139,4
2285518.54,8.564,-3.323,2.23,-2.712,0.269,-0.076,4
2285518.55,8.34,-3.026,2.551,-2.579,0.283,-0.011,4
2285518.56,8.854,-2.708,2.74,-2.419,0.278,0.038,4
2285518.57,9.15,-2.051,2.604,-2.258,0.195,0.071,4
2285518.579,9.418,-1.725,2.579,-2.024,-0.006,0.132,4
2285518.59,9.655,-1.472,2.594,-1.875,-0.158,0.175,4
2285518.6,9.74,-1.245,2.589,-1.725,-0.304,0.198,4
2285518.61,9.67,-1.215,2.465,-1.572,-0.406,0.192,4
2285518.62,9.751,-1.412,2.217,-1.428,-0.425,0.179,4
2285518.64,10.697,-1.439,2.177,-1.208,-0.318,0.204,4
2285518.65,11.41,-1.383,2.426,-1.114,-0.324,0.215,4
2285518.66,11.851,-1.282,2.706,-1.019,-0.393,0.204,4
2285518.67,12.021,-1.124,3.12,-0.92,-0.498,0.177,4
2285518.69,11.459,-0.713,4.115,-0.611,-0.718,0.159,4
2285518.699,11.469,-0.447,4.071,-0.5,-0.683,0.17,4
2285518.709,11.609,-0.415,3.395,-0.459,-0.5,0.192,4
2285518.72,11.732,-0.402,2.878,-0.477,-0.243,0.237,4
2285518.74,12.096,-0.238,2.592,-0.66,0.139,0.254,4
2285518.749,11.552,0.044,2.915,-0.71,0.172,0.23,4
2285518.76,10.483,0.11,2.656,-0.745,0.181,0.221,4
2285518.77,9.714,-0.149,1.696,-0.83,0.254,0.194,4
2285518.78,8.687,-0.894,0.089,-0.954,0.364,0.131,4
2285518.79,8.224,-1.743,-1.96,-1.173,0.674,0.024,4
2285518.8,7.705,-2.64,-3.926,-1.373,1.239,-0.038,4
2285518.81,6.213,-5.374,-13.938,-1.78,1.503,-0.059,4
2285518.82,7.75,-6.996,-13.231,-2.662,0.392,-0.021,4
2285518.829,8.484,-5.728,-4.767,-3.009,-0.299,-0.136,4
2285518.839,7.643,-4.395,1.396,-2.847,-0.374,-0.2,4
2285518.849,7.787,-3.292,5.052,-2.434,-0.191,-0.15,4
2285518.86,8.027,-2.139,7.17,-1.941,0.088,-0.065,4
2285518.87,8.64,-1.147,8.16,-1.458,0.293,0.038,4
2285518.88,9.261,-0.355,7.883,-1.074,0.313,0.127,4
2285518.89,9.341,0.011,7.002,-0.811,0.177,0.2,4
2285518.9,8.777,0.214,6.278,-0.536,-0.073,0.315,4
2285518.91,8.184,0.446,5.721,-0.329,-0.208,0.376,4
2285518.92,7.744,0.791,5.042,-0.131,-0.293,0.409,4
2285518.93,7.159,0.981,4.508,0.032,-0.329,0.428,4
2285518.95,6.737,1.271,4.115,0.312,-0.317,0.45,4
2285518.96,6.77,1.338,3.866,0.443,-0.276,0.461,4
2285518.969,6.909,1.383,3.473,0.554,-0.178,0.476,4
2285518.98,7.352,1.505,3.107,0.633,-0.018,0.478,4
2285518.989,8.147,1.605,2.797,0.673,0.178,0.448,4
2285519,10.071,1.646,1.985,0.659,0.432,0.326,4
2285519.01,10.944,1.633,1.46,0.593,0.559,0.214,4
2285519.02,11.902,1.478,1.09,0.502,0.663,0.095,4
2285519.029,13.488,1.141,0.852,0.41,0.77,-0.03,4
2285519.039,15.723,0.492,0.397,0.261,0.972,-0.227,4
2285519.05,18.595,-0.275,-0.177,0.197,1.055,-0.283,4
2285519.06,20.713,-0.984,-0.861,0.031,1.246,-0.367,4
2285519.069,20.912,-1.052,-1.501,-0.2,1.456,-0.39,4
2285519.079,19.128,-0.455,-2.69,-0.484,1.646,-0.404,4
2285519.09,13.79,0.22,-9.578,-0.892,2.306,-0.43,4
2285519.1,7.208,-3.125,-20.607,-1.73,2.889,-0.314,4
2285519.11,7.944,-5.483,-18.203,-3.366,1.473,-0.253,4
2285519.12,8.284,-4.952,-9.329,-3.652,1.179,-0.454,4
2285519.13,6.704,-4.434,-5.037,-3.498,1.525,-0.602,4
2285519.139,6.221,-4.064,-1.438,-3.083,1.699,-0.654,4
2285519.15,7.155,-2.982,2.557,-2.484,1.341,-0.669,4
2285519.16,7.571,-1.246,5.898,-1.76,0.658,-0.6,4
2285519.17,7.699,0.527,7.955,-0.985,-0.12,-0.437,4
2285519.18,7.988,1.598,9.08,-0.205,-0.839,-0.221,4
2285519.19,8.846,1.846,9.515,0.595,-1.267,-0.01,4
2285519.2,10.28,1.572,8.065,1.303,-1.21,0.129,4
2285519.21,11.798,0.494,4.918,1.853,-0.861,0.167,4
2285519.22,11.292,0.031,3.628,2.385,-0.45,0.101,4
2285519.23,10.563,-0.314,2.557,2.569,-0.402,0.073,4
2285519.25,9.589,-1.632,0.115,2.54,-0.54,0.157,4
2285519.26,9.634,-1.951,-0.488,2.365,-0.555,0.269,4
2285519.27,10.244,-1.819,-1.273,2.121,-0.583,0.352,4
2285519.28,10.885,-1.572,-2.133,1.737,-0.645,0.344,4
2285519.29,11.031,-1.517,-2.41,1.239,-0.694,0.246,4
2285519.3,10.596,-1.641,-1.986,0.765,-0.646,0.119,4
2285519.31,10.114,-1.567,-1.676,0.384,-0.488,0.007,4
2285519.32,9.473,-1.51,-1.531,0.037,-0.29,-0.086,4
2285519.33,9.048,-1.659,-1.398,-0.458,-0.056,-0.177,4
2285519.35,9.032,-2.045,-0.875,-1.024,0.087,-0.28,4
2285519.36,9.203,-2.278,-0.518,-1.263,0.095,-0.295,4
2285519.37,9.658,-2.479,-0.135,-1.463,0.101,-0.288,4
2285519.39,10.94,-2.781,0.272,-1.755,0.115,-0.234,4
2285519.4,11.165,-2.505,0.627,-1.828,0.131,-0.191,4
2285519.41,10.824,-1.885,1.123,-1.827,0.14,-0.133,4
2285519.42,9.6,-0.594,1.718,-1.757,0.132,-0.07,4
2285519.429,9.152,-0.013,1.925,-1.639,0.098,-0.029,4
2285519.45,8.954,0.791,2.889,-1.17,-0.178,-0.042,4
2285519.46,9.219,0.958,3.673,-0.905,-0.392,-0.085,4
2285519.47,9.557,0.842,4.275,-0.592,-0.634,-0.144,4
2285519.48,9.911,0.443,4.25,-0.261,-0.823,-0.205,4
2285519.49,10.193,-0.112,3.839,0.043,-0.881,-0.261,4
2285519.5,10.68,-0.725,2.98,0.29,-0.808,-0.32,4
2285519.51,11.062,-1.322,2.094,0.451,-0.633,-0.38,4
2285519.52,11.444,-2.051,1.399,0.519,-0.423,-0.414,4
2285519.53,11.823,-2.808,0.687,0.489,-0.221,-0.423,4
2285519.55,12.012,-4.208,-0.8,-0.195,0.335,-0.354,4
2285519.56,11.993,-4.924,-0.836,-0.622,0.424,-0.328,4
2285519.57,12.043,-5.546,-0.475,-0.999,0.367,-0.35,4
2285519.58,11.985,-6.204,-0.06,-1.299,0.25,-0.405,4
2285519.59,11.786,-6.918,0.303,-1.539,0.135,-0.481,4
2285519.6,11.226,-7.565,0.693,-1.721,0.087,-0.555,4
2285519.61,10.68,-8.289,1.268,-1.828,0.13,-0.625,4
2285519.62,10.032,-8.99,1.57,-1.875,0.248,-0.663,4
2285519.629,9.42,-9.479,1.305,-1.856,0.526,-0.654,4
2285519.65,8.644,-7.515,-3.999,-0.38,-0.094,-0.325,4
2285519.66,8.002,-5.64,-5.632,0.057,-1.566,-0.065,4
2285519.67,7.042,-4.691,-6.141,0.046,-2.106,0.11,4
2285519.69,7.426,-3.722,-5.983,-0.755,-1.199,0.436,4
2285519.7,8.093,-3.507,-5.06,-1.39,-0.49,0.496,4
2285519.71,8.171,-3.478,-3.16,-2.018,-0.106,0.459,4
2285519.72,7.621,-3.48,-0.765,-2.47,-0.09,0.393,4
2285519.739,8.192,-3.181,5.157,-2.761,-0.4,0.344,4
2285519.749,9.055,-2.695,8.171,-2.57,-0.706,0.327,4
2285519.76,9.67,-2.324,9.856,-2.048,-0.884,0.308,4
2285519.77,8.995,-1.288,10.259,-1.663,-0.843,0.393,4
2285519.78,8.405,-0.3,10.002,-1.287,-0.695,0.533,4
2285519.79,8.28,0.355,9.231,-0.94,-0.508,0.662,4
2285519.8,8.292,0.917,7.731,-0.662,-0.318,0.755,4
2285519.81,8.37,1.284,5.903,-0.483,-0.141,0.806,4
2285519.82,8.527,1.638,4.02,-0.411,-0.051,0.819,4
2285519.83,8.667,2.189,1.973,-0.44,-0.101,0.796,4
2285519.849,9.575,3.564,-1.356,-0.747,-0.202,0.672,4
2285519.86,10.487,4.962,-3.433,-1.05,0.241,0.494,4
2285519.87,10.039,4.923,-1.078,-1.169,0.73,0.39,4
2285519.89,9.124,3.738,3.73,-1.009,1.034,0.247,4
2285519.9,8.704,2.853,4.084,-0.885,0.947,0.184,4
2285519.91,8.29,1.884,3.898,-0.814,0.765,0.114,4
2285519.92,7.716,1.168,3.497,-0.771,0.55,0.043,4
2285519.929,6.993,0.806,2.532,-0.751,0.435,-0.02,4
2285519.94,6.276,0.647,1.61,-0.753,0.494,-0.053,4
2285519.95,6.106,0.569,1.124,-0.766,0.655,-0.046,4
2285519.98,16.655,-0.884,1.598,-0.765,0.886,0.012,4
2285519.99,20.391,-1.663,1.343,-0.79,0.93,-0.013,4
2285520,27.39,0.211,-23.384,-1.687,2.493,-0.178,4
2285520.01,25.696,-0.908,-38.508,-3.548,1.568,-0.456,4
2285520.02,15.209,-2.451,-9.41,-3.743,1.077,-0.46,4
2285520.04,11.071,-3.228,4.517,-2.538,0.947,-0.709,4
2285520.05,9.324,-2.555,5.425,-1.974,0.855,-0.78,4
2285520.06,7.875,-1.041,6.444,-1.411,0.601,-0.726,4
2285520.07,6.45,1.287,7.659,-0.846,0.205,-0.577,4
2285520.09,6.593,1.897,5.818,0.345,-0.536,-0.139,4
2285520.1,7.897,1.388,4.058,0.71,-0.575,-0.013,4
2285520.11,9.769,0.355,2.535,0.964,-0.43,0.002,4
2285520.12,10.703,-0.334,1.241,1.053,-0.262,-0.018,4
2285520.129,11.133,-0.933,0.087,0.956,-0.137,0.016,4
2285520.14,11.6,-1.322,-0.331,0.698,-0.098,0.1,4
2285520.15,12.284,-1.736,-0.596,0.365,-0.214,0.184,4
2285520.16,12.54,-2.479,-1.072,-0.036,-0.421,0.209,4
2285520.169,11.663,-2.628,-1.039,-0.445,-0.527,0.178,4
2285520.18,10.178,-2.102,-0.869,-0.755,-0.466,0.143,4
2285520.19,9.034,-1.768,-0.768,-1.119,-0.315,0.061,4
2285520.2,8.33,-1.416,-0.532,-1.317,-0.155,-0.018,4
2285520.21,7.85,-1.125,-0.553,-1.507,0.048,-0.103,4
2285520.22,7.551,-0.922,-0.618,-1.714,0.29,-0.117,4
2285520.24,9.543,-1.204,-0.45,-2.198,0.594,-0.123,4
2285520.25,10.613,-1.442,0.07,-2.435,0.516,-0.175,4
2285520.26,11.166,-1.779,0.754,-2.61,0.316,-0.223,4
2285520.27,11.268,-2.191,1.782,-2.691,0.078,-0.245,4
2285520.28,10.87,-2.516,2.936,-2.663,-0.108,-0.221,4
2285520.289,9.238,-2.424,2.418,-2.608,-0.147,-0.159,4
2285520.3,8.494,-2.283,2.14,-2.5,0.01,-0.045,4
2285520.31,8.093,-2.139,1.782,-2.41,0.182,0.012,4
2285520.32,8.107,-2.064,1.61,-2.319,0.347,0.032,4
2285520.33,8.154,-2.073,1.541,-2.225,0.476,0.016,4
2285520.34,8.105,-2.079,1.51,-2.142,0.547,-0.003,4
2285520.35,8.186,-2.052,1.561,-2.07,0.53,-0.005,4
2285520.36,8.475,-1.96,1.658,-2.002,0.434,0.002,4
2285520.37,8.735,-1.821,1.754,-1.928,0.286,0.015,4
2285520.38,8.945,-1.702,1.805,-1.85,0.107,0.024,4
2285520.389,9.146,-1.63,1.805,-1.775,-0.077,0.022,4
2285520.4,9.294,-1.665,1.764,-1.698,-0.228,0.011,4
2285520.409,9.459,-1.764,1.744,-1.604,-0.351,0.003,4
2285520.42,9.867,-1.799,1.891,-1.556,-0.395,0.008,4
2285520.43,10.691,-1.686,2.297,-1.506,-0.459,0.024,4
2285520.44,11.903,-1.46,3.069,-1.426,-0.569,0.036,4
2285520.449,13.5,-1.24,4.108,-1.295,-0.72,0.037,4
2285520.46,15.006,-1.036,5.01,-1.122,-0.846,0.042,4
2285520.47,15.833,-1.021,5.198,-0.951,-0.795,0.068,4
2285520.48,15.908,-1.411,3.755,-0.881,-0.412,0.1,4
2285520.49,15.481,-2.023,1.951,-0.924,0.201,0.082,4
2285520.5,11.605,-2.6,0.289,-1.018,0.687,0.019,4
2285520.509,10.325,-2.667,-0.017,-1.136,0.921,-0.006,4
2285520.52,9.796,-2.585,-0.192,-1.319,0.933,-0.006,4
2285520.53,9.104,-2.648,-1.859,-1.434,0.85,-0.011,4
2285520.539,8.275,-3.131,-4.849,-1.621,0.52,0.015,4
2285520.56,7.532,-2.948,-1.891,-1.946,-0.389,0.131,4
2285520.57,7.112,-2.19,1.173,-1.852,-0.36,0.197,4
2285520.58,6.947,-1.499,3.286,-1.64,-0.167,0.257,4
2285520.59,6.687,-1.036,4.047,-1.379,-0.021,0.297,4
2285520.6,6.251,-0.806,3.882,-1.14,-0.12,0.342,4
2285520.61,6.178,-0.58,3.86,-0.925,-0.39,0.371,4
2285520.62,6.412,-0.308,4.275,-0.649,-0.742,0.392,4
2285520.63,6.804,0.049,4.89,-0.469,-0.874,0.406,4
2285520.65,7.849,0.527,4.969,-0.193,-0.902,0.458,4
2285520.66,8.339,0.629,4.68,-0.115,-0.747,0.488,4
2285520.67,8.789,0.726,4.462,-0.055,-0.495,0.491,4
2285520.68,8.878,0.92,4.364,-0.004,-0.194,0.47,4
2285520.69,8.676,1.218,4.348,0.054,0.091,0.439,4
2285520.7,8.337,1.483,4.303,0.131,0.286,0.403,4
2285520.71,7.822,1.774,4.066,0.22,0.406,0.374,4
2285520.72,7.144,2.177,3.533,0.312,0.479,0.349,4
2285520.74,7.98,2.419,3.009,0.535,0.597,0.245,4
2285520.749,9.22,2.281,2.701,0.592,0.681,0.201,4
2285520.76,11.155,1.937,2.34,0.613,0.778,0.162,4
2285520.79,18.929,0.356,0.637,0.434,1.145,-0.003,4
2285520.8,20.006,0.012,-0.089,0.271,1.25,-0.042,4
2285520.81,19.612,-0.013,-0.483,0.073,1.343,-0.075,4
2285520.82,17.667,0.391,-0.532,-0.101,1.444,-0.142,4
2285520.87,7.672,-5.955,-9.883,-4.194,1.858,-0.497,4
2285520.88,7.106,-5.635,-4.653,-3.729,1.59,-0.683,4
2285520.89,8.412,-4.95,-0.231,-2.945,1.1,-0.866,4
2285520.9,8.794,-3.188,4.386,-1.946,0.583,-0.922,4
2285520.91,9.163,-0.801,8.641,-0.847,-0.032,-0.8,4
2285520.92,9.475,0.924,11.775,0.26,-0.746,-0.541,4
2285520.94,11.199,1.097,6.621,2.181,-1.443,-0.031,4
2285520.95,10.903,0.314,4.221,2.562,-1.157,0.048,4
2285520.96,10.227,-0.47,1.65,2.75,-0.76,0.057,4
2285520.97,9.197,-1.134,-1.189,2.712,-0.439,0.047,4
2285520.979,8.513,-1.328,-3.109,2.25,-0.252,0.175,4
2285520.99,8.765,-1.2,-3.512,2.048,-0.288,0.238,4
2285521,9.98,-1.438,-2.968,1.599,-0.494,0.325,4
2285521.01,10.905,-1.525,-1.886,1.133,-0.765,0.3,4
2285521.02,10.791,-1.445,-1.161,0.698,-1.001,0.214,4
2285521.04,9.861,-1.349,-0.785,-0.052,-1.081,0.066,4
2285521.05,9.399,-1.414,-0.448,-0.464,-0.74,-0.045,4
2285521.059,9.202,-1.593,-0.046,-0.67,-0.421,-0.128,4
2285521.07,9.333,-1.776,0.206,-0.844,-0.128,-0.185,4
2285521.08,9.784,-1.88,0.636,-0.988,0.015,-0.213,4
2285521.09,10.474,-2.108,1.047,-1.106,0.023,-0.237,4
2285521.1,11.233,-2.23,1.205,-1.216,-0.05,-0.266,4
2285521.11,11.526,-2.383,1.379,-1.318,-0.131,-0.285,4
2285521.119,11.569,-2.468,1.345,-1.405,-0.173,-0.296,4
2285521.129,11.143,-2.361,1.223,-1.478,-0.159,-0.305,4
2285521.14,10.298,-2.275,1.395,-1.504,-0.112,-0.295,4
2285521.15,9.268,-2.102,2.238,-1.44,-0.086,-0.263,4
2285521.16,9.081,-1.959,2.771,-1.327,-0.122,-0.255,4
2285521.17,8.976,-1.948,3.124,-1.176,-0.187,-0.258,4
2285521.18,9.17,-2.153,3.26,-1.002,-0.257,-0.274,4
2285521.19,9.575,-2.466,3.07,-0.831,-0.304,-0.296,4
2285521.2,10.105,-2.838,2.66,-0.687,-0.301,-0.314,4
2285521.21,10.66,-3.195,2.168,-0.586,-0.237,-0.327,4
2285521.24,11.941,-4.331,1.035,-0.586,0.114,-0.255,4
2285521.25,12.163,-4.7,0.941,-0.672,0.219,-0.205,4
2285521.259,12.092,-4.976,0.945,-0.755,0.308,-0.17,4
2285521.27,11.569,-5.156,0.928,-0.833,0.404,-0.177,4
2285521.28,10.852,-5.289,0.797,-0.86,0.451,-0.195,4
2285521.29,10.25,-5.47,0.685,-0.861,0.519,-0.213,4
2285521.3,10.034,-6.125,0.449,-0.759,0.87,-0.252,4
2285521.31,9.855,-6.908,0.333,-0.506,1.556,-0.301,4
2285521.319,9.424,-7.694,-0.348,-0.005,1.437,-0.307,4
2285521.35,8.126,-5.004,-7.952,0.853,-2.479,0.126,4
2285521.359,8.126,-5.004,-7.952,0.413,-2.043,0.221,4
2285521.37,8.95,-4.226,-7.683,-0.71,-1.126,0.346,4
2285521.38,9.434,-4.146,-6.143,-1.611,-0.034,0.302,4
2285521.39,9.268,-4.507,-3.798,-2.359,-0.024,0.209,4
2285521.4,8.3,-4.781,-1.105,-2.864,-0.269,0.117,4
2285521.41,7.751,-4.583,2.845,-3.093,-0.378,0.092,4
2285521.42,8.406,-3.959,7.964,-2.952,-0.434,0.082,4
2285521.429,8.304,-2.815,9.209,-2.565,-0.42,0.068,4
2285521.44,7.657,-1.854,9.575,-2.169,-0.367,0.111,4
2285521.45,7.004,-0.731,9.13,-1.799,-0.446,0.204,4
2285521.459,6.599,0.168,8.489,-1.473,-0.511,0.337,4
2285521.47,6.464,0.807,7.633,-1.175,-0.529,0.467,4
2285521.48,6.443,1.016,6.56,-0.768,-0.52,0.625,4
2285521.49,6.704,0.767,5.002,-0.564,-0.448,0.691,4
2285521.5,7.112,0.247,3.167,-0.458,-0.335,0.715,4
2285521.51,7.603,-0.323,1.626,-0.435,-0.254,0.709,4
2285521.519,8.143,-0.883,0.238,-0.479,-0.227,0.69,4
2285521.54,9.319,-0.549,0.421,-0.558,0.273,0.575,4
2285521.55,9.307,0.392,2.445,-0.511,0.608,0.506,4
2285521.559,8.922,1.191,4.086,-0.429,0.762,0.464,4
2285521.57,8.65,1.738,4.857,-0.35,0.749,0.444,4
2285521.58,8.688,2.273,4.852,-0.288,0.61,0.439,4
2285521.59,8.916,2.373,4.489,-0.197,0.375,0.385,4
2285521.6,8.813,2.551,3.693,-0.148,0.321,0.324,4
2285521.61,8.876,2.719,2.93,-0.112,0.395,0.269,4
2285521.62,9.519,2.787,2.443,-0.077,0.561,0.216,4
2285521.63,11.997,2.471,1.615,-0.053,0.796,0.194,4
2285521.639,30.663,6.877,-37.17,-0.395,1.1,0.109,4
2285521.65,35.107,3.821,-39.595,-3.894,0.887,-0.974,4
2285521.659,16.482,1.528,-3.677,-5.023,1.91,-0.919,4
2285521.67,13.434,0.598,7.062,-4.465,2.671,-0.332,4
2285521.68,11.484,-0.878,7.272,-3.737,2.181,-0.177,4
2285521.69,8.636,-1.978,2.863,-3.076,1.28,-0.293,4
2285521.7,5.345,-2.927,-2.507,-2.315,0.88,-0.6,4
2285521.71,3.085,-3.624,-3.398,-1.724,1.062,-0.678,4
2285521.72,3.63,-2.648,1.024,-1.035,0.634,-0.621,4
2285521.73,4.781,-0.781,4.816,-0.399,-0.051,-0.455,4
2285521.74,5.751,0.776,6.746,0.156,-0.546,-0.247,4
2285521.75,7.623,1.99,6.633,0.589,-0.715,-0.09,4
2285521.759,10.214,2.216,5.254,0.875,-0.607,0.003,4
2285521.77,13.741,1.541,3.51,1.065,-0.378,0.026,4
2285521.78,16.143,0.288,1.603,1.155,-0.15,0.015,4
2285521.79,14.108,-1.541,-2.562,1.071,-0.023,-0.026,4
2285521.8,11.881,-1.429,-2.77,0.819,-0.068,-0.067,4
2285521.81,11.113,-1.523,-2.687,0.255,-0.255,-0.02,4
2285521.82,10.576,-1.855,-2.404,-0.213,-0.264,0.021,4
2285521.84,8.73,-2.064,-1.323,-1.051,-0.105,0.046,4
2285521.85,7.606,-1.727,-0.623,-1.312,-0.078,0.009,4
2285521.859,6.707,-1.312,-0.009,-1.467,-0.039,-0.048,4
2285521.87,6.431,-1.03,0.344,-1.55,0.001,-0.114,4
2285521.88,6.543,-0.923,0.446,-1.606,0.081,-0.172,4
2285521.89,7.141,-0.945,0.416,-1.688,0.211,-0.165,4
2285521.9,8.641,-1.14,0.204,-1.83,0.323,-0.128,4
2285521.91,10.358,-1.436,0.507,-2.063,0.39,-0.125,4
2285521.919,11.802,-1.694,1.261,-2.162,0.368,-0.155,4
2285521.93,12.612,-1.965,1.66,-2.218,0.291,-0.184,4
2285521.94,12.355,-2.081,1.66,-2.255,0.238,-0.172,4
2285521.95,11.005,-1.854,1.444,-2.272,0.275,-0.1,4
2285521.96,9.747,-1.44,1.233,-2.255,0.382,-0.02,4
2285521.97,8.84,-1.118,1.195,-2.206,0.477,0.022,4
2285521.98,8.159,-0.819,1.217,-2.131,0.522,0.038,4
2285521.99,7.704,-0.557,1.143,-2.048,0.534,0.048,4
2285522,7.686,-0.414,0.977,-1.964,0.55,0.056,4
2285522.01,8.732,-0.052,0.901,-1.881,0.567,0.065,4
2285522.02,9.524,0.048,1.13,-1.731,0.552,0.087,4
2285522.029,10.161,0.027,1.476,-1.605,0.466,0.079,4
2285522.05,10.504,-0.443,1.654,-1.337,0.057,-0.031,4
2285522.06,10.302,-0.704,1.339,-1.235,-0.141,-0.067,4
2285522.07,10.328,-0.955,0.978,-1.171,-0.256,-0.068,4
2285522.08,10.652,-1.061,0.754,-1.142,-0.305,-0.038,4
2285522.09,11.266,-0.919,0.787,-1.137,-0.356,0.005,4
2285522.1,11.846,-0.785,0.938,-1.133,-0.426,0.025,4
2285522.11,12.052,-0.818,0.98,-1.123,-0.48,-0.004,4
2285522.12,12.147,-1.031,0.916,-1.119,-0.494,-0.071,4
2285522.131,12.131,-1.288,0.795,-1.147,-0.453,-0.188,4
2285522.14,12.211,-1.569,0.757,-1.196,-0.412,-0.233,4
2285522.16,12.863,-2.079,1.378,-1.293,-0.319,-0.236,4
2285522.17,13.199,-2.599,1.124,-1.377,-0.162,-0.249,4
2285522.19,11.481,-3.633,-0.026,-1.762,0.293,-0.233,4
2285522.2,10.613,-3.877,0.015,-1.953,0.392,-0.217,4
2285522.21,9.628,-3.982,0.317,-2.042,0.379,-0.208,4
2285522.22,8.652,-3.91,0.26,-2.032,0.18,-0.172,4
2285522.23,7.599,-3.774,0.115,-1.962,-0.138,-0.104,4
2285522.25,6.865,-2.748,2.767,-1.428,-0.515,0.093,4
2285522.26,6.763,-2.264,3.354,-1.143,-0.524,0.138,4
2285522.27,6.758,-1.984,3.49,-0.897,-0.533,0.178,4
2285522.28,6.963,-1.781,3.835,-0.683,-0.611,0.23,4
2285522.29,7.325,-1.619,4.132,-0.481,-0.735,0.287,4
2285522.3,7.833,-1.42,4.274,-0.294,-0.808,0.334,4
2285522.31,8.276,-1.172,4.235,-0.126,-0.79,0.368,4
2285522.32,8.381,-0.933,4.025,-0.001,-0.686,0.393,4
2285522.33,8.422,-0.587,3.748,0.057,-0.531,0.409,4
2285522.34,8.296,-0.232,3.507,0.042,-0.308,0.434,4
2285522.36,8.037,0.364,3.586,-0.013,-0.155,0.473,4
2285522.37,8.109,0.579,3.706,-0.011,-0.111,0.472,4
2285522.38,8.273,0.771,3.69,0.013,-0.049,0.447,4
2285522.39,8.239,0.984,3.453,0.045,0.061,0.407,4
2285522.4,8.021,1.222,3.176,0.073,0.224,0.375,4
2285522.41,7.946,1.498,3.042,0.101,0.399,0.348,4
2285522.42,8.131,1.818,2.994,0.125,0.563,0.325,4
2285522.43,8.45,2.067,2.825,0.133,0.706,0.29,4
2285522.44,9.562,2.284,2.634,0.13,0.782,0.243,4
2285522.459,12.849,1.746,2.369,0.156,0.664,0.144,4
2285522.469,15.228,1.13,1.735,0.152,0.628,0.112,4
2285522.48,17.405,0.568,0.842,0.102,0.66,0.086,4
2285522.49,18.837,0.168,0.029,0.004,0.779,0.059,4
2285522.5,18.577,0.154,-0.537,-0.111,0.99,0.002,4
2285522.51,16.277,0.575,-1.066,-0.214,1.305,-0.112,4
2285522.53,8.21,-1.686,-22.935,-0.967,3.37,-0.133,4
2285522.54,10.159,-5.125,-26.531,-2.542,2.459,-0.092,4
2285522.57,8.8,-2.836,3.195,-2.577,1.221,-0.471,4
2285522.579,9.774,-1.599,6.295,-1.799,0.88,-0.463,4
2285522.59,10.908,0.41,8.118,-0.935,0.387,-0.395,4
2285522.6,10.729,1.857,8.707,-0.066,-0.111,-0.23,4
2285522.61,10.662,2.231,7.833,0.737,-0.432,-0.049,4
2285522.62,10.256,1.826,5.299,1.354,-0.506,0.054,4
2285522.63,9.258,1.271,-0.822,1.66,-0.426,0.112,4
2285522.65,9.629,0.835,-2.135,1.619,-0.462,0.068,4
2285522.66,9.949,0.328,-1.847,1.473,-0.584,0.035,4
2285522.67,10.231,0.1,-1.298,1.23,-0.718,0.035,4
2285522.68,10.305,-0.247,-1.123,1.007,-0.805,0.063,4
2285522.69,10.469,-0.251,-1.067,0.75,-0.829,0.108,4
2285522.7,10.779,-0.518,-0.955,0.466,-0.794,0.114,4
2285522.71,10.856,-0.984,-0.548,0.206,-0.681,0.051,4
2285522.72,10.441,-1.377,-0.383,0.009,-0.517,-0.048,4
2285522.73,9.945,-1.655,-0.365,-0.155,-0.345,-0.125,4
2285522.74,9.603,-1.831,-0.123,-0.306,-0.184,-0.156,4
2285522.75,9.681,-1.946,0.01,-0.448,-0.064,-0.153,4
2285522.759,10.043,-2.065,0.034,-0.592,-0.005,-0.144,4
2285522.77,10.237,-2.119,-0.044,-0.814,-0.01,-0.149,4
2285522.789,10.27,-1.948,-0.032,-1.092,-0.071,-0.134,4
2285522.8,10.247,-1.658,0.286,-1.189,-0.13,-0.123,4
2285522.809,10.026,-1.249,0.68,-1.237,-0.204,-0.113,4
2285522.819,9.739,-0.854,1.097,-1.228,-0.286,-0.104,4
2285522.83,9.628,-0.503,1.599,-1.169,-0.378,-0.107,4
2285522.84,9.661,-0.171,2.404,-1.035,-0.478,-0.121,4
2285522.849,9.63,0.045,3.466,-0.815,-0.566,-0.144,4
2285522.86,9.458,0.151,4.325,-0.533,-0.621,-0.158,4
2285522.87,9.541,0.264,3.706,-0.244,-0.604,-0.163,4
2285522.89,10.383,-0.059,2.69,0.227,-0.159,-0.13,4
2285522.9,10.659,-0.459,2.313,0.337,0.013,-0.12,4
2285522.91,10.577,-0.825,1.965,0.401,0.135,-0.115,4
2285522.919,10.25,-1.086,1.462,0.41,0.221,-0.113,4
2285522.93,9.851,-1.353,0.97,0.35,0.27,-0.12,4
2285522.94,9.462,-1.636,0.658,0.244,0.278,-0.128,4
2285522.949,9.257,-1.931,0.482,0.118,0.237,-0.137,4
2285522.96,9.271,-2.257,0.347,-0.011,0.158,-0.153,4
2285522.97,9.453,-2.598,0.226,-0.14,0.067,-0.184,4
2285522.99,9.955,-3.326,0.103,-0.495,-0.068,-0.296,4
2285523,10.109,-3.716,0.118,-0.643,-0.07,-0.326,4
2285523.01,10.216,-4.105,0.161,-0.797,-0.043,-0.337,4
2285523.019,10.36,-4.53,0.223,-0.957,0.004,-0.326,4
2285523.032,11.06,-5.323,0.596,-1.117,0.074,-0.307,4
2285523.04,11.06,-5.323,0.596,-1.264,0.164,-0.285,4
2285523.049,11.503,-5.881,0.856,-1.385,0.271,-0.269,4
2285523.06,11.793,-6.421,1.11,-1.465,0.376,-0.269,4
2285523.07,11.753,-6.838,1.157,-1.509,0.484,-0.283,4
2285523.08,11.425,-7.018,0.963,-1.516,0.618,-0.315,4
2285523.09,9.374,-7.007,0.935,-1.428,0.924,-0.345,4
2285523.1,7.997,-6.45,0.802,-1.16,1.495,-0.309,4
2285523.11,6.942,-5.339,0.719,-0.993,1.599,-0.209,4
2285523.119,6.937,-3.662,-0.26,-0.834,1.173,-0.045,4
2285523.132,8.24,-1.838,-2.2,-0.662,0.254,0.152,4
2285523.149,10.255,-0.667,-3.866,-0.447,-1.335,0.437,4
2285523.16,10.53,-0.952,-3.35,-0.428,-1.461,0.494,4
2285523.17,10.575,-1.161,-2.455,-0.472,-1.253,0.497,4
2285523.179,10.474,-1.161,-1.714,-0.562,-0.924,0.454,4
2285523.19,10.215,-0.984,-1.097,-0.694,-0.684,0.383,4
2285523.2,9.954,-0.721,-0.459,-0.837,-0.653,0.307,4
2285523.21,9.467,-0.541,0.182,-0.981,-0.931,0.25,4
2285523.22,9.165,-0.703,0.527,-1.023,-1.109,0.265,4
2285523.23,9.203,-1.292,0.883,-1.029,-1.196,0.283,4
2285523.24,9.313,-2.172,1.357,-0.999,-1.215,0.271,4
2285523.249,9.098,-2.878,1.67,-0.954,-1.139,0.263,4
2285523.26,8.688,-3.258,1.97,-0.9,-0.991,0.29,4
2285523.27,8.567,-3.337,2.222,-0.855,-0.822,0.341,4
2285523.28,8.619,-3.092,2.251,-0.833,-0.64,0.391,4
2285523.289,8.788,-2.628,2.194,-0.825,-0.45,0.429,4
2285523.3,9.401,-1.031,2.083,-0.83,-0.229,0.445,4
2285523.31,9.393,-0.175,3.217,-0.831,0.097,0.412,4
2285523.32,9.091,0.498,4.648,-0.791,0.47,0.381,4
2285523.33,8.488,1.167,5.483,-0.717,0.513,0.363,4
2285523.36,6.899,1.879,4.866,-0.501,0.154,0.378,4
2285523.37,6.455,1.848,4.451,-0.45,0.101,0.346,4
2285523.38,5.764,1.976,3.909,-0.396,0.162,0.315,4
2285523.39,5.249,2.194,3.77,-0.328,0.345,0.292,4
2285523.4,5.034,2.527,4.166,-0.222,0.616,0.263,4
2285523.41,5.046,2.903,4.712,-0.066,0.922,0.221,4
2285523.42,6.151,3.06,4.216,0.17,1.215,0.171,4
2285523.43,9.746,2.725,3.319,0.239,1.229,0.154,4
2285523.46,29.673,0.183,-17.096,-1.23,1.324,-0.258,4
2285523.47,29.16,-0.73,-38.595,-4.008,0.696,-0.671,4
2285523.49,13.156,-2.554,4.183,-4.149,1.617,-0.224,4
2285523.5,12.361,-2.778,4.215,-3.644,1.737,-0.332,4
2285523.51,10.144,-2.805,0.964,-3.263,1.924,-0.492,4
2285523.539,6.298,1.573,6.224,-1.382,0.417,-0.574,4
2285523.58,11.589,1.357,2.843,0.717,-0.01,-0.299,4
2285523.599,11.748,0.216,1.062,0.907,-0.147,-0.285,4
2285523.61,11.691,-0.444,0.117,0.783,-0.345,-0.158,4
2285523.62,11.503,-0.571,-0.37,0.562,-0.51,-0.063,4
2285523.629,10.411,-0.605,-0.488,0.2,-0.605,-0.039,4
2285523.64,8.872,-0.573,-0.546,-0.008,-0.56,-0.033,4
2285523.66,6.86,-0.586,-0.593,-0.331,-0.273,-0.052,4
2285523.67,6.768,-0.616,-0.414,-0.437,-0.095,-0.091,4
2285523.68,7.588,-0.746,-0.475,-0.552,0.093,-0.136,4
2285523.69,8.611,-0.741,-0.554,-0.696,0.244,-0.151,4
2285523.7,9.731,-0.709,-0.465,-0.853,0.338,-0.148,4
2285523.71,11.088,-0.825,-0.253,-1.013,0.36,-0.175,4
2285523.72,12.069,-1.051,-0.048,-1.189,0.324,-0.235,4
2285523.729,12.158,-1.321,0.129,-1.378,0.233,-0.271,4
2285523.74,10.582,-1.716,0.056,-1.676,0.104,-0.247,4
2285523.749,9.797,-1.902,0.137,-1.829,0.111,-0.233,4
2285523.76,9.043,-1.982,0.21,-1.925,0.159,-0.224,4
2285523.77,8.447,-2.023,0.295,-1.982,0.233,-0.214,4
2285523.78,8.193,-2.102,0.356,-2.013,0.318,-0.195,4
2285523.789,8.373,-2.169,0.465,-2.027,0.394,-0.167,4
2285523.8,8.812,-2.172,0.59,-2.031,0.429,-0.128,4
2285523.81,9.349,-2.059,0.782,-2.022,0.411,-0.084,4
2285523.82,9.852,-1.807,1.027,-1.998,0.33,-0.04,4
2285523.829,10.046,-1.538,1.333,-1.916,0.142,-0.004,4
2285523.849,9.435,-1.184,1.698,-1.73,-0.098,0.021,4
2285523.86,9.116,-1.052,1.791,-1.618,-0.192,0.051,4
2285523.87,9.119,-0.912,1.925,-1.491,-0.281,0.076,4
2285523.88,9.606,-0.708,2.14,-1.348,-0.368,0.085,4
2285523.889,10.137,-0.444,2.322,-1.19,-0.445,0.073,4
2285523.9,10.619,-0.167,2.506,-1.018,-0.495,0.029,4
2285523.91,10.736,-0.034,2.57,-0.844,-0.502,-0.03,4
2285523.92,10.41,-0.023,2.385,-0.691,-0.444,-0.073,4
2285523.93,10.161,-0.081,2.01,-0.572,-0.334,-0.092,4
2285523.94,10.374,-0.278,1.703,-0.481,-0.221,-0.104,4
2285523.95,11.35,-0.636,1.471,-0.418,-0.159,-0.118,4
2285523.96,11.713,-0.801,1.449,-0.362,-0.221,-0.13,4
2285523.97,11.935,-1.073,1.283,-0.355,-0.332,-0.128,4
2285523.98,12.04,-1.517,0.95,-0.388,-0.432,-0.125,4
2285523.989,12.02,-2.058,0.491,-0.474,-0.48,-0.123,4
2285524,11.836,-2.557,-0.049,-0.631,-0.467,-0.116,4
2285524.01,11.577,-2.891,-0.57,-0.873,-0.403,-0.101,4
2285524.02,11.198,-3.24,-0.858,-1.198,-0.31,-0.078,4
2285524.03,10.853,-3.716,-0.71,-1.546,-0.234,-0.047,4
2285524.039,10.535,-4.11,-0.343,-1.855,-0.176,-0.043,4
2285524.05,10.165,-4.325,0.159,-2.1,-0.128,-0.073,4
2285524.059,9.678,-4.458,0.695,-2.351,-0.118,-0.131,4
2285524.07,9.097,-4.543,1.32,-2.443,-0.099,-0.138,4
2285524.08,8.569,-4.592,1.708,-2.494,-0.055,-0.131,4
2285524.09,8.179,-4.388,1.991,-2.506,0.017,-0.131,4
2285524.1,7.742,-3.794,2.12,-2.459,0.142,-0.122,4
2285524.11,7.438,-2.643,1.877,-2.286,0.568,-0.079,4
2285524.12,7.7,-1.559,2.177,-1.984,1.114,-0.037,4
2285524.129,8.239,-0.836,3.19,-1.593,1.367,-0.031,4
2285524.14,8.607,-0.382,3.895,-1.122,1.24,-0.036,4
2285524.15,7.974,-2.126,-0.654,-0.598,0.384,-0.009,4
2285524.17,8.35,-3.226,-2.117,-0.063,-1.181,0.213,4
2285524.18,8.729,-3.186,-0.739,-0.109,-1.098,0.233,4
2285524.19,8.844,-2.944,0.568,-0.198,-0.761,0.255,4
2285524.2,8.856,-2.426,1.888,-0.271,-0.465,0.301,4
2285524.21,8.976,-1.985,2.703,-0.263,-0.322,0.36,4
2285524.22,9.144,-1.541,3.356,-0.191,-0.288,0.432,4
2285524.23,9.171,-0.87,4.088,-0.08,-0.243,0.48,4
2285524.25,8.394,0.533,5.123,0.086,-0.08,0.567,4
2285524.259,7.975,1.052,5.067,0.181,-0.125,0.609,4
2285524.269,7.74,1.392,4.663,0.271,-0.192,0.613,4
2285524.28,7.75,1.614,4.252,0.351,-0.167,0.521,4
2285524.29,7.578,1.891,3.693,0.371,-0.013,0.41,4
2285524.299,7.386,2.192,3.282,0.385,0.201,0.305,4
2285524.31,7.368,2.433,3.005,0.406,0.393,0.247,4
2285524.32,7.758,2.534,2.828,0.426,0.524,0.252,4
2285524.329,8.799,2.548,2.668,0.432,0.602,0.274,4
2285524.34,10.149,2.471,2.48,0.424,0.646,0.272,4
2285524.35,13.495,1.564,1.505,0.392,0.674,0.217,4
2285524.36,13.495,1.564,1.505,0.327,0.703,0.107,4
2285524.37,15.448,0.98,0.942,0.24,0.768,-0.035,4
2285524.38,18.866,-0.193,-0.393,0.134,0.892,-0.168,4
2285524.39,18.768,-0.425,-0.891,-0.071,1.214,-0.276,4
2285524.4,16.788,-0.112,-1.005,-0.217,1.486,-0.275,4
2285524.459,8.608,-3.944,-0.536,-3.512,0.949,-0.36,4
2285524.469,10.759,-2.216,6.523,-2.819,1.024,-0.473,4
2285524.48,12.106,-0.094,9.567,-1.903,0.692,-0.539,4
2285524.49,12.354,1.819,10.731,-0.498,0.103,-0.499,4
2285524.5,11.014,3.063,10.613,0.37,-0.889,-0.34,4
2285524.51,9.784,3.386,8.984,1.11,-1.285,-0.183,4
2285524.529,8.514,2.607,3.859,1.94,-0.972,-0.111,4
2285524.54,8.265,2.14,2.345,2.092,-0.608,-0.14,4
2285524.55,7.968,1.532,1.652,2.158,-0.384,-0.111,4
2285524.56,8.219,0.743,0.879,2.125,-0.301,-0.037,4
2285524.57,9.052,-0.017,0.05,1.975,-0.256,0.032,4
2285524.58,10.061,-0.385,-0.602,1.74,-0.211,0.051,4
2285524.59,10.618,-0.845,-1.908,1.4,-0.2,0.022,4
2285524.6,10.249,-1.221,-2.086,0.743,-0.216,-0.029,4
2285524.61,10.048,-1.32,-2.1,0.286,-0.207,-0.06,4
2285524.62,9.926,-1.208,-1.924,-0.171,-0.161,-0.109,4
2285524.63,9.952,-1.525,-1.465,-0.588,-0.106,-0.159,4
2285524.641,10.19,-2.073,-1.05,-0.922,-0.08,-0.218,4
2285524.65,10.537,-2.478,-0.728,-1.186,-0.068,-0.28,4
2285524.66,10.524,-2.672,-0.57,-1.403,-0.038,-0.329,4
2285524.67,10.126,-2.769,-0.576,-1.59,0.047,-0.349,4
2285524.68,9.74,-2.834,-0.514,-1.753,0.18,-0.338,4
2285524.69,9.655,-2.917,-0.482,-1.884,0.324,-0.306,4
2285524.7,9.785,-2.964,-0.47,-1.993,0.459,-0.278,4
2285524.71,9.941,-2.887,-0.593,-2.068,0.632,-0.246,4
2285524.719,10.013,-2.765,-0.693,-2.015,1.227,-0.215,4
2285524.73,9.999,-2.534,-0.344,-1.899,1.611,-0.19,4
2285524.749,9.822,-1.263,1.622,-1.567,1.294,-0.184,4
2285524.76,9.907,-0.71,2.501,-1.357,0.66,-0.188,4
2285524.769,9.816,-0.229,3.157,-1.112,-0.065,-0.175,4
2285524.779,9.332,0.173,3.649,-0.831,-0.712,-0.123,4
2285524.789,9.158,0.453,4.042,-0.524,-1.233,-0.057,4
2285524.8,9.381,0.553,4.253,-0.212,-1.63,-0.019,4
2285524.809,9.473,0.408,4.343,0.09,-1.92,-0.013,4
2285524.819,9.469,0.297,3.976,0.373,-2.084,-0.031,4
2285524.829,9.475,0.031,3.431,0.72,-2.009,-0.078,4
2285524.841,9.41,-0.383,2.99,0.886,-1.692,-0.107,4
2285524.849,9.346,-0.71,2.683,1,-1.208,-0.104,4
2285524.86,9.668,-0.972,2.228,1.06,-0.649,-0.073,4
2285524.87,10.087,-1.251,1.959,1.05,-0.147,-0.025,4
2285524.88,10.49,-1.34,1.909,0.971,0.224,0.025,4
2285524.89,10.861,-1.405,1.389,0.788,0.495,0.056,4
2285524.899,10.825,-1.581,1.218,0.454,0.655,0.047,4
2285524.91,10.208,-1.661,1.727,0.067,0.579,0.015,4
2285524.92,9.142,-1.692,2.451,-0.249,0.269,-0.024,4
2285524.929,8.031,-1.891,2.85,-0.535,-0.09,-0.064,4
2285524.94,7.367,-2.155,3.231,-0.632,-0.12,-0.068,4
2285524.95,7.357,-2.394,3.679,-0.651,-0.09,-0.073,4
2285524.96,7.939,-2.528,3.866,-0.614,-0.058,-0.088,4
2285524.97,8.774,-2.601,3.81,-0.546,-0.034,-0.102,4
2285524.98,9.429,-2.584,3.699,-0.462,-0.02,-0.087,4
2285524.99,9.991,-2.542,3.533,-0.366,-0.01,-0.045,4
2285525,10.414,-2.482,3.274,-0.26,0.004,0.004,4
2285525.01,10.669,-2.391,2.933,-0.151,0.042,0.042,4
2285525.02,10.625,-2.239,2.476,-0.046,0.115,0.067,4
2285525.041,9.847,-1.666,1.414,0.167,0.34,0.09,4
2285525.06,9.769,-1.444,1.071,0.288,0.446,0.098,4
2285525.07,9.949,-1.422,1.007,0.335,0.454,0.1,4
2285525.09,10.364,-1.537,0.831,0.409,0.389,0.086,4
2285525.099,10.535,-1.647,0.63,0.431,0.355,0.073,4
2285525.109,10.664,-1.805,0.425,0.44,0.334,0.057,4
2285525.12,10.712,-1.934,0.232,0.436,0.334,0.038,4
2285525.129,10.759,-2.007,-0.128,0.421,0.374,0.023,4
2285525.159,11.84,-1.882,-1.141,0.402,1.111,-0.03,4
2285525.169,12.593,-1.273,-3.215,0.367,0.646,-0.097,4
2285525.18,13.335,-0.752,-6.226,0.309,-0.227,-0.144,4
2285525.19,13.317,-1.012,-6.879,0.162,-0.904,-0.158,4
2285525.2,12.822,-1.322,-6.573,-0.069,-1.139,-0.166,4
2285525.21,12.662,-1.71,-6.073,-0.396,-1.065,-0.188,4
2285525.219,12.676,-2.185,-5.223,-0.741,-0.888,-0.217,4
2285525.229,12.628,-2.88,-4.006,-1.027,-0.752,-0.244,4
2285525.239,12.44,-3.749,-2.731,-1.251,-0.668,-0.271,4
2285525.25,11.787,-5.399,0.728,-1.462,-0.695,-0.308,4
2285525.26,10.829,-6.191,1.677,-1.46,-0.8,-0.319,4
2285525.269,9.178,-6.589,1.443,-1.437,-0.77,-0.287,4
2285525.28,7.898,-6.553,0.693,-1.434,-0.672,-0.205,4
2285525.29,7.356,-6.252,-0.227,-1.465,-0.595,-0.142,4
2285525.3,6.602,-5.826,-0.87,-1.524,-0.563,-0.1,4
2285525.31,5.959,-5.4,-0.945,-1.608,-0.542,-0.038,4
2285525.32,5.691,-5.038,-0.277,-1.695,-0.51,0.049,4
2285525.33,6.167,-4.857,1.696,-1.74,-0.518,0.119,4
2285525.35,6.993,-4.158,3.904,-1.644,-0.612,0.185,4
2285525.359,7.122,-3.582,5.021,-1.509,-0.644,0.222,4
2285525.38,7.545,-2.267,7.23,-1.039,-0.734,0.314,4
2285525.39,7.57,-1.716,6.948,-0.784,-0.658,0.365,4
2285525.399,7.388,-1.243,6.08,-0.563,-0.507,0.42,4
2285525.41,7.336,-0.762,5.265,-0.338,-0.285,0.467,4
2285525.42,7.3,-0.22,4.719,-0.127,-0.038,0.492,4
2285525.429,7.012,0.387,4.447,0.046,0.154,0.503,4
2285525.45,6.353,1.387,3.95,0.25,0.286,0.568,4
2285525.459,7.262,2.17,3.649,0.296,0.236,0.591,4
2285525.469,8.059,2.478,3.418,0.342,0.117,0.533,4
2285525.48,8.491,2.772,2.924,0.362,0.106,0.429,4
2285525.49,8.522,3.059,2.397,0.372,0.217,0.312,4
2285525.5,8.279,3.303,2.028,0.381,0.438,0.221,4
2285525.51,8.706,3.48,1.725,0.398,0.706,0.192,4
2285525.519,10.922,3.522,1.721,0.437,0.967,0.237,4
2285525.53,16.073,3.329,1.064,0.487,1.241,0.351,4
2285525.559,14.575,-0.103,-5.879,-2.699,1.792,-0.53,4
2285525.569,11.783,-1.583,5.844,-3.836,1.437,-0.247,4
2285525.58,11.858,-3.085,4.812,-2.93,1.267,-0.292,4
2285525.59,10.419,-4.662,-0.708,-2.492,1.334,-0.492,4
2285525.6,9.054,-5.142,-3.373,-2.097,1.376,-0.655,4
2285525.61,7.775,-3.607,0.651,-1.539,0.935,-0.686,4
2285525.619,6.665,-1.671,4.497,-0.891,0.305,-0.575,4
2285525.63,6.94,-0.197,6.328,-0.276,-0.231,-0.451,4
2285525.65,9.213,1.084,5.948,0.665,-0.696,-0.231,4
2285525.66,10.544,0.892,4.481,0.924,-0.659,-0.17,4
2285525.67,12.142,-0.112,1.899,1.045,-0.509,-0.177,4
2285525.68,12.244,-0.856,0.667,1.002,-0.222,-0.21,4
2285525.69,12.167,-1.464,-0.536,0.812,-0.038,-0.178,4
2285525.7,11.798,-1.77,-1.47,0.475,0.078,-0.122,4
2285525.71,10.619,-1.403,-1.792,0.013,0.078,-0.075,4
2285525.722,9.055,-1.024,-1.099,-0.421,0.016,-0.07,4
2285525.73,7.51,-0.925,-0.612,-0.699,-0.025,-0.089,4
2285525.74,6.368,-0.829,-0.411,-0.891,-0.045,-0.076,4
2285525.749,5.935,-0.787,-0.419,-1.032,-0.059,-0.049,4
2285525.76,6.193,-0.868,-0.37,-1.142,-0.051,-0.034,4
2285525.77,7.277,-0.963,-0.25,-1.229,0.02,-0.04,4
2285525.779,8.505,-0.911,-0.123,-1.311,0.131,-0.067,4
2285525.79,9.802,-0.715,0.006,-1.425,0.297,-0.091,4
2285525.8,11.119,-0.784,0.188,-1.508,0.359,-0.113,4
2285525.81,12.103,-0.941,0.488,-1.59,0.338,-0.14,4
2285525.82,12.484,-1,0.835,-1.654,0.247,-0.165,4
2285525.829,11.891,-0.996,1.042,-1.688,0.162,-0.171,4
2285525.84,10.712,-0.999,0.962,-1.706,0.156,-0.14,4
2285525.85,9.886,-1.025,0.859,-1.7,0.22,-0.103,4
2285525.859,9.067,-0.948,0.668,-1.661,0.383,-0.079,4
2285525.87,9.067,-0.948,0.668,-1.642,0.44,-0.078,4
2285525.88,8.888,-0.853,0.632,-1.596,0.535,-0.08,4
2285525.89,9.023,-0.734,0.703,-1.545,0.582,-0.084,4
2285525.9,9.237,-0.698,0.848,-1.464,0.533,-0.068,4
2285525.91,9.435,-0.66,1.001,-1.404,0.425,-0.049,4
2285525.92,9.689,-0.575,1.155,-1.335,0.271,-0.031,4
2285525.93,10.035,-0.476,1.315,-1.255,0.087,-0.024,4
2285525.939,10.299,-0.463,1.401,-1.162,-0.099,-0.036,4
2285525.95,10.449,-0.575,1.388,-1.065,-0.247,-0.061,4
2285525.959,10.67,-0.836,1.241,-0.971,-0.326,-0.092,4
2285525.98,10.615,-1.448,0.891,-0.854,-0.33,-0.148,4
2285525.99,10.601,-1.803,0.673,-0.847,-0.318,-0.138,4
2285525.999,10.718,-2.175,0.397,-0.881,-0.307,-0.118,4
2285526.01,10.886,-2.545,0.107,-1.019,-0.308,-0.098,4
2285526.02,11.16,-2.925,-0.078,-1.159,-0.321,-0.103,4
2285526.03,11.416,-3.265,-0.221,-1.325,-0.347,-0.123,4
2285526.041,11.498,-3.545,-0.284,-1.513,-0.385,-0.146,4
2285526.05,11.357,-3.722,-0.281,-1.718,-0.447,-0.153,4
2285526.06,11.091,-3.679,-0.133,-1.919,-0.515,-0.139,4
2285526.07,10.833,-3.534,0.065,-2.1,-0.555,-0.119,4
2285526.08,10.623,-3.481,0.261,-2.259,-0.548,-0.092,4
2285526.09,10.405,-3.536,0.713,-2.394,-0.512,-0.056,4
2285526.11,10.052,-3.147,4.695,-2.412,-0.441,0.026,4
2285526.129,9.099,-2.234,4.325,-2.139,-0.302,0.051,4
2285526.14,8.552,-1.891,3.955,-2.029,-0.206,0.057,4
2285526.159,7.936,-1.494,3.785,-1.743,-0.118,0.097,4
2285526.169,8.059,-1.244,3.521,-1.551,-0.067,0.117,4
2285526.18,8.425,-1.045,2.897,-1.347,0.05,0.128,4
2285526.19,8.739,-1.204,2.141,-1.12,0.363,0.132,4
2285526.21,8.361,-1.801,1.184,-0.604,1.231,0.071,4
2285526.22,7.372,-2.76,-2.7,-0.388,0.916,0.12,4
2285526.23,7.831,-3.822,-7.906,-0.517,-0.22,0.205,4
2285526.25,7.646,-2.156,-2.527,-0.784,-0.792,0.404,4
2285526.26,8.35,-1.238,2.111,-0.709,-0.517,0.509,4
2285526.269,9.172,-0.38,5.732,-0.465,-0.242,0.571,4
2285526.28,9.387,0.258,7.067,-0.178,-0.195,0.606,4
2285526.29,9.308,0.751,6.92,0.06,-0.357,0.623,4
2285526.3,9.57,1.263,6.526,0.243,-0.561,0.599,4
2285526.31,9.637,1.606,5.807,0.368,-0.646,0.54,4
2285526.32,8.661,1.979,4.125,0.445,-0.562,0.505,4
2285526.33,8.346,2.166,3.546,0.503,-0.249,0.481,4
2285526.34,8.116,2.416,3.007,0.503,0.017,0.453,4
2285526.351,7.853,2.756,2.572,0.458,0.266,0.411,4
2285526.359,7.867,3.097,2.356,0.393,0.448,0.366,4
2285526.37,8.203,3.397,2.224,0.324,0.569,0.31,4
2285526.38,9.045,3.492,1.981,0.266,0.63,0.241,4
2285526.389,10.624,3.258,1.512,0.205,0.654,0.175,4
2285526.4,13.673,2.673,0.862,0.138,0.685,0.128,4
2285526.41,17.871,1.667,-0.216,0.049,0.824,0.06,4
2285526.45,10.305,1.909,-26.094,-2.349,3.224,-0.215,4
2285526.459,8.654,-4.745,-29.338,-4.145,1.627,-0.148,4
2285526.469,8.688,-5.835,-11.099,-4.71,0.857,-0.275,4
2285526.48,8.164,-4.993,-4.076,-4.53,1.478,-0.466,4
2285526.49,8.673,-4.935,-0.797,-4.076,2.077,-0.643,4
2285526.5,9.791,-4.25,3.392,-3.411,1.839,-0.746,4
2285526.51,10.044,-2.013,7.798,-2.523,1.031,-0.725,4
2285526.52,10.356,0.398,10.688,-1.481,0.082,-0.608,4
2285526.529,9.861,1.989,11.445,-0.378,-0.626,-0.403,4
2285526.539,9.177,2.329,7.559,0.63,-0.869,-0.221,4
2285526.55,8.807,1.919,4.877,1.714,-0.695,-0.078,4
2285526.56,8.47,1.694,3.068,2.068,-0.523,-0.079,4
2285526.57,8.523,1.344,1.986,2.222,-0.423,-0.088,4
2285526.58,9.327,0.665,1.013,2.238,-0.412,-0.085,4
2285526.59,10.022,0.289,0.598,2.177,-0.495,-0.056,4
2285526.6,10.262,0.004,0.327,2.085,-0.637,-0.005,4
2285526.61,10.521,-0.287,-0.258,1.94,-0.775,0.071,4
2285526.62,10.798,-0.531,-1.334,1.698,-0.859,0.125,4
2285526.629,10.951,-0.785,-2.41,1.284,-0.885,0.111,4
2285526.65,9.938,-1.473,-2.421,0.018,-0.495,-0.151,4
2285526.659,9.237,-1.674,-2.051,-0.38,-0.232,-0.214,4
2285526.68,9.188,-2.004,-1.425,-1.075,0.076,-0.308,4
2285526.69,9.427,-2.189,-1.066,-1.376,0.102,-0.343,4
2285526.709,9.749,-2.677,-0.593,-1.834,0.161,-0.379,4
2285526.719,9.624,-2.803,-0.507,-2.013,0.202,-0.372,4
2285526.729,9.387,-2.848,-0.488,-2.166,0.255,-0.335,4
2285526.74,9.198,-2.559,-0.779,-2.329,0.416,-0.23,4
2285526.749,9.413,-2.164,-1.237,-2.358,0.562,-0.189,4
2285526.759,9.626,-1.493,-0.99,-2.365,1.045,-0.105,4
2285526.769,10.12,-0.809,0.083,-2.247,1.644,-0.057,4
2285526.779,11.157,-0.081,1.08,-2.092,1.448,-0.112,4
2285526.789,12.163,0.791,2.55,-1.851,0.729,-0.214,4
2285526.809,11.45,1.199,6.134,-0.903,-0.866,-0.348,4
2285526.82,10.179,0.466,6.506,-0.272,-1.204,-0.342,4
2285526.829,9.268,-0.2,4.742,0.265,-1.296,-0.303,4
2285526.839,8.632,-0.624,3.374,0.679,-1.29,-0.222,4
2285526.849,8.297,-0.973,2.351,0.731,-1.291,-0.184,4
2285526.859,8.344,-1.389,1.514,0.72,-1.257,-0.097,4
2285526.869,8.868,-1.932,0.868,0.571,-1.124,-0.008,4
2285526.88,9.678,-2.246,0.732,0.186,-0.731,0.081,4
2285526.889,10.299,-2.203,1.265,-0.051,-0.432,0.086,4
2285526.9,10.48,-2.291,1.58,-0.21,-0.157,0.043,4
2285526.91,9.64,-2.332,1.447,-0.332,0.059,0.009,4
2285526.92,8.589,-2.247,1.552,-0.41,0.194,0.004,4
2285526.93,7.668,-2.223,1.514,-0.453,0.262,0.012,4
2285526.939,7.057,-2.231,1.465,-0.486,0.29,0.016,4
2285526.95,6.752,-2.249,1.583,-0.495,0.291,0.015,4
2285526.97,8.235,-2.034,3.169,-0.34,0.043,0.028,4
2285526.98,9.293,-1.891,3.519,-0.206,-0.092,0.057,4
2285526.989,10.358,-1.764,3.644,-0.044,-0.172,0.087,4
2285527,11.174,-1.67,3.417,0.124,-0.172,0.117,4
2285527.01,11.608,-1.577,2.854,0.272,-0.076,0.151,4
2285527.02,11.793,-1.425,2.264,0.388,0.103,0.189,4
2285527.03,11.711,-1.208,1.754,0.478,0.319,0.207,4
2285527.04,11.333,-0.94,1.285,0.553,0.525,0.217,4
2285527.05,11.001,-0.677,0.935,0.613,0.697,0.227,4
2285527.059,10.813,-0.271,0.399,0.723,0.892,0.208,4
2285527.08,10.791,0.143,-0.532,0.823,1.172,0.168,4
2285527.09,11.575,0.953,-4.017,0.85,0.847,0.094,4
2285527.1,13.038,1.292,-10.476,0.768,-0.219,-0.025,4
2285527.11,12.573,0.299,-11.724,0.58,-1.028,-0.123,4
2285527.13,9.821,-1.411,-4.76,0.124,-0.712,-0.146,4
2285527.14,10.525,-2.728,-1.593,-0.174,-0.366,-0.122,4
2285527.15,10.525,-2.728,-1.593,-0.531,-0.184,-0.101,4
2285527.17,11.7,-4.078,-0.211,-1.179,-0.271,-0.135,4
2285527.18,12.668,-5.05,-0.232,-1.386,-0.312,-0.188,4
2285527.19,12.336,-5.01,-1.273,-1.52,-0.175,-0.263,4
2285527.2,11.729,-4.365,-3.274,-1.493,-0.048,-0.266,4
2285527.21,11.36,-3.297,-4.817,-1.381,-0.097,-0.241,4
2285527.22,10.818,-2.433,-4.38,-1.239,-0.288,-0.195,4
2285527.23,10.302,-2.08,-3.43,-1.123,-0.412,-0.131,4
2285527.24,10.308,-2.006,-2.572,-1.067,-0.423,-0.096,4
2285527.25,10.198,-2.08,-1.97,-1.075,-0.405,-0.096,4
2285527.259,9.703,-2.158,-1.676,-1.148,-0.426,-0.105,4
2285527.27,8.993,-2.159,-1.307,-1.274,-0.447,-0.103,4
2285527.28,8.115,-2.123,-0.339,-1.423,-0.436,-0.089,4
2285527.29,7.477,-2.224,1.129,-1.519,-0.399,-0.065,4
2285527.31,6.936,-2.4,2.919,-1.4,-0.477,-0.013,4
2285527.32,7.05,-2.489,2.975,-1.264,-0.518,0.027,4
2285527.33,7.184,-2.523,2.761,-1.11,-0.532,0.079,4
2285527.34,7.239,-2.476,2.555,-0.941,-0.518,0.141,4
2285527.349,7.417,-2.345,2.225,-0.773,-0.475,0.203,4
2285527.359,7.683,-2.173,1.783,-0.634,-0.417,0.249,4
2285527.37,8.041,-1.854,1.436,-0.535,-0.387,0.283,4
2285527.38,8.341,-1.268,1.196,-0.459,-0.367,0.308,4
2285527.39,8.51,-0.435,1.228,-0.384,-0.21,0.331,4
2285527.4,8.091,0.466,3.724,-0.22,0.039,0.361,4
2285527.41,7.732,0.571,4.757,-0.075,0.198,0.406,4
2285527.42,7.501,0.789,4.956,0.049,0.164,0.428,4
2285527.43,7.278,1.053,4.664,0.134,0.014,0.436,4
2285527.44,7.107,1.195,4.155,0.178,-0.184,0.429,4
2285527.45,6.797,1.375,3.508,0.211,-0.273,0.396,4
2285527.47,6.495,1.752,2.982,0.275,0.005,0.261,4
2285527.48,6.576,1.869,3.002,0.33,0.285,0.172,4
2285527.49,7.507,1.742,2.839,0.398,0.555,0.133,4
2285527.5,10.765,1.176,2.661,0.432,0.757,0.207,4
2285527.51,16.221,0.127,1.721,0.365,1.034,0.483,4
2285527.52,21.947,-1.112,0.427,0.222,1.272,0.616,4
2285527.53,25.807,-1.913,-0.184,0.048,1.423,0.418,4
2285527.54,23.524,-1.793,-0.283,-0.1,1.483,0.009,4
2285527.55,16.351,-0.433,-0.481,-0.212,1.572,-0.13,4
2285527.559,10.75,0.305,-2.48,-0.349,1.933,-0.068,4
2285527.58,7.573,-3.12,-28.301,-2.439,1.357,-0.076,4
2285527.599,6.959,-0.93,1.042,-2.644,0.765,-0.227,4
2285527.609,10.284,0.667,8.442,-2.053,0.594,-0.194,4
2285527.63,13.195,2.786,7.549,-0.491,-0.437,-0.065,4
2285527.639,13.586,2.928,6.06,0.096,-0.397,-0.124,4
2285527.649,12.101,2.961,4.694,0.596,-0.062,-0.239,4
2285527.66,9.987,3.097,3.595,0.976,0.239,-0.277,4
2285527.67,9.81,2.446,2.168,1.245,0.368,-0.261,4
2285527.69,9.417,0.284,-0.682,1.311,0.285,-0.246,4
2285527.71,9.463,-0.834,-2.23,0.834,0.064,-0.136,4
2285527.72,9.155,-0.92,-2.284,0.467,-0.093,-0.125,4
2285527.73,8.727,-1.074,-1.833,-0.065,-0.277,-0.166,4
2285527.74,8.269,-1.244,-1.332,-0.33,-0.301,-0.209,4
2285527.78,9.918,-1.888,-0.864,-1.201,-0.041,-0.183,4
2285527.79,10.795,-2.056,-0.63,-1.385,0.061,-0.172,4
2285527.81,11.488,-2.209,-0.072,-1.667,0.145,-0.211,4
2285527.82,10.448,-2.162,0.071,-1.776,0.123,-0.238,4
2285527.83,9.934,-2.08,0.354,-1.891,0.1,-0.233,4
2285527.84,9.534,-2.04,0.542,-1.925,0.106,-0.206,4
2285527.849,9.463,-2.058,0.627,-1.924,0.138,-0.167,4
2285527.87,9.915,-2.206,0.878,-1.87,0.234,-0.12,4
2285527.88,10.194,-2.196,1.034,-1.821,0.225,-0.109,4
2285527.89,10.519,-2.179,1.143,-1.765,0.154,-0.112,4
2285527.9,10.657,-2.242,1.207,-1.705,0.037,-0.13,4
2285527.91,10.593,-2.449,1.194,-1.645,-0.081,-0.151,4
2285527.92,10.442,-2.688,1.046,-1.603,-0.17,-0.167,4
2285527.93,10.259,-2.91,0.927,-1.574,-0.237,-0.172,4
2285527.94,10.107,-3.099,0.853,-1.55,-0.319,-0.167,4
2285527.949,10.184,-3.263,0.879,-1.543,-0.383,-0.164,4
2285527.96,10.481,-3.429,0.973,-1.542,-0.456,-0.173,4
2285527.97,10.942,-3.66,1.122,-1.54,-0.524,-0.194,4
2285527.98,11.42,-3.937,1.449,-1.533,-0.583,-0.223,4
2285527.99,11.61,-4.171,1.754,-1.516,-0.626,-0.248,4
2285528,11.444,-4.229,1.997,-1.487,-0.628,-0.252,4
2285528.01,11.014,-4.178,2.031,-1.458,-0.578,-0.243,4
2285528.02,10.419,-4.075,1.821,-1.447,-0.483,-0.22,4
2285528.03,9.773,-3.898,1.52,-1.475,-0.349,-0.19,4
2285528.04,8.92,-3.613,1.342,-1.583,-0.158,-0.148,4
2285528.05,8.842,-3.392,2.073,-1.803,0.023,-0.059,4
2285528.059,8.68,-2.991,3.221,-1.888,-0.039,-0.003,4
2285528.07,8.431,-2.51,4.257,-1.847,-0.186,0.043,4
2285528.08,8.326,-1.78,4.659,-1.701,-0.306,0.101,4
2285528.09,8.365,-0.952,4.427,-1.503,-0.327,0.17,4
2285528.1,8.442,0.132,3.516,-1.272,-0.112,0.247,4
2285528.11,8.806,1.018,2.832,-1.02,0.37,0.314,4
2285528.13,9.373,1.777,1.877,-0.566,1.107,0.301,4
2285528.159,10.126,-1.302,-11.566,-1.244,-1.206,0.04,4
2285528.17,8.535,-1.904,-6.781,-1.423,-1.297,0.035,4
2285528.18,7.782,-1.696,-1.063,-1.253,-0.669,0.04,4
2285528.19,7.363,-1.512,2.979,-0.876,0.012,0.05,4
2285528.199,6.926,-1.088,5.475,-0.437,0.28,0.116,4
2285528.209,6.693,-0.435,6.727,-0.031,0.165,0.218,4
2285528.22,6.55,0.07,6.912,0.305,-0.118,0.324,4
2285528.23,6.235,0.292,5.814,0.52,-0.365,0.404,4
2285528.24,5.88,0.337,4.884,0.64,-0.535,0.464,4
2285528.26,6.377,0.691,3.132,0.764,-0.604,0.427,4
2285528.27,6.567,0.942,2.751,0.753,-0.284,0.304,4
2285528.29,7.413,1.478,2.311,0.641,0.329,0.169,4
2285528.31,10.922,1.454,1.846,0.439,0.76,0.103,4
2285528.32,15.901,0.76,1.372,0.345,0.831,0.144,4
2285528.33,21.206,-0.348,0.295,0.212,0.886,0.197,4
2285528.34,24.13,-1.102,-0.444,0.006,0.904,0.169,4
2285528.351,23.801,-0.215,-6.003,-0.308,0.984,-0.026,4
2285528.359,16.357,0.485,-25.115,-1.297,1.7,-0.212,4
2285528.37,12.141,-2.363,-17.19,-3.35,0.946,-0.173,4
2285528.38,11.11,-3.324,-4.114,-3.49,0.998,-0.274,4
2285528.39,11.177,-2.938,0.891,-3.2,1.431,-0.463,4
2285528.4,9.872,-2.218,2.405,-2.853,1.561,-0.553,4
2285528.41,8.87,-0.923,4.407,-2.413,1.314,-0.56,4
2285528.42,8.451,0.614,6.102,-1.881,0.854,-0.522,4
2285528.43,8.503,1.824,7.065,-1.286,0.354,-0.436,4
2285528.44,9.391,2.324,6.696,-0.693,0.04,-0.36,4
2285528.46,10.945,2.209,2.358,0.307,0.385,-0.389,4
2285528.47,10.179,0.806,0.848,0.536,0.542,-0.482,4
2285528.49,9.393,-0.981,-0.808,0.459,-0.13,-0.464,4
2285528.5,9.427,-1.846,-1.205,0.275,-0.387,-0.338,4
2285528.51,9.501,-1.838,-1.559,-0.002,-0.473,-0.217,4
2285528.52,9.026,-1.582,-1.321,-0.311,-0.445,-0.167,4
2285528.53,8.218,-1.484,-0.988,-0.542,-0.405,-0.139,4
2285528.54,7.578,-1.335,-0.621,-0.717,-0.334,-0.121,4
2285528.551,7.428,-1.241,-0.328,-0.847,-0.244,-0.111,4
2285528.56,7.609,-1.255,-0.19,-0.944,-0.131,-0.104,4
2285528.57,8.53,-1.353,-0.183,-1.035,-0.007,-0.081,4
2285528.579,9.745,-1.499,-0.197,-1.152,0.076,-0.063,4
2285528.59,10.618,-1.55,-0.068,-1.349,0.087,-0.088,4
2285528.6,10.936,-1.643,0.087,-1.475,0.016,-0.118,4
2285528.61,10.729,-1.705,0.283,-1.587,-0.07,-0.131,4
2285528.62,10.175,-1.736,0.492,-1.68,-0.12,-0.121,4
2285528.63,9.636,-1.689,0.673,-1.739,-0.101,-0.093,4
2285528.639,9.318,-1.61,0.785,-1.761,-0.012,-0.072,4
2285528.65,9.243,-1.471,0.927,-1.747,0.12,-0.062,4
2285528.66,9.232,-1.313,1.033,-1.707,0.269,-0.06,4
2285528.67,9.25,-1.143,1.129,-1.654,0.39,-0.053,4
2285528.68,9.49,-0.977,1.366,-1.586,0.448,-0.038,4
2285528.69,9.716,-0.593,1.42,-1.506,0.439,-0.018,4
2285528.7,9.833,-0.282,1.487,-1.376,0.299,0.031,4
2285528.71,9.768,0.057,1.539,-1.279,0.135,0.07,4
2285528.72,9.717,0.38,1.588,-1.169,-0.038,0.101,4
2285528.729,9.879,0.665,1.666,-1.045,-0.193,0.115,4
2285528.74,10.182,0.908,1.771,-0.908,-0.313,0.103,4
2285528.75,10.58,1.144,1.924,-0.761,-0.405,0.076,4
2285528.76,10.99,1.403,2.094,-0.604,-0.475,0.049,4
2285528.77,11.312,1.603,2.266,-0.438,-0.525,0.026,4
2285528.78,11.394,1.733,2.388,-0.266,-0.55,0.009,4
2285528.79,11.506,1.602,2.135,-0.107,-0.533,0.004,4
2285528.8,12.029,1.208,1.691,0.043,-0.407,-0.018,4
2285528.81,12.805,0.63,1.411,0.075,-0.302,-0.067,4
2285528.82,13.138,-0.072,1.075,0.044,-0.21,-0.13,4
2285528.83,12.725,-0.746,0.541,-0.08,-0.128,-0.168,4
2285528.839,12.052,-1.387,-0.002,-0.283,-0.07,-0.17,4
2285528.85,11.45,-1.874,-0.403,-0.514,-0.066,-0.156,4
2285528.859,10.939,-2.301,-0.817,-0.761,-0.047,-0.155,4
2285528.87,10.293,-2.653,-1.073,-1.009,0.043,-0.184,4
2285528.879,8.721,-2.808,-0.546,-1.287,0.219,-0.211,4
2285528.89,8.721,-2.808,-0.546,-1.35,0.258,-0.21,4
2285528.9,7.911,-3.026,0.275,-1.462,0.272,-0.206,4
2285528.909,7.565,-3.073,0.688,-1.478,0.262,-0.205,4
2285528.919,7.36,-3.135,1.204,-1.454,0.229,-0.194,4
2285528.93,7.159,-3.179,1.699,-1.388,0.2,-0.18,4
2285528.94,6.974,-3.171,2.223,-1.29,0.143,-0.156,4
2285528.95,6.833,-3.021,3.082,-1.151,0.044,-0.12,4
2285528.96,6.924,-2.678,3.821,-0.97,-0.104,-0.081,4
2285528.97,7.041,-2.224,4.149,-0.781,-0.269,-0.035,4
2285528.98,7.385,-1.793,4.202,-0.61,-0.41,0.02,4
2285528.989,7.798,-1.431,4.086,-0.465,-0.498,0.078,4
2285529,8.093,-1.248,3.887,-0.343,-0.522,0.128,4
2285529.01,8.17,-1.158,3.607,-0.238,-0.462,0.181,4
2285529.02,8.425,-1.072,3.396,-0.093,-0.222,0.25,4
2285529.03,8.794,-0.948,3.413,0.031,-0.031,0.268,4
2285529.04,9.341,-0.692,3.557,0.193,0.123,0.271,4
2285529.06,10.081,-0.156,3.385,0.556,0.274,0.319,4
2285529.07,10.588,0.087,3.074,0.711,0.266,0.368,4
2285529.079,11.337,0.254,2.611,0.832,0.237,0.407,4
2285529.09,12.209,0.267,2.24,0.932,0.225,0.41,4
2285529.099,12.657,0.12,1.423,1.051,0.302,0.339,4
2285529.11,12.211,0.066,0.85,1.082,0.359,0.307,4
2285529.13,11.437,0.417,-1.328,1.134,1.043,0.197,4
2285529.14,11.737,0.175,-2.522,1.112,1.694,0.17,4
2285529.16,11.971,-1.75,-12.347,0.6,0.773,-0.054,4
2285529.17,10.377,-2.137,-11.763,0.096,-0.269,-0.139,4
2285529.18,9.116,-2.286,-8.008,-0.272,-0.588,-0.136,4
2285529.19,9.609,-2.228,-4.766,-0.501,-0.374,-0.12,4
2285529.2,10.486,-1.954,-2.494,-0.649,-0.007,-0.131,4
2285529.21,11.185,-1.681,-0.754,-0.745,0.201,-0.154,4
2285529.22,11.542,-1.635,0.264,-0.798,0.177,-0.201,4
2285529.23,11.56,-1.722,0.714,-0.841,-0.023,-0.254,4
2285529.24,10.986,-1.804,0.676,-0.906,-0.354,-0.283,4
2285529.25,10.356,-1.934,0.511,-0.948,-0.421,-0.284,4
2285529.26,10.017,-2.115,0.421,-0.985,-0.385,-0.295,4
2285529.27,9.808,-2.286,0.454,-1.02,-0.321,-0.31,4
2285529.28,9.749,-2.456,0.601,-1.046,-0.268,-0.326,4
2285529.29,9.906,-2.511,0.813,-1.065,-0.238,-0.345,4
2285529.3,10.251,-2.495,0.857,-1.083,-0.225,-0.369,4
2285529.31,10.762,-2.509,0.754,-1.11,-0.202,-0.405,4
2285529.32,11.145,-2.577,0.568,-1.144,-0.14,-0.436,4
2285529.33,11.521,-2.959,0.447,-1.175,-0.018,-0.44,4
2285529.34,11.907,-3.424,0.479,-1.178,0.128,-0.415,4
2285529.36,12.271,-4.74,-0.098,-0.896,-0.003,-0.341,4
2285529.37,11.808,-5.109,-0.596,-0.703,-0.293,-0.305,4
2285529.39,10.245,-5.07,-1.307,-0.456,-0.696,-0.175,4
2285529.4,9.664,-4.929,-1.462,-0.451,-0.719,-0.111,4
2285529.41,9.008,-4.784,-1.317,-0.505,-0.663,-0.057,4
2285529.42,8.569,-4.635,-0.942,-0.594,-0.568,-0.01,4
2285529.43,8.275,-4.363,-0.565,-0.715,-0.476,0.026,4
2285529.44,7.98,-4.028,0.079,-0.847,-0.396,0.051,4
2285529.45,7.75,-3.701,1.162,-1.005,-0.338,0.091,4
2285529.46,7.474,-3.331,2.452,-1.038,-0.371,0.126,4
2285529.47,7.198,-2.906,3.383,-1.013,-0.429,0.173,4
2285529.479,6.937,-2.404,4.065,-0.937,-0.484,0.23,4
2285529.5,6.765,-1.361,4.635,-0.678,-0.497,0.328,4
2285529.51,6.735,-0.876,4.476,-0.546,-0.401,0.374,4
2285529.52,6.941,-0.488,4.265,-0.411,-0.287,0.415,4
2285529.529,7.377,-0.261,4.042,-0.27,-0.221,0.448,4
2285529.54,7.883,-0.232,3.525,-0.134,-0.218,0.468,4
2285529.55,8.522,-0.576,1.207,-0.035,-0.25,0.48,4
2285529.56,8.861,-0.746,-0.28,0.005,-0.406,0.487,4
2285529.57,9.283,-0.767,-1.604,-0.056,-0.551,0.477,4
2285529.579,9.432,-0.535,-1.763,-0.142,-0.556,0.454,4
2285529.6,8.33,0.308,-0.006,-0.137,0.192,0.392,4
2285529.61,7.841,0.918,1.373,-0.062,0.561,0.38,4
2285529.62,7.684,1.652,2.703,0.044,0.685,0.378,4
2285529.63,7.863,2.312,3.34,0.161,0.643,0.378,4
2285529.64,8.333,2.661,3.342,0.274,0.535,0.361,4
2285529.65,9.092,2.797,3.057,0.374,0.423,0.313,4
2285529.66,10.388,2.872,2.384,0.448,0.363,0.238,4
2285529.67,12.726,3.13,-0.029,0.392,0.464,0.139,4
2285529.69,23.242,7.295,-22.129,-1.473,0.467,-0.349,4
2285529.7,17.922,5.525,-11.006,-2.106,1.051,-0.278,4
2285529.71,15.216,3.289,-1.733,-2.116,1.42,-0.207,4
2285529.72,13.895,1.595,0.829,-1.97,1.289,-0.362,4
2285529.73,11.047,0.515,1.072,-1.804,0.981,-0.517,4
2285529.739,8.611,-0.276,1.108,-1.613,0.752,-0.582,4
2285529.759,7.349,-1.748,0.734,-1.153,0.776,-0.572,4
2285529.77,8.195,-2.623,0.693,-0.82,0.856,-0.527,4
2285529.779,8.439,-2.675,1.211,-0.625,0.715,-0.468,4
2285529.79,9.348,-2.627,1.848,-0.447,0.421,-0.412,4
2285529.8,10.535,-2.648,1.877,-0.297,0.12,-0.381,4
2285529.81,11.345,-2.794,1.55,-0.209,-0.048,-0.357,4
2285529.82,11.73,-2.974,1.108,-0.184,-0.092,-0.323,4
2285529.83,11.885,-3.208,0.687,-0.21,-0.066,-0.296,4
2285529.84,11.505,-3.358,0.488,-0.274,-0.021,-0.299,4
2285529.849,10.36,-3.131,0.345,-0.373,-0.009,-0.287,4
2285529.859,9.76,-2.837,0.31,-0.496,-0.052,-0.226,4
2285529.87,9.464,-2.477,0.212,-0.629,-0.113,-0.17,4
2285529.88,8.883,-2.031,0.216,-0.803,-0.14,-0.126,4
2285529.89,8.141,-1.594,0.361,-0.869,-0.125,-0.083,4
2285529.9,7.736,-1.252,0.513,-0.901,-0.116,-0.046,4
2285529.91,7.662,-0.803,0.802,-0.903,-0.125,-0.046,4
2285529.92,8.171,-0.463,1.106,-0.878,-0.126,0.016,4
2285529.93,9.059,-0.284,1.318,-0.839,-0.1,0.02,4
2285529.939,9.991,-0.32,1.334,-0.811,-0.06,0.016,4
2285529.95,10.704,-0.436,1.232,-0.823,-0.033,0.005,4
2285529.97,10.903,-0.72,1.006,-0.952,-0.027,-0.009,4
2285529.98,10.131,-0.945,1.039,-1.027,-0.017,0.007,4
2285529.99,9.758,-0.996,0.984,-1.126,0.013,0.035,4
2285530,9.329,-0.98,1.047,-1.181,0.053,0.05,4
2285530.01,8.922,-0.961,1.162,-1.214,0.104,0.062,4
2285530.02,8.608,-0.972,1.176,-1.227,0.153,0.076,4
2285530.03,8.612,-1.033,1.318,-1.217,0.189,0.097,4
2285530.04,8.903,-1.063,1.246,-1.193,0.205,0.115,4
2285530.05,9.23,-1.028,1.072,-1.172,0.212,0.126,4
2285530.06,9.474,-0.931,1.025,-1.16,0.208,0.144,4
2285530.08,10.277,-0.588,1.279,-1.112,0.133,0.215,4
2285530.09,10.548,-0.334,1.505,-1.058,0.049,0.248,4
2285530.1,10.625,-0.044,1.718,-0.931,-0.082,0.268,4
2285530.109,10.564,0.178,1.857,-0.817,-0.153,0.261,4
2285530.13,10.449,0.31,1.831,-0.575,-0.218,0.194,4
2285530.139,10.31,0.221,1.666,-0.478,-0.217,0.153,4
2285530.15,10.044,0.009,1.273,-0.41,-0.182,0.13,4
2285530.17,10.361,-0.22,1.1,-0.376,-0.109,0.119,4
2285530.18,10.897,-0.503,0.87,-0.425,-0.101,0.103,4
2285530.19,12.018,-0.767,0.634,-0.531,-0.108,0.068,4
2285530.21,12.677,-1.432,0.543,-0.949,-0.246,-0.064,4
2285530.219,12.543,-1.772,0.316,-1.147,-0.274,-0.108,4
2285530.229,12.069,-2.05,0.239,-1.356,-0.239,-0.133,4
2285530.24,11.642,-2.224,0.45,-1.559,-0.153,-0.144,4
2285530.25,11.144,-2.262,0.574,-1.738,-0.032,-0.16,4
2285530.26,10.363,-2.256,0.654,-1.896,0.097,-0.17,4
2285530.279,8.838,-2.345,0.427,-2.134,0.294,-0.164,4
2285530.29,8.66,-2.439,0.43,-2.216,0.341,-0.165,4
2285530.3,8.59,-2.509,0.474,-2.269,0.357,-0.18,4
2285530.31,8.649,-2.759,0.094,-2.314,0.409,-0.22,4
2285530.32,8.796,-3.163,-0.143,-2.307,0.798,-0.264,4
2285530.33,8.687,-3.503,0.077,-2.259,1.009,-0.313,4
2285530.34,8.175,-3.711,0.586,-2.18,1.021,-0.328,4
2285530.349,7.819,-3.948,0.852,-2.068,0.83,-0.296,4
2285530.36,7.708,-4.752,-0.341,-1.933,0.283,-0.226,4
2285530.371,7.966,-5.688,-2.324,-1.775,-0.415,-0.137,4
2285530.38,8.302,-5.747,-3.45,-1.656,-0.873,-0.036,4
2285530.39,8.604,-5.125,-2.985,-1.591,-0.911,0.051,4
2285530.4,8.834,-4.392,-1.115,-1.506,-0.659,0.12,4
2285530.42,8.657,-1.979,4.739,-0.888,-0.241,0.332,4
2285530.43,8.512,-1.316,5.36,-0.574,-0.27,0.385,4
2285530.439,8.013,-0.696,5.485,-0.281,-0.366,0.419,4
2285530.45,7.361,-0.164,5.275,-0.029,-0.47,0.464,4
2285530.459,6.876,0.184,4.902,0.17,-0.593,0.517,4
2285530.469,6.753,0.439,4.503,0.315,-0.702,0.562,4
2285530.489,7.297,0.939,3.676,0.474,-0.783,0.565,4
2285530.5,7.802,1.316,3.376,0.491,-0.662,0.517,4
2285530.51,8.547,1.816,3.217,0.472,-0.421,0.445,4
2285530.52,9.089,2.324,3.079,0.422,-0.121,0.354,4
2285530.53,9.24,2.766,2.939,0.307,0.247,0.258,4
2285530.54,9.481,3.167,2.994,0.253,0.374,0.217,4
2285530.55,10.42,3.315,2.704,0.216,0.436,0.155,4
2285530.56,12.393,3.131,2.163,0.193,0.476,0.085,4
2285530.58,18.682,1.979,-2.003,-0.122,1.084,-0.108,4
2285530.59,26.036,6.648,-39.893,-2.195,2.203,-0.4,4
2285530.61,12.181,0.996,-5.756,-4.328,1.378,-0.597,4
2285530.62,8.013,-1.561,2.87,-3.922,1.319,-0.459,4
2285530.63,8.015,-2.239,0.907,-3.31,1.233,-0.564,4
2285530.64,8.145,-2.911,-0.995,-2.924,1.472,-0.718,4
2285530.65,7.964,-3.306,-0.682,-2.467,1.755,-0.858,4
2285530.66,7.156,-3.035,1.062,-1.94,1.485,-0.872,4
2285530.669,6.234,-2.175,3.351,-1.37,0.737,-0.717,4
2285530.68,6.549,-1.052,5.123,-0.756,0.005,-0.453,4
2285530.69,8.282,-0.333,6.27,-0.15,-0.44,-0.235,4
2285530.699,9.827,-0.052,6.886,0.415,-0.655,-0.09,4
2285530.71,10.985,-0.298,6.591,0.909,-0.718,0.003,4
2285530.72,11.979,-0.636,5.618,1.316,-0.697,0.047,4
2285530.73,11.99,-1.078,3.914,1.613,-0.597,0.048,4
2285530.739,11.189,-1.285,2.401,1.778,-0.39,0.057,4
2285530.75,10.193,-1.5,1.011,1.792,-0.12,0.146,4
2285530.76,9.564,-1.422,-0.039,1.641,-0.046,0.233,4
2285530.769,9.259,-1.075,-0.576,1.406,-0.071,0.302,4
2285530.78,9.59,-0.79,-0.884,1.136,-0.167,0.297,4
2285530.79,9.742,-0.624,-1.324,0.827,-0.249,0.221,4
2285530.799,9.357,-0.54,-1.548,0.511,-0.244,0.141,4
2285530.81,9.246,-0.519,-1.519,0.219,-0.136,0.089,4
2285530.82,9.619,-0.625,-1.407,-0.049,0.028,0.035,4
2285530.829,9.893,-0.413,-1.423,-0.331,0.217,-0.031,4
2285530.839,9.983,-0.424,-0.883,-0.619,0.37,-0.075,4
2285530.85,10.048,-0.526,-0.479,-0.987,0.43,-0.117,4
2285530.86,10.043,-0.641,-0.162,-1.169,0.389,-0.134,4
2285530.879,10.223,-0.961,0.042,-1.376,0.358,-0.128,4
2285530.889,10.06,-1.045,-0.294,-1.423,0.484,-0.12,4
2285530.9,9.672,-1.022,-0.966,-1.443,0.78,-0.108,4
2285530.909,9.056,-0.739,-2.025,-1.447,1.169,-0.089,4
2285530.92,8.816,-0.298,-4.519,-1.477,1.313,-0.072,4
2285530.93,9.888,0.424,-9.124,-1.593,0.889,-0.086,4
2285530.94,11.294,1.263,-10.938,-1.768,0.193,-0.128,4
2285530.95,11.249,1.682,-8.245,-1.885,-0.202,-0.159,4
2285530.96,11.211,1.66,-4.709,-1.887,-0.091,-0.153,4
2285530.98,12.228,0.857,0.902,-1.61,-0.178,-0.268,4
2285530.99,12.034,0.5,2.611,-1.381,-0.469,-0.361,4
2285531.01,11.086,-0.052,4.077,-0.883,-1.095,-0.423,4
2285531.02,11.034,-0.125,4.23,-0.648,-1.28,-0.433,4
2285531.03,11.042,-0.427,3.914,-0.463,-1.349,-0.441,4
2285531.04,11.005,-0.868,3.293,-0.35,-1.329,-0.418,4
2285531.05,10.087,-1.978,2.767,-0.328,-1.192,-0.343,4
2285531.059,9.725,-2.428,3.199,-0.327,-0.968,-0.243,4
2285531.079,10.443,-2.626,4.132,-0.321,-0.561,-0.004,4
2285531.1,10.278,-2.125,4.53,-0.214,-0.297,0.009,4
2285531.11,9.768,-1.732,4.448,-0.13,-0.113,-0.016,4
2285531.12,8.685,-1.495,4.238,-0.041,0.031,-0.016,4
2285531.13,7.542,-1.555,3.539,0.023,0.141,0.026,4
2285531.139,6.987,-1.671,2.772,0.038,0.224,0.088,4
2285531.15,6.775,-1.78,2.238,0.015,0.296,0.136,4
2285531.16,6.809,-1.967,1.973,-0.032,0.357,0.166,4
2285531.18,7.904,-2.227,2.3,-0.109,0.23,0.115,4
2285531.19,8.632,-2.219,2.523,-0.079,0.078,0.07,4
2285531.2,9.154,-2.106,2.455,-0.037,-0.019,0.06,4
2285531.21,9.709,-1.963,2.224,0.008,-0.032,0.081,4
2285531.22,10.305,-1.824,1.962,0.053,0.029,0.109,4
2285531.23,10.806,-1.692,1.696,0.098,0.146,0.131,4
2285531.239,10.999,-1.561,1.407,0.142,0.303,0.148,4
2285531.25,11.012,-1.36,1.179,0.18,0.462,0.157,4
2285531.26,10.884,-1.158,1.073,0.217,0.594,0.159,4
2285531.279,10.447,-0.568,1.089,0.335,0.71,0.164,4
2285531.3,10.488,-0.256,-0.365,0.564,1.024,0.176,4
2285531.31,11.138,-0.045,-2.535,0.73,1.781,0.184,4
2285531.32,12.943,0.73,-10.885,0.88,1.771,0.131,4
2285531.33,13.979,0.942,-14.662,0.852,0.057,0.032,4
2285531.339,11.881,0.675,-12.373,0.672,-1.331,-0.016,4
2285531.35,10.271,0.581,-8.37,0.476,-1.536,-0.045,4
2285531.359,10.045,0.14,-5.156,0.249,-1.086,-0.075,4
2285531.38,10.822,-1.455,-1.837,-0.369,-0.189,-0.094,4
2285531.391,12.518,-3.014,0.056,-0.953,-0.209,-0.101,4
2285531.409,13.027,-3.647,0.782,-1.503,-0.514,-0.236,4
2285531.419,12.93,-3.978,1.132,-1.616,-0.457,-0.275,4
2285531.429,12.48,-4.062,1.417,-1.638,-0.269,-0.273,4
2285531.45,11.022,-4.049,2.097,-1.577,-0.021,-0.251,4
2285531.459,10.039,-3.76,2.249,-1.25,0.353,-0.158,4
2285531.469,9.323,-3.307,1.862,-1.038,0.346,-0.091,4
2285531.48,9.297,-2.908,1.216,-0.836,0.169,-0.04,4
2285531.489,9.574,-2.559,-0.039,-0.678,-0.073,-0.002,4
2285531.499,9.226,-2.384,-0.348,-0.571,-0.302,0.045,4
2285531.51,8.561,-2.234,-0.416,-0.578,-0.319,0.073,4
2285531.52,7.899,-2.13,-0.251,-0.633,-0.277,0.104,4
2285531.53,7.413,-2.058,0.079,-0.711,-0.214,0.129,4
2285531.54,7.17,-2.042,0.427,-0.792,-0.158,0.136,4
2285531.549,7.203,-2.097,0.649,-0.873,-0.127,0.13,4
2285531.56,7.399,-2.162,0.811,-0.951,-0.115,0.119,4
2285531.569,7.668,-2.217,0.939,-1.007,-0.117,0.113,4
2285531.58,7.977,-2.262,0.875,-1.03,-0.145,0.119,4
2285531.59,8.354,-2.362,0.603,-1.018,-0.2,0.14,4
2285531.599,8.749,-2.473,0.083,-0.969,-0.282,0.175,4
2285531.62,9.303,-2.423,-0.785,-0.768,-0.452,0.254,4
2285531.63,9.221,-2.155,-0.792,-0.682,-0.476,0.286,4
2285531.64,9.06,-1.764,-0.618,-0.606,-0.483,0.319,4
2285531.65,9.011,-1.311,-0.481,-0.549,-0.512,0.351,4
2285531.66,9.137,-0.781,-0.459,-0.506,-0.561,0.369,4
2285531.669,9.349,-0.079,-0.157,-0.453,-0.453,0.368,4
2285531.68,9.276,0.664,0.651,-0.354,-0.063,0.355,4
2285531.689,8.508,0.983,3.905,-0.065,0.224,0.352,4
2285531.7,8.508,0.983,3.905,-0.065,0.224,0.352,4
2285531.709,8.535,1.322,4.683,0.113,-0.106,0.378,4
2285531.72,8.489,1.506,4.193,0.172,-0.269,0.365,4
2285531.73,8.328,1.726,3.491,0.181,-0.213,0.307,4
2285531.739,7.936,2.003,3.03,0.148,0.031,0.214,4
2285531.75,7.297,2.212,3.35,0.134,0.308,0.128,4
2285531.759,7.103,2.313,3.368,0.193,0.534,0.08,4
2285531.769,7.701,2.177,2.415,0.236,0.704,0.059,4
2285531.78,9.402,1.815,1.471,0.214,0.797,0.026,4
2285531.79,12.255,1.263,0.826,0.133,0.825,0.015,4
2285531.8,16.019,0.365,0.227,0.015,0.848,0.046,4
2285531.81,19.309,-0.592,-0.337,-0.148,0.896,0.063,4
2285531.82,20.426,-1.097,-0.645,-0.453,0.933,-0.065,4
2285531.829,17.573,-0.563,-0.826,-0.633,1.029,-0.233,4
2285531.84,12.535,0.222,-1.176,-0.75,1.296,-0.256,4
2285531.85,8.433,0.638,-4.13,-0.932,2.001,-0.131,4
2285531.86,7.12,-1.445,-16.902,-1.663,2.488,-0.023,4
