2281664.347,3.827,-9.084,0.872,0.019,-0.029,0.004,0
2281664.357,3.8,-9.083,0.865,0.02,-0.032,0.003,0
2281664.367,3.8,-9.076,0.876,0.018,-0.031,0.003,0
2281664.377,3.796,-9.082,0.878,0.016,-0.031,0.001,0
2281664.387,3.798,-9.087,0.878,0.015,-0.026,-0.002,0
2281664.397,3.763,-9.103,0.894,0.015,-0.024,-0.003,0
2281664.407,3.738,-9.103,0.887,0.015,-0.014,-0.004,0
2281664.417,3.698,-9.095,0.896,0.016,-0.007,-0.004,0
2281664.427,3.688,-9.13,0.922,0.014,-0.003,-0.004,0
2281664.437,3.702,-9.139,0.947,0.016,-0.001,-0.004,0
2281664.447,3.705,-9.148,0.957,0.021,0.004,-0.004,0
2281664.457,3.711,-9.139,0.934,0.028,0.01,-0.003,0
2281664.467,3.715,-9.13,0.9,0.036,0.015,-0.003,0
2281664.477,3.728,-9.158,0.861,0.04,0.021,-0.002,0
2281664.487,3.757,-9.186,0.846,0.042,0.034,-0.002,0
2281664.497,3.824,-9.25,0.828,0.043,0.044,-0.002,0
2281664.507,3.876,-9.286,0.808,0.046,0.077,-0.002,0
2281664.517,3.864,-9.23,0.77,0.047,0.095,-0.004,0
2281664.527,3.796,-9.128,0.726,0.044,0.103,-0.004,0
2281664.537,3.739,-9.075,0.688,0.035,0.103,-0.015,0
2281664.548,3.733,-9.088,0.693,0.026,0.103,-0.016,0
2281664.557,3.799,-9.121,0.718,0.018,0.104,-0.016,0
2281664.567,3.865,-9.147,0.714,0.012,0.108,-0.013,0
2281664.587,3.856,-9.13,0.714,-0.002,0.097,-0.019,0
2281664.597,3.816,-9.093,0.692,-0.008,0.092,-0.022,0
2281664.608,3.593,-8.8,0.642,-0.015,0.091,-0.026,0
2281664.617,3.593,-8.8,0.642,-0.027,0.089,-0.037,0
2281664.627,3.467,-8.704,0.637,-0.04,0.083,-0.046,0
2281664.637,3.418,-8.818,0.735,-0.059,0.074,-0.051,0
2281664.647,3.508,-9.041,0.846,-0.073,0.065,-0.054,0
2281664.657,3.561,-9.259,0.931,-0.08,0.068,-0.054,0
2281664.667,3.538,-9.464,0.975,-0.076,0.087,-0.054,0
2281664.688,3.274,-9.448,0.964,-0.043,0.159,-0.052,0
2281664.697,3.191,-9.388,0.933,-0.023,0.194,-0.045,0
2281664.707,3.169,-9.349,0.912,-0.007,0.216,-0.04,0
2281664.717,3.173,-9.364,0.897,0.004,0.214,-0.028,0
2281664.727,3.171,-9.415,0.872,0.004,0.192,-0.022,0
2281664.737,3.14,-9.413,0.865,0.001,0.166,-0.014,0
2281664.747,3.126,-9.309,0.916,-0.005,0.144,0.001,0
2281664.757,3.206,-9.204,0.979,0.001,0.13,0.02,0
2281664.767,3.347,-9.17,1.055,0.018,0.117,0.033,0
2281664.777,3.453,-9.156,1.089,0.048,0.105,0.042,0
2281664.787,3.524,-9.174,1.075,0.081,0.093,0.05,0
2281664.797,3.615,-9.132,1.021,0.112,0.079,0.058,0
2281664.807,3.757,-9.069,0.962,0.138,0.064,0.065,0
2281664.817,3.909,-9.031,0.942,0.158,0.032,0.071,0
2281664.827,4.071,-8.978,0.929,0.184,-0.006,0.072,0
2281664.837,4.186,-8.89,0.887,0.199,-0.062,0.065,0
2281664.847,4.205,-8.76,0.839,0.217,-0.086,0.053,0
2281664.857,4.11,-8.591,0.693,0.235,-0.084,0.034,0
2281664.867,4.014,-8.605,0.583,0.254,-0.062,0.01,0
2281664.877,3.872,-8.669,0.47,0.274,-0.015,-0.015,0
2281664.887,3.646,-8.752,0.328,0.285,0.049,-0.04,0
2281664.897,3.367,-8.737,0.209,0.288,0.115,-0.06,0
2281664.907,3.141,-8.711,0.116,0.277,0.181,-0.073,0
2281664.918,2.955,-8.777,0.095,0.255,0.246,-0.079,0
2281664.927,2.854,-9.042,0.052,0.215,0.341,-0.086,0
2281664.938,2.882,-9.414,0.062,0.175,0.384,-0.085,0
2281664.947,3.009,-9.821,0.143,0.122,0.397,-0.079,0
2281664.958,3.141,-10.081,0.278,0.06,0.384,-0.081,0
2281664.967,3.109,-10.12,0.411,0.003,0.351,-0.098,0
2281664.978,2.789,-9.792,0.51,-0.039,0.322,-0.124,0
2281664.997,2.57,-9.017,0.792,-0.064,0.323,-0.115,0
2281665.007,2.812,-8.812,0.967,-0.049,0.321,-0.086,0
2281665.017,3.019,-8.716,1.086,-0.024,0.29,-0.072,0
2281665.027,3.032,-8.7,1.116,0.008,0.233,-0.076,0
2281665.037,2.896,-8.695,1.058,0.04,0.169,-0.089,0
2281665.047,2.728,-8.712,1.001,0.08,0.094,-0.102,0
2281665.057,2.57,-8.754,0.961,0.108,0.074,-0.101,0
2281665.067,2.572,-8.997,0.861,0.14,0.09,-0.092,0
2281665.077,2.646,-9.192,0.778,0.179,0.138,-0.085,0
2281665.088,2.654,-9.358,0.68,0.22,0.212,-0.09,0
2281665.107,2.543,-9.553,0.465,0.282,0.412,-0.12,0
2281665.118,2.473,-9.628,0.376,0.298,0.525,-0.127,0
2281665.127,2.437,-9.664,0.286,0.31,0.648,-0.124,0
2281665.137,2.422,-9.628,0.206,0.316,0.786,-0.117,0
2281665.147,2.405,-9.541,0.115,0.328,0.941,-0.109,0
2281665.157,2.4,-9.412,-0.018,0.344,1.188,-0.098,0
2281665.167,2.422,-9.257,-0.143,0.34,1.326,-0.087,0
2281665.179,2.487,-9.131,-0.273,0.314,1.418,-0.074,0
2281665.197,4.034,-8.536,-4.647,0.224,1.484,-0.044,0
2281665.207,6.041,-8.213,-9.025,0.001,1.276,-0.071,0
2281665.217,5.826,-8.149,-6.772,-0.429,0.836,-0.169,0
2281665.227,4.849,-8.265,-3.046,-0.715,0.585,-0.219,0
2281665.237,4.106,-8.517,0.125,-0.786,0.442,-0.197,0
2281665.247,3.685,-8.763,2.273,-0.701,0.251,-0.152,0
2281665.257,3.499,-9.009,3.145,-0.429,-0.146,-0.083,0
2281665.267,3.628,-9.175,2.946,-0.25,-0.373,-0.033,0
2281665.277,3.842,-9.213,2.592,-0.12,-0.526,0.019,0
2281665.287,4.401,-9.142,2.241,-0.018,-0.644,0.072,0
2281665.307,5.247,-9.172,1.765,0.118,-0.869,0.137,0
2281665.317,5.5,-8.948,1.583,0.157,-0.916,0.13,0
2281665.327,5.586,-8.616,1.495,0.183,-0.894,0.102,0
2281665.337,5.553,-8.231,1.315,0.194,-0.836,0.066,0
2281665.348,5.601,-7.787,0.967,0.18,-0.797,0.023,0
2281665.357,5.64,-7.308,0.631,0.12,-0.775,-0.027,0
2281665.367,5.717,-6.885,0.281,-0.031,-0.67,-0.112,0
2281665.377,5.681,-6.647,-0.122,-0.136,-0.484,-0.162,0
2281665.387,5.658,-6.666,-0.444,-0.243,-0.179,-0.197,0
2281665.397,5.569,-7.124,-0.42,-0.346,0.218,-0.238,0
2281665.407,5.416,-7.769,-0.347,-0.445,0.595,-0.298,0
2281665.417,5.306,-8.35,-0.381,-0.539,0.895,-0.364,0
2281665.427,5.01,-8.795,-0.718,-0.629,1.175,-0.421,0
2281665.437,4.838,-9.065,-1.021,-0.701,1.536,-0.454,0
2281665.447,4.847,-9.033,-0.988,-0.746,1.993,-0.468,0
2281665.457,4.399,-8.723,-2.324,-0.766,2.412,-0.465,0
2281665.467,3.029,-8.732,-6.68,-0.864,2.671,-0.425,0
2281665.477,2.649,-9.373,-8.186,-1.441,2.425,-0.276,0
2281665.487,3.26,-9.75,-2.712,-1.701,1.83,-0.231,0
2281665.497,3.271,-8.501,-0.621,-1.527,1.146,-0.224,0
2281665.507,3.257,-7.572,-0.364,-1.081,0.228,-0.203,0
2281665.518,3.113,-6.881,-0.858,-0.619,-0.8,-0.175,0
2281665.527,2.961,-6.371,-1,-0.316,-1.632,-0.142,0
2281665.537,2.958,-6.005,-0.308,-0.177,-2.097,-0.095,0
2281665.547,2.788,-5.718,0.656,-0.132,-2.217,-0.025,0
2281665.558,3.605,-5.428,1.523,-0.121,-2.035,0.053,0
2281665.567,3.942,-5.262,2.538,-0.165,-1.691,0.104,0
2281665.578,3.352,-5.242,3.307,-0.227,-1.389,0.115,0
2281665.587,3.01,-5.017,3.95,-0.319,-1.077,0.084,0
2281665.597,2.76,-4.626,3.975,-0.323,-1.049,0.052,0
2281665.607,2.333,-4.192,3.462,-0.279,-1.151,-0.002,0
2281665.617,2.078,-3.71,3.292,-0.263,-1.224,-0.069,0
2281665.627,1.4,-3.336,3.531,-0.271,-1.261,-0.147,0
2281665.637,-0.376,-2.896,4.795,-0.269,-1.263,-0.21,0
2281665.647,-2.754,-2.462,5.769,-0.208,-1.125,-0.174,0
2281665.657,-4.236,-2.455,5.47,-0.089,-0.87,-0.006,0
2281665.667,-4.89,-2.488,5.297,-0.001,-0.661,0.228,0
2281665.679,-6.598,-2.386,6.178,0.078,-0.345,0.593,0
2281665.697,-8.832,-2.407,7.404,0.256,-0.037,1.14,0
2281665.707,-9.268,-2.887,7.88,0.44,0.148,1.524,0
2281665.717,-3.04,-6.343,8.28,0.616,0.416,1.859,0
2281665.727,1.74,-9.479,9.008,0.729,0.702,1.974,0
2281665.737,5.405,-13.041,8.698,0.781,0.641,1.735,0
2281665.747,7.198,-15.632,8.831,0.662,0.266,1.305,0
2281665.757,9.563,-18.381,13.446,0.369,-0.148,0.861,0
2281665.767,13.445,-37.106,32.965,0.077,-0.412,0.552,0
2281665.777,19.913,-39.941,32.847,0.624,-0.103,0.323,0
2281665.787,33.202,-39.941,30.726,2.062,-0.088,0.374,0
2281665.807,22.424,-26.55,0.532,1.462,-1.455,0.203,0
2281665.817,15.516,-9.691,-0.476,0.181,-1.589,0.507,0
2281665.827,7.607,-2.689,-1.058,-0.677,-0.925,0.755,0
2281665.838,4.202,0.599,-1.963,-1.235,-0.076,1.252,0
2281665.847,6.29,2.765,-3.375,-1.644,0.629,1.881,0
2281665.857,6.252,2.397,3.452,-1.847,1.613,2.329,0
2281665.867,2.471,0.035,7.473,-1.472,1.989,2.609,0
2281665.877,-2.134,-6.558,4.529,-0.563,2.264,2.987,0
2281665.887,-7.716,-11.389,-1.006,0.373,2.908,3.205,0
2281665.897,-7.345,-11.221,-6.709,1.064,3.891,3.246,0
2281665.917,-3.817,-2.837,-16.649,0.829,2.032,2.414,0
2281665.927,-7.297,-3.854,-12.39,1.146,0.491,1.871,0
2281665.937,-7.623,-3.978,-6.57,1.522,-0.25,1.681,0
2281665.947,-1.87,-3.224,-3.994,1.783,-0.458,1.79,0
2281665.957,1.333,-3.398,-3.069,1.983,-0.605,1.788,0
2281665.967,0.645,-3.877,-3.206,2.092,-0.757,1.644,0
2281665.977,-1.997,-5.352,-2.842,2.111,-0.899,1.517,0
2281665.987,-4.849,-6.827,-2.185,2.093,-1.079,1.52,0
2281665.997,-6.973,-7.266,-1.328,2.12,-1.305,1.633,0
2281666.007,-6.776,-6.738,-0.162,2.167,-1.586,1.756,0
2281666.017,-4.381,-6.514,0.903,2.213,-1.947,1.844,0
2281666.027,-4.05,-6.012,2.12,2.205,-2.005,1.786,0
2281666.037,-5.344,-5.688,4.572,2.074,-1.9,1.734,0
2281666.047,-7.211,-5.167,7.297,1.926,-1.516,1.769,0
2281666.057,-13.418,-4.016,10.435,1.95,-0.987,1.688,0
2281666.067,-12.758,-6.307,11.55,2.042,-0.76,1.827,0
2281666.077,-7.178,-7.087,8.506,2.208,-0.325,2.241,0
2281666.087,-6.185,-5.527,5.747,2.1,-0.161,2.338,0
2281666.097,-10.215,-5.508,8.66,1.886,-0.401,2.04,0
2281666.107,-9.832,-5.475,11.676,1.828,-1.062,1.713,0
2281666.117,-10.771,-2.787,15.338,1.815,-1.579,1.038,0
2281666.127,-13.97,-1.913,20.449,1.817,-0.983,0.601,0
2281666.148,-5.687,-5.769,13.093,1.776,1.397,0.318,0
2281666.157,-2.303,-2.854,8.994,1.412,2.313,0.5,0
2281666.167,-0.199,1.263,7.321,0.873,2.793,0.681,0
2281666.179,-1.025,2.015,8.604,0.319,2.975,0.552,0
2281666.197,-9.341,-2.806,8.634,-0.368,2.224,-0.001,0
2281666.207,-11.647,-4.026,6.45,-0.464,1.748,-0.082,0
2281666.217,-12.021,-3.975,4.938,-0.571,1.379,-0.086,0
2281666.227,-8.823,-3.002,5.195,-0.856,1.184,-0.009,0
2281666.237,-5.272,-0.199,6.222,-1.018,1.131,-0.026,0
2281666.247,-4.403,1.417,6.133,-1.068,0.964,-0.134,0
2281666.257,-3.917,2.82,8.274,-1.059,0.869,-0.225,0
2281666.267,-4.172,3.737,10.096,-0.909,0.809,-0.282,0
2281666.281,-6.284,3.414,6.794,-0.646,0.704,-0.283,0
2281666.297,-6.632,3.048,5.844,-0.362,0.563,-0.2,0
2281666.307,-6.938,2.349,5.308,-0.304,0.497,-0.197,0
2281666.317,-7.449,2.163,4.978,-0.261,0.475,-0.208,0
2281666.327,-8.114,1.864,4.812,-0.199,0.467,-0.205,0
2281666.337,-9.102,1.665,4.954,-0.09,0.475,-0.15,0
2281666.347,-9.985,1.299,4.725,-0.025,0.446,-0.076,0
2281666.357,-10.364,0.574,4.238,0.027,0.437,0.008,0
2281666.367,-9.835,0.676,3.646,0.079,0.448,0.092,0
2281666.387,-8.473,0.433,2.312,0.174,0.357,0.224,0
2281666.397,-8.219,0.208,2.094,0.211,0.279,0.271,0
2281666.407,-8.154,0.156,2.314,0.25,0.202,0.309,0
2281666.417,-8.269,0.032,2.614,0.294,0.145,0.368,0
2281666.427,-8.453,-0.468,2.72,0.346,0.092,0.423,0
2281666.437,-8.695,-0.907,2.69,0.385,0.06,0.462,0
2281666.447,-9.093,-1.09,2.521,0.403,0.045,0.494,0
2281666.457,-9.709,-1.343,2.261,0.374,0.068,0.498,0
2281666.467,-9.927,-1.592,2.14,0.307,0.186,0.513,0
2281666.478,-9.669,-1.831,2.062,0.222,0.367,0.524,0
2281666.497,-8.193,-2.489,1.754,0.097,0.673,0.539,0
2281666.507,-6.926,-2.554,1.534,0.064,0.637,0.511,0
2281666.517,-6,-1.893,1.564,0.026,0.513,0.412,0
2281666.527,-6.085,-0.841,2.068,-0.022,0.411,0.242,0
2281666.537,-7.555,-0.21,2.852,-0.068,0.359,0.042,0
2281666.547,-9.474,0.011,3.273,-0.095,0.273,-0.114,0
2281666.557,-11.276,-0.812,3.27,-0.112,0.233,-0.137,0
2281666.567,-12.457,-2.076,3.336,-0.151,0.243,-0.127,0
2281666.577,-12,-1.907,3.715,-0.184,0.282,-0.098,0
2281666.587,-11.25,-0.863,4.038,-0.201,0.324,-0.067,0
2281666.597,-10.468,-0.132,4.225,-0.21,0.37,-0.039,0
2281666.607,-10.264,0.151,4.421,-0.206,0.419,-0.039,0
2281666.617,-9.972,0.181,4.532,-0.203,0.487,-0.055,0
2281666.627,-9.855,0.25,4.57,-0.183,0.547,-0.063,0
2281666.637,-9.993,0.192,4.391,-0.169,0.624,-0.081,0
2281666.647,-10.498,-0.248,3.966,-0.15,0.706,-0.11,0
2281666.657,-11.32,-0.419,3.573,-0.155,0.852,-0.155,0
2281666.667,-11.83,-0.563,3.062,-0.164,0.917,-0.174,0
2281666.677,-11.714,-0.778,2.86,-0.157,0.982,-0.167,0
2281666.697,-11.477,-0.575,1.929,-0.06,1.125,-0.148,0
2281666.707,-11.246,-0.587,1.379,0.011,1.194,-0.117,0
2281666.717,-11.128,-0.333,0.924,0.09,1.256,-0.086,0
2281666.727,-11.061,-0.265,0.653,0.153,1.309,-0.06,0
2281666.737,-11.077,-0.153,0.623,0.202,1.335,-0.05,0
2281666.747,-11.168,0.024,0.935,0.237,1.296,-0.041,0
2281666.757,-11.171,0.348,1.212,0.27,1.226,-0.037,0
2281666.767,-10.92,0.605,1.165,0.274,1.162,-0.053,0
2281666.777,-9.94,0.914,0.076,0.232,1.213,-0.122,0
2281666.787,-9.94,0.914,0.076,0.195,1.396,-0.241,0
2281666.797,-9.385,0.975,-2.012,0.206,1.653,-0.401,0
2281666.807,-10.035,0.852,-4.927,0.268,1.84,-0.571,0
2281666.817,-11.53,0.686,-8.815,0.356,1.815,-0.692,0
2281666.827,-11.333,0.298,-8.21,0.292,1.233,-0.713,0
2281666.837,-8.932,-0.132,-5.433,0.131,0.483,-0.655,0
2281666.847,-6.86,-0.778,-2.916,0.071,0.131,-0.573,0
2281666.858,-7.189,-1.243,-1.666,0.136,0.255,-0.544,0
2281666.867,-7.637,-1.705,-1.604,0.25,0.58,-0.574,0
2281666.877,-8.134,-2.181,-1.976,0.278,0.492,-0.592,0
2281666.887,-8.54,-2.811,-2.349,0.306,0.25,-0.6,0
2281666.897,-8.331,-3.192,-3.03,0.342,0.026,-0.576,0
2281666.907,-7.55,-2.836,-3.981,0.352,-0.082,-0.539,0
2281666.917,-6.315,-2.119,-4.83,0.298,-0.091,-0.537,0
2281666.927,-5.824,-1.283,-5.175,0.193,-0.042,-0.615,0
2281666.937,-6.519,-0.479,-4.891,0.081,0.042,-0.74,0
2281666.947,-7.5,-0.055,-4.215,0.009,0.16,-0.842,0
2281666.958,-8.508,-0.148,-3.365,-0.023,0.25,-0.899,0
2281666.967,-9.805,-0.79,-2.404,-0.019,0.237,-0.91,0
2281666.977,-12.151,-3.871,-0.328,0.07,0.068,-0.82,0
2281666.997,-12.767,-5.201,0.361,0.307,-0.187,-0.505,0
2281667.007,-11.938,-6.096,-0.005,0.441,-0.323,-0.28,0
2281667.017,-10.179,-6.014,-0.808,0.561,-0.518,-0.059,0
2281667.027,-8.695,-5.869,-1.527,0.626,-0.772,0.101,0
2281667.037,-7.82,-5.601,-2.083,0.632,-0.997,0.166,0
2281667.047,-7.297,-5.223,-2.634,0.593,-1.127,0.173,0
2281667.057,-7.089,-4.821,-2.892,0.533,-1.139,0.154,0
2281667.067,-6.859,-4.514,-2.771,0.456,-1.12,0.118,0
2281667.077,-6.759,-4.51,-2.789,0.376,-1.065,0.086,0
2281667.088,-6.888,-4.485,-3.032,0.257,-0.958,0.01,0
2281667.107,-7.034,-4.8,-3.187,0.008,-1.06,-0.113,0
2281667.117,-6.923,-4.817,-3.363,-0.113,-1.142,-0.199,0
2281667.127,-6.982,-4.447,-3.535,-0.205,-1.159,-0.301,0
2281667.138,-7.118,-3.618,-2.933,-0.284,-1.082,-0.398,0
2281667.147,-6.658,-3.116,-1.648,-0.342,-0.99,-0.447,0
2281667.157,-5.818,-2.911,-0.699,-0.362,-0.974,-0.47,0
2281667.167,-5.336,-3.497,0.237,-0.351,-1.064,-0.516,0
2281667.187,-6.116,-4.132,0.236,-0.326,-1.349,-0.692,0
2281667.197,-7.029,-4.976,0.04,-0.348,-1.519,-0.699,0
2281667.207,-7.48,-6.051,-0.564,-0.417,-1.57,-0.674,0
2281667.217,-8.113,-8.171,-1.294,-0.539,-1.505,-0.655,0
2281667.227,-8.529,-8.693,-0.875,-0.695,-1.318,-0.655,0
2281667.237,-9.049,-8.788,-0.072,-0.853,-1.035,-0.665,0
2281667.247,-9.374,-8.358,0.923,-0.969,-0.724,-0.691,0
2281667.257,-9.023,-7.733,1.179,-1.023,-0.522,-0.705,0
2281667.267,-8.287,-7.266,1.095,-1.035,-0.531,-0.731,0
2281667.277,-7.606,-7.037,1.123,-1.045,-0.619,-0.799,0
2281667.287,-7.534,-6.752,1.149,-1.062,-0.706,-1.012,0
2281667.297,-7.721,-6.55,1.442,-1.075,-0.739,-1.163,0
2281667.307,-7.683,-6.584,1.755,-1.073,-0.633,-1.28,0
2281667.317,-7.865,-6.787,1.909,-1.047,-0.48,-1.359,0
2281667.327,-8.12,-7.253,2.074,-1.009,-0.299,-1.381,0
2281667.337,-8.148,-7.698,2.233,-0.964,-0.172,-1.364,0
2281667.347,-8.474,-7.842,2.65,-0.912,-0.071,-1.34,0
2281667.357,-9.438,-7.521,2.972,-0.839,0.057,-1.298,0
2281667.367,-10.328,-6.985,3.013,-0.75,0.173,-1.214,0
2281667.378,-10.68,-6.859,2.858,-0.663,0.238,-1.101,0
2281667.387,-10.427,-7.361,2.318,-0.573,0.231,-0.99,0
2281667.397,-9.779,-7.987,1.84,-0.566,0.23,-0.977,0
2281667.407,-8.911,-8.239,1.797,-0.578,0.302,-0.988,0
2281667.417,-8.142,-8.108,1.98,-0.573,0.659,-1.015,0
2281667.427,-7.422,-7.8,2.151,-0.542,0.951,-1.042,0
2281667.437,-7.131,-7.592,2.655,-0.487,1.16,-1.064,0
2281667.457,-6.895,-7.992,2.795,-0.341,1.263,-0.974,0
2281667.467,-6.763,-8.365,2.458,-0.297,1.161,-0.874,0
2281667.477,-5.677,-8.461,1.567,-0.286,0.925,-0.704,0
2281667.497,-2.256,-8.403,-2.506,-0.338,0.298,-0.32,0
2281667.507,-0.674,-8.679,-4.2,-0.403,0.136,-0.166,0
2281667.517,-0.012,-9.028,-4.763,-0.486,0.352,-0.03,0
2281667.527,-0.499,-9.783,-3.448,-0.522,0.556,-0.018,0
2281667.537,-1.21,-10.255,-2.205,-0.51,0.453,-0.053,0
2281667.547,-0.916,-11.251,-4.266,-0.45,0.076,-0.128,0
2281667.558,-2.583,-11.918,-4.054,-0.476,-0.084,-0.263,0
2281969.64,4.426,-8.546,1.213,0.127,-0.181,-0.026,0
2281969.65,4.396,-8.486,1.213,0.131,-0.193,-0.029,0
2281969.66,4.387,-8.481,1.237,0.133,-0.2,-0.032,0
2281969.671,4.401,-8.525,1.228,0.134,-0.202,-0.031,0
2281969.68,4.434,-8.518,1.251,0.134,-0.199,-0.029,0
2281969.691,4.457,-8.494,1.294,0.135,-0.191,-0.029,0
2281969.701,4.515,-8.489,1.338,0.139,-0.184,-0.029,0
2281969.71,4.564,-8.486,1.388,0.155,-0.178,-0.034,0
2281969.72,4.626,-8.489,1.459,0.17,-0.186,-0.037,0
2281969.73,4.675,-8.458,1.495,0.19,-0.206,-0.039,0
2281969.74,4.755,-8.469,1.539,0.21,-0.238,-0.041,0
2281969.75,4.893,-8.512,1.638,0.233,-0.282,-0.041,0
2281969.761,5.017,-8.556,1.71,0.263,-0.332,-0.043,0
2281969.77,5.079,-8.513,1.825,0.298,-0.391,-0.047,0
2281969.78,5.079,-8.513,1.825,0.334,-0.446,-0.049,0
2281969.79,5.034,-8.344,1.86,0.376,-0.5,-0.048,0
2281969.8,5.045,-8.256,1.857,0.418,-0.554,-0.041,0
2281969.81,5.079,-8.248,1.79,0.462,-0.606,-0.036,0
2281969.82,5.129,-8.267,1.708,0.519,-0.68,-0.037,0
2281969.83,5.19,-8.27,1.581,0.547,-0.729,-0.043,0
2281969.85,5.444,-8.362,1.544,0.567,-0.819,-0.064,0
2281969.86,5.594,-8.413,1.593,0.57,-0.871,-0.079,0
2281969.87,5.682,-8.442,1.658,0.575,-0.928,-0.095,0
2281969.88,5.776,-8.452,1.727,0.585,-0.982,-0.111,0
2281969.89,5.834,-8.413,1.809,0.596,-1.034,-0.128,0
2281969.9,5.852,-8.374,1.87,0.608,-1.081,-0.145,0
2281969.91,5.834,-8.292,1.935,0.627,-1.127,-0.161,0
2281969.92,5.745,-8.206,1.963,0.65,-1.213,-0.186,0
2281969.94,5.541,-8.065,1.968,0.668,-1.368,-0.227,0
2281969.95,5.365,-7.961,1.934,0.671,-1.462,-0.26,0
2281969.96,5.161,-7.854,1.84,0.665,-1.547,-0.294,0
2281969.97,5.002,-7.825,1.764,0.643,-1.6,-0.33,0
2281969.98,4.879,-7.875,1.768,0.61,-1.624,-0.366,0
2281969.99,4.779,-8.024,1.835,0.569,-1.63,-0.404,0
2281970,4.445,-8.352,1.958,0.531,-1.632,-0.437,0
2281970.01,4.194,-8.485,2.028,0.491,-1.624,-0.47,0
2281970.02,3.901,-8.638,2.063,0.45,-1.6,-0.501,0
2281970.03,3.623,-8.881,2.197,0.376,-1.552,-0.542,0
2281970.04,3.383,-9.143,2.367,0.323,-1.439,-0.564,0
2281970.05,3.213,-9.424,2.598,0.274,-1.349,-0.578,0
2281970.06,3.049,-9.742,2.897,0.236,-1.244,-0.586,0
2281970.07,2.905,-9.991,3.188,0.216,-1.134,-0.585,0
2281970.08,2.815,-10.154,3.512,0.224,-1.03,-0.571,0
2281970.09,2.638,-10.078,3.856,0.263,-0.93,-0.554,0
2281970.1,2.412,-9.857,4.056,0.337,-0.833,-0.527,0
2281970.11,2.313,-9.469,4.041,0.436,-0.784,-0.497,0
2281970.12,2.272,-9.069,3.824,0.528,-0.815,-0.467,0
2281970.141,2.039,-8.363,3.356,0.626,-1.046,-0.425,0
2281970.15,1.947,-8.165,3.218,0.618,-1.206,-0.387,0
2281970.16,1.83,-8.098,3.186,0.581,-1.256,-0.373,0
2281970.17,1.603,-8.038,3.313,0.542,-1.263,-0.368,0
2281970.18,1.263,-7.804,3.893,0.557,-1.222,-0.352,0
2281970.19,1.069,-7.516,4.681,0.828,-1.008,-0.282,0
2281970.2,1.84,-7.467,-2.769,1.454,-0.936,-0.158,0
2281970.21,2.432,-7.987,-10.083,1.583,-2.478,-0.095,0
2281970.22,1.862,-8.247,-11.566,1.213,-3.87,-0.079,0
2281970.23,2.173,-9.139,-11.135,0.774,-4.514,-0.055,0
2281970.241,3.485,-9.637,-10.596,0.271,-4.228,0.037,0
2281970.25,4.993,-10.347,-8.951,-0.093,-2.925,0.052,0
2281970.26,6.372,-10.618,-5.88,-0.497,-2.065,0.001,0
2281970.27,7.24,-10.227,-2.338,-0.848,-1.629,-0.117,0
2281970.28,7.797,-9.76,0.37,-1.058,-1.579,-0.267,0
2281970.29,7.845,-9.144,1.37,-1.104,-1.706,-0.418,0
2281970.3,7.441,-8.407,2.24,-1.075,-1.879,-0.541,0
2281970.31,6.755,-7.529,2.791,-1.034,-2,-0.623,0
2281970.32,6.655,-6.414,3.838,-1.019,-1.975,-0.666,0
2281970.35,6.611,-2.468,2.542,-1.068,-1.682,-0.846,0
2281970.36,6.504,-1.034,2.871,-1.135,-1.384,-0.881,0
2281970.37,6.288,0.439,2.125,-1.062,-1.223,-0.878,0
2281970.38,6.115,1.587,0.948,-0.936,-1.08,-0.861,0
2281970.39,6.309,2.106,0.515,-0.762,-0.952,-0.877,0
2281970.4,6.277,2.067,0.701,-0.541,-0.891,-0.971,0
2281970.41,5.725,1.572,0.702,-0.28,-0.905,-1.131,0
2281970.42,4.581,0.431,-0.466,-0.033,-0.891,-1.323,0
2281970.43,3.428,-1.498,-2.08,0.138,-0.691,-1.503,0
2281970.44,3.414,-6.178,-4.755,0.205,-0.361,-1.651,0
2281970.45,4.67,-9.081,-6.903,0.18,-0.052,-1.768,0
2281970.46,5.894,-11.958,-9.849,0.065,0.156,-1.847,0
2281970.47,7.2,-13.297,-12.338,-0.37,0.358,-1.914,0
2281970.48,7.828,-11.654,-11.838,-0.715,0.641,-1.893,0
2281970.49,8.066,-7.078,-9.644,-0.934,1.049,-1.787,0
2281970.5,6.958,-2,-7.334,-1.04,1.221,-1.641,0
2281970.51,4.963,1.746,-6.384,-1.059,1.162,-1.48,0
2281970.52,4.524,4.691,-7.783,-0.972,1.209,-1.272,0
2281970.53,6.663,7.667,-16.3,-0.817,1.418,-1.072,0
2281970.54,14.016,11.682,-36.534,-0.887,1.618,-0.955,0
2281970.55,32.045,10.121,-39.995,-1.579,1.629,-1.048,0
2281970.57,32.986,-6.776,-31.117,-2.087,1.614,-1.996,0
2281970.58,21.913,-5.448,-22.522,-0.965,2.088,-1.671,0
2281970.59,16.976,-2.094,-17.031,-0.522,1.739,-0.734,0
2281970.6,16.329,1.104,-14.039,-0.332,0.603,-0.051,0
2281970.61,15.435,3.278,-12.386,-0.169,-0.735,0.2,0
2281970.62,15.04,4.633,-12.065,-0.121,-0.752,0.122,0
2281970.635,10.668,4.008,-9.475,-0.085,-0.439,-0.277,0
2281970.65,5.808,2.081,-6.953,-0.268,-0.234,-1.451,0
2281970.67,0.741,-1.681,-3.146,-0.643,-0.577,-1.819,0
2281970.68,1.975,-1.542,-2.71,-0.811,-0.304,-1.699,0
2281970.69,4.18,-0.901,-2.113,-0.956,0.767,-1.33,0
2281970.7,6.893,-0.083,-2.358,-0.988,1.511,-1.093,0
2281970.71,9.424,0.881,-3.728,-1.044,2.023,-0.956,0
2281970.72,10.537,2.053,-4.877,-1.195,2.266,-0.959,0
2281970.73,9.894,3.179,-4.644,-1.42,2.279,-1.043,0
2281970.74,8.514,4.215,-3.932,-1.572,2.141,-1.126,0
2281970.75,7.728,4.996,-3.427,-1.55,1.978,-1.172,0
2281970.76,7.533,5.881,-3.369,-1.342,1.773,-1.205,0
2281970.77,7.598,6.384,-4.031,-0.976,1.409,-1.243,0
2281970.78,7.068,6.071,-5.43,-0.552,0.731,-1.301,0
2281970.79,5.667,5.345,-6.512,-0.08,-0.605,-1.403,0
2281970.8,3.835,4.337,-6.472,0.075,-1.292,-1.412,0
2281970.81,1.725,2.465,-5.295,0.133,-1.687,-1.368,0
2281970.82,0.309,0.334,-3.677,0.128,-1.814,-1.293,0
2281970.83,-0.35,-1.526,-1.561,0.1,-1.771,-1.233,0
2281970.84,-0.785,-2.607,0.24,0.075,-1.701,-1.183,0
2281970.85,-1.002,-2.706,1.376,0.042,-1.655,-1.121,0
2281970.86,-1.226,-2.349,1.641,-0.032,-1.617,-1.037,0
2281970.87,0.287,1.442,2.38,-0.15,-1.521,-0.904,0
2281970.88,1.136,3.672,1.56,-0.246,-1.457,-0.756,0
2281970.89,1.215,5.601,-0.41,-0.317,-1.419,-0.632,0
2281970.9,0.581,6.742,-1.763,-0.528,-1.141,-0.442,0
2281970.911,-0.043,6.871,-1.366,-0.738,-0.814,-0.262,0
2281970.92,-0.378,6.954,-1.326,-0.894,-0.574,-0.043,0
2281970.93,-0.24,6.804,-0.189,-1.034,-0.41,0.214,0
2281970.94,0.073,6.492,0.961,-1.094,-0.395,0.476,0
2281970.95,0.276,6.211,1.5,-1.065,-0.514,0.717,0
2281970.96,0.431,6.008,1.432,-0.986,-0.711,0.951,0
2281970.971,0.72,5.662,0.966,-0.899,-0.927,1.192,0
2281970.981,1.744,5.642,0.684,-0.836,-1.112,1.421,0
2281970.99,2.859,5.726,0.565,-0.792,-1.248,1.588,0
2281971.001,3.916,5.686,0.702,-0.739,-1.48,1.737,0
2281971.01,4.813,5.829,0.854,-0.696,-1.711,1.796,0
2281971.021,5.343,6.322,0.873,-0.663,-1.983,1.847,0
2281971.03,5.952,6.897,0.874,-0.626,-2.256,1.887,0
2281971.04,8.086,9.415,-0.393,-0.588,-2.516,1.912,0
2281971.05,8.086,9.415,-0.393,-0.589,-2.635,1.913,0
2281971.06,10.204,14.121,-0.553,-0.567,-2.616,1.8,0
2281971.07,12.095,20.481,-2.585,-0.519,-2.614,1.428,0
2281971.08,10.295,25.734,-4.009,-0.778,-2.159,0.899,0
2281971.09,8.239,23.203,-1.029,-1.224,-1.239,0.464,0
2281971.1,6.512,20.701,1.19,-1.396,-0.379,0.259,0
2281971.11,5.271,17.616,1.895,-1.053,0.124,0.193,0
2281971.12,4.225,13.906,2.256,-0.819,0.122,0.203,0
2281971.15,3.461,5.023,4.259,-0.499,0.238,0.266,0
2281971.16,3.981,3.38,5.134,-0.379,0.28,0.28,0
2281971.17,4.589,2.379,5.891,-0.21,0.28,0.297,0
2281971.18,5.172,1.917,6.641,0.007,0.197,0.32,0
2281971.19,5.728,2.021,7.013,0.287,0.049,0.363,0
2281971.2,6.951,2.982,6.417,0.618,-0.161,0.445,0
2281971.21,7.655,4.354,5.186,1.103,-0.562,0.539,0
2281971.23,8.462,6.858,2.368,1.627,-0.824,0.542,0
2281971.24,8.607,7.765,0.802,1.828,-0.782,0.463,0
2281971.25,8.575,8.295,-0.674,1.983,-0.607,0.341,0
2281971.26,8.522,8.507,-2.41,2.086,-0.269,0.203,0
2281971.27,8.259,8.39,-4.769,2.111,0.238,0.076,0
2281971.28,5.676,8.351,-12.063,1.888,1.1,0.036,0
2281971.29,2.673,6.823,-13.046,1.219,2.509,0.2,0
2281971.3,5.042,6.37,-7.17,0.487,3.542,0.4,0
2281971.31,6.674,6.089,-3.707,0.112,3.541,0.439,0
2281971.32,7.587,5.552,-3.24,0.084,2.258,0.374,0
2281971.35,8.079,3.191,-6.256,-0.221,0.586,0.312,0
2281971.37,7.733,3.339,-5.002,-0.696,0.323,0.378,0
2281971.38,7.393,2.885,-5.413,-0.872,0.134,0.47,0
2281971.39,6.627,1.796,-6.851,-1.035,0.113,0.595,0
2281971.4,5.553,0.907,-8.17,-1.189,0.365,0.75,0
2281971.41,4.705,0.416,-7.928,-1.318,0.872,0.951,0
2281971.431,3.312,0.702,-5.433,-1.025,1.87,1.552,0
2281971.44,2.947,1.199,-4.825,-0.644,2.027,1.826,0
2281971.45,3.513,2.008,-4.049,-0.242,2.062,2.133,0
2281971.46,5.233,2.856,-3.027,0.054,1.922,2.449,0
2281971.47,7.344,3.529,-1.669,0.154,1.776,2.737,0
2281971.48,9.244,3.706,0.175,0.114,1.671,2.944,0
2281971.49,10.902,2.861,1.641,0.029,1.666,3.052,0
2281971.5,13.228,0.756,2.625,-0.071,1.825,3.023,0
2281971.511,17.817,-4.617,6.285,-0.118,2.101,2.806,0
2281971.53,19.558,-8.794,6.746,0.286,2.269,1.874,0
2281971.54,18.201,-10.239,5.247,0.724,2.009,1.042,0
2281971.55,15.375,-10.848,1.77,0.867,1.844,0.623,0
2281971.56,12.33,-10.53,-2.798,0.743,1.816,0.412,0
2281971.57,10.692,-9.231,-4.761,0.293,1.73,0.34,0
2281971.58,10.914,-7.037,-2.025,-0.266,1.181,0.272,0
2281971.59,11.36,-4.343,3.513,-0.625,0.274,0.153,0
2281971.6,10.568,-2.614,6.859,-0.614,-0.186,0.008,0
2281971.61,8.829,-1.638,6.727,-0.351,-0.28,-0.072,0
2281971.62,7.869,-1.37,4.955,-0.095,-0.417,-0.056,0
2281971.64,8.033,-2.153,2.858,-0.05,-0.765,0.034,0
2281971.65,8.463,-2.756,2.589,-0.146,-0.743,0.033,0
2281971.66,8.732,-3.287,2.766,-0.155,-0.604,0.012,0
2281971.67,8.955,-3.687,3.191,-0.091,-0.372,-0.004,0
2281971.68,9.302,-3.993,3.633,0.039,-0.075,-0.016,0
2281971.69,9.65,-4.087,3.789,0.196,0.204,-0.037,0
2281971.7,9.95,-3.981,3.634,0.326,0.365,-0.066,0
2281971.71,9.989,-3.768,3.417,0.384,0.428,-0.109,0
2281971.731,9.391,-3.248,4.591,0.345,0.258,-0.175,0
2281971.74,9.805,-3.198,4.875,0.315,0.029,-0.183,0
2281971.75,10.367,-3.213,4.843,0.288,-0.246,-0.196,0
2281971.76,11.003,-3.296,4.543,0.283,-0.593,-0.217,0
2281971.77,11.57,-3.309,4.144,0.284,-0.734,-0.252,0
2281971.78,11.971,-3.29,3.704,0.288,-0.793,-0.297,0
2281971.79,12.173,-3.199,3.301,0.299,-0.785,-0.353,0
2281971.8,12.137,-3.01,3.007,0.32,-0.734,-0.414,0
2281971.81,11.895,-2.682,2.809,0.346,-0.659,-0.475,0
2281971.83,11.136,-1.815,2.782,0.382,-0.581,-0.598,0
2281971.84,10.859,-1.41,2.935,0.381,-0.619,-0.655,0
2281971.85,10.659,-0.977,3.102,0.367,-0.705,-0.712,0
2281971.86,10.494,-0.605,3.258,0.345,-0.831,-0.77,0
2281971.87,10.378,-0.359,3.386,0.312,-1.047,-0.842,0
2281971.88,10.422,-0.175,3.47,0.304,-1.18,-0.883,0
2281971.89,10.547,-0.104,3.3,0.308,-1.318,-0.929,0
2281971.9,10.78,-0.027,3.184,0.318,-1.452,-0.982,0
2281971.91,11.024,0.167,2.712,0.331,-1.545,-1.051,0
2281971.92,11.166,0.465,1.772,0.319,-1.6,-1.13,0
2281971.93,11.095,0.795,0.514,0.268,-1.586,-1.206,0
2281971.94,10.461,1.692,-1.567,0.162,-1.496,-1.259,0
2281971.95,9.916,2.161,-1.613,0.03,-1.373,-1.288,0
2281971.96,9.309,2.571,-1.392,-0.12,-1.294,-1.293,0
2281971.97,8.826,2.948,-1.178,-0.161,-1.341,-1.266,0
2281971.98,8.419,3.287,-1.017,-0.17,-1.42,-1.223,0
2281971.99,8.23,3.523,-0.974,-0.158,-1.486,-1.169,0
2281972,8.322,3.745,-0.95,-0.134,-1.503,-1.114,0
2281972.01,8.461,3.915,-0.793,-0.108,-1.476,-1.069,0
2281972.032,8.505,4.233,-0.575,-0.002,-1.362,-1.01,0
2281972.042,8.38,4.374,-0.654,0.068,-1.273,-0.991,0
2281972.051,8.169,4.51,-0.808,0.137,-1.154,-0.971,0
2281972.06,7.992,4.6,-0.819,0.192,-0.98,-0.938,0
2281972.07,7.869,4.683,-0.977,0.249,-0.774,-0.888,0
2281972.08,7.732,4.702,-0.85,0.312,-0.433,-0.807,0
2281972.09,7.589,4.697,-0.834,0.356,-0.214,-0.755,0
2281972.1,7.529,4.624,-0.826,0.393,-0.02,-0.703,0
2281972.11,7.659,4.521,-0.912,0.421,0.129,-0.663,0
2281972.12,7.841,4.478,-1.058,0.44,0.236,-0.646,0
2281972.14,7.401,4.436,-1.876,0.421,0.462,-0.62,0
2281972.15,7.183,4.398,-2.234,0.363,0.608,-0.571,0
2281972.16,7.129,4.51,-2.49,0.29,0.724,-0.528,0
2281972.17,7.137,4.679,-2.428,0.219,0.801,-0.5,0
2281972.18,6.96,4.667,-2.499,0.119,0.85,-0.484,0
2281972.19,6.903,4.68,-2.366,0.041,0.914,-0.473,0
2281972.2,6.697,4.716,-1.991,-0.035,1.001,-0.464,0
2281972.21,6.504,4.744,-1.51,-0.09,1.098,-0.455,0
2281972.233,6.633,5.199,-0.463,-0.004,1.322,-0.422,0
2281972.25,6.948,5.942,0.043,0.492,1.394,-0.351,0
2281972.26,7.34,6.002,-0.841,0.858,1.294,-0.285,0
2281972.27,7.75,5.778,-2.148,1.158,1.181,-0.227,0
2281972.28,7.937,5.482,-3.483,1.332,1.095,-0.191,0
2281972.29,7.858,5.148,-4.397,1.31,0.981,-0.168,0
2281972.3,7.689,4.854,-4.691,1.155,0.836,-0.158,0
2281972.31,7.413,4.585,-4.456,0.94,0.6,-0.151,0
2281972.32,7.12,4.329,-3.705,0.714,0.308,-0.153,0
2281972.34,6.655,4.152,-2.343,0.438,-0.187,-0.178,0
2281972.35,6.45,4.198,-2.1,0.403,-0.159,-0.173,0
2281972.36,6.345,4.257,-1.702,0.432,0.054,-0.143,0
2281972.37,6.089,4.414,-0.8,0.544,0.341,-0.089,0
2281972.38,5.911,4.474,-1.268,0.737,0.58,-0.031,0
2281972.39,6.222,4.452,-2.523,0.966,0.676,0.034,0
2281972.4,7.035,4.276,-3.779,1.178,0.643,0.133,0
2281972.41,7.78,4.131,-4.729,1.167,0.523,0.172,0
2281972.42,8.309,4.205,-5.271,1.065,0.312,0.195,0
2281972.44,8.724,4.694,-5.314,0.809,-0.293,0.261,0
2281972.45,8.35,4.824,-4.73,0.732,-0.519,0.302,0
2281972.46,7.715,4.824,-4.032,0.707,-0.645,0.33,0
2281972.47,7.144,4.655,-3.469,0.715,-0.699,0.343,0
2281972.48,6.726,4.464,-3.11,0.731,-0.694,0.354,0
2281972.49,6.416,4.175,-3.018,0.751,-0.639,0.37,0
2281972.5,6.24,3.809,-3.291,0.764,-0.542,0.387,0
2281972.51,6.053,3.518,-3.763,0.741,-0.313,0.411,0
2281972.52,5.864,3.334,-4.352,0.687,-0.126,0.424,0
2281972.54,5.801,3.075,-5.106,0.53,0.218,0.436,0
2281972.55,5.94,2.983,-5.371,0.462,0.344,0.428,0
2281972.56,6.305,2.95,-5.477,0.426,0.44,0.426,0
2281972.57,6.931,3.024,-5.544,0.438,0.478,0.447,0
2281972.58,8.826,3.14,-5.809,0.478,0.449,0.479,0
2281972.59,9.833,3.389,-6.409,0.494,0.375,0.504,0
2281972.6,10.574,3.564,-6.415,0.458,0.29,0.516,0
2281972.61,10.981,3.782,-6.149,0.338,0.219,0.505,0
2281972.62,11.165,3.927,-5.723,0.255,0.138,0.484,0
2281972.64,10.938,3.872,-5.215,0.161,0.043,0.401,0
2281972.65,10.675,3.673,-5.029,0.139,0.036,0.359,0
2281972.66,10.538,3.475,-4.758,0.119,0.034,0.326,0
2281972.67,10.56,3.354,-4.476,0.1,0.034,0.296,0
2281972.68,10.73,3.275,-4.297,0.089,0.039,0.258,0
2281972.69,11.012,3.234,-4.147,0.082,0.047,0.214,0
2281972.7,11.125,3.217,-4.178,0.075,0.038,0.155,0
2281972.71,11.058,3.113,-4.377,0.046,0.023,0.093,0
2281972.72,10.787,2.952,-4.686,-0.035,0.01,0.012,0
2281972.73,10.278,2.828,-4.937,-0.103,0.016,-0.024,0
2281972.74,9.653,2.798,-4.871,-0.164,0.031,-0.04,0
2281972.75,9.097,2.771,-4.459,-0.215,0.042,-0.041,0
2281972.76,8.763,2.725,-3.928,-0.25,0.068,-0.037,0
2281972.77,8.607,2.64,-3.479,-0.263,0.119,-0.032,0
2281972.78,8.567,2.59,-3.207,-0.249,0.185,-0.034,0
2281972.79,8.569,2.603,-3.213,-0.23,0.24,-0.041,0
2281972.8,8.564,2.604,-3.523,-0.221,0.266,-0.053,0
2281972.81,8.657,2.571,-3.369,-0.233,0.265,-0.069,0
2281972.82,8.839,2.629,-3.044,-0.259,0.263,-0.087,0
2281972.832,9.193,2.692,-2.75,-0.277,0.286,-0.128,0
2281972.85,9.957,2.684,-2.997,-0.234,0.382,-0.206,0
2281972.86,10.065,2.594,-3.429,-0.219,0.423,-0.249,0
2281972.87,10.095,2.496,-3.746,-0.232,0.426,-0.295,0
2281972.88,10.084,2.432,-3.777,-0.272,0.392,-0.34,0
2281972.89,9.969,2.483,-3.616,-0.317,0.342,-0.387,0
2281972.9,9.794,2.584,-3.312,-0.352,0.307,-0.428,0
2281972.91,9.719,2.737,-2.958,-0.366,0.307,-0.459,0
2281972.92,9.752,2.938,-2.562,-0.356,0.341,-0.479,0
2281972.93,9.829,3.098,-2.336,-0.333,0.363,-0.491,0
2281972.94,10.044,3.251,-2.413,-0.286,0.362,-0.494,0
2281972.96,10.289,3.741,-3.302,-0.262,0.312,-0.506,0
2282118.233,0.913,-9.095,1.444,-0.108,0.082,-0.079,0
2282118.25,0.701,-8.604,1.509,-0.065,0.026,-0.054,0
2282118.26,0.547,-8.379,1.478,-0.041,-0.004,-0.043,0
2282118.271,0.405,-8.198,1.418,-0.016,-0.028,-0.029,0
2282118.28,0.273,-8.093,1.343,0.007,-0.047,-0.014,0
2282118.291,0.167,-8.053,1.239,0.024,-0.064,0.001,0
2282118.301,0.061,-8.018,1.157,0.04,-0.083,0.015,0
2282118.311,0.038,-8.057,1.106,0.057,-0.117,0.035,0
2282118.321,0.052,-8.154,1.055,0.068,-0.134,0.048,0
2282118.33,0.165,-8.258,1.003,0.082,-0.134,0.057,0
2282118.34,0.251,-8.275,0.947,0.105,-0.109,0.065,0
2282118.35,0.273,-8.236,0.857,0.132,-0.061,0.076,0
2282118.361,0.309,-8.228,0.793,0.165,0.007,0.087,0
2282118.37,0.316,-8.232,0.706,0.202,0.094,0.1,0
2282118.38,0.137,-8.057,0.404,0.237,0.198,0.106,0
2282118.39,-0.06,-7.92,0.194,0.268,0.321,0.112,0
2282118.4,-0.331,-7.814,-0.024,0.288,0.462,0.109,0
2282118.41,-0.645,-7.811,-0.157,0.293,0.618,0.105,0
2282118.42,-0.857,-8.029,-0.254,0.276,0.865,0.106,0
2282118.43,-0.911,-8.601,-0.256,0.257,1.041,0.109,0
2282118.45,-0.541,-10.905,0.018,0.254,1.434,0.096,0
2282118.46,-0.229,-12.484,0.355,0.304,1.676,0.073,0
2282118.47,0.052,-14.071,0.619,0.432,1.971,0.042,0
2282118.48,0.288,-15.364,0.684,0.616,2.275,0.018,0
2282118.49,0.338,-16.08,0.553,0.809,2.525,0.008,0
2282118.5,0.046,-15.625,0.236,0.958,2.674,0.03,0
2282118.51,-0.347,-13.754,-0.219,1.032,2.703,0.1,0
2282118.52,-0.481,-11.337,-0.771,0.987,2.572,0.26,0
2282118.53,2.313,-8.936,-8.679,0.769,2.501,0.339,0
2282118.54,5.112,-7.07,-13.677,-0.016,2.722,0.218,0
2282118.56,1.478,-7.714,-1.281,-0.9,2.567,0.084,0
2282118.57,1.029,-8.441,1.642,-0.848,2.048,0.073,0
2282118.58,1.311,-8.916,2.073,-0.72,1.414,0.005,0
2282118.59,1.116,-8.821,1.862,-0.615,0.797,-0.099,0
2282118.6,0.504,-8.516,1.537,-0.543,0.257,-0.159,0
2282118.61,0.308,-8.473,1.584,-0.498,-0.215,-0.162,0
2282118.62,0.087,-8.527,1.707,-0.456,-0.649,-0.126,0
2282118.64,0.205,-9.314,2.659,-0.28,-1.644,0.093,0
2282118.66,0.304,-9.419,2.496,0.01,-2.516,0.183,0
2282118.67,0.029,-9.167,1.879,0.139,-2.834,0.184,0
2282118.68,-0.072,-8.915,1.333,0.222,-3.011,0.187,0
2282118.69,0.061,-8.718,1.04,0.256,-3.068,0.19,0
2282118.7,0.118,-8.502,0.961,0.252,-3.045,0.178,0
2282118.71,0.356,-8.439,0.988,0.22,-2.959,0.167,0
2282118.72,0.779,-8.372,1.066,0.175,-2.786,0.153,0
2282118.73,0.98,-8.496,0.848,0.11,-2.489,0.125,0
2282118.74,1.238,-8.694,1.218,-0.014,-1.815,0.087,0
2282118.76,2.032,-9.346,1.426,-0.104,-0.423,0.016,0
2282118.77,1.893,-9.565,1.433,-0.124,0.389,0.001,0
2282118.78,1.71,-9.391,1.329,-0.115,1.151,0.026,0
2282118.79,1.783,-9.058,1.118,-0.088,1.787,0.049,0
2282118.8,1.735,-8.687,0.859,-0.057,2.301,0.038,0
2282118.81,1.543,-8.539,0.562,-0.032,2.738,0,0
2282118.82,0.957,-8.635,0.232,-0.007,3.135,-0.046,0
2282118.83,0.865,-8.755,0.133,0.034,3.525,-0.101,0
2282118.84,0.834,-8.815,0.001,0.113,3.96,-0.171,0
2282118.853,1.013,-8.878,-0.62,0.357,4.839,-0.293,0
2282118.87,-2.111,-9.03,-22.729,0.403,6.88,-0.31,0
2282118.88,-0.59,-10.421,-19.735,-0.999,8.591,-0.122,0
2282118.89,-0.189,-11.226,-8.068,-2.607,8.749,-0.241,0
2282118.9,-1.708,-10.195,-9.863,-2.753,7.956,-0.561,0
2282118.91,0.227,-9.41,-9.517,-1.657,4.531,-0.552,0
2282118.92,1.273,-9.159,-4.889,-1.535,1.012,-0.372,0
2282118.93,0.708,-8.932,-2.869,-1.487,-1.086,-0.341,0
2282118.94,1.606,-8.857,-1.191,-1.458,-2.024,-0.305,0
2282118.951,2.012,-8.958,-1.003,-1.368,-2.271,-0.327,0
2282118.971,1.827,-8.578,0.142,-1.378,-1.462,-0.314,0
2282118.98,2.2,-8.132,1.271,-1.45,-1.305,-0.308,0
2282118.99,1.898,-7.87,2.294,-1.505,-1.4,-0.285,0
2282119.01,-1.482,-5.144,6.619,-1.35,-2.013,0.012,0
2282119.02,-3.768,-4.427,7.316,-1.082,-2.313,0.388,0
2282119.03,-7.769,-5.349,9.325,-0.753,-2.372,0.805,0
2282119.04,-9.951,-6.4,10.214,-0.337,-2.401,1.239,0
2282119.05,-13.129,-8.11,11.066,0.118,-2.287,1.668,0
2282119.06,-15.532,-9.987,12.679,0.493,-1.894,2.104,0
2282119.08,-16.34,-13.352,18.13,1.193,-0.034,3.214,0
2282119.09,-14.626,-15.031,18.904,1.509,0.334,3.388,0
2282119.1,-13.909,-16.198,15.612,1.817,0.415,3.312,0
2282119.11,-14.103,-16.276,13.052,1.957,0.486,3.139,0
2282119.12,-14.016,-15.73,9.95,2.017,0.393,3.035,0
2282119.13,-15.066,-16.399,-12.236,2.035,0.312,3.056,0
2282119.14,-25.481,-24.594,-17.926,0.935,1.159,3.274,0
2282119.151,-23.353,-30.883,-1.316,-0.743,1.365,3.982,0
2282119.16,-17.035,-23.595,-4.031,-1.134,0.021,4.387,0
2282119.17,-1.392,-16.278,-2.465,-1.388,-0.055,4.505,0
2282119.18,7.231,-10.961,0.667,-1.252,0.581,3.831,0
2282119.19,-0.93,-8.049,4.888,-0.702,1.401,3.217,0
2282119.2,-10.082,-8.572,1.287,0.146,2.128,3.427,0
2282119.21,-7.855,-9.938,-7.54,0.508,2.628,3.758,0
2282119.22,-10.707,-8.317,-12.511,0.258,2.502,3.844,0
2282119.23,-12.952,-5.879,-12.321,-0.057,1.591,3.882,0
2282119.24,-13.551,-3.573,-11.136,-0.196,0.258,3.824,0
2282119.251,-14.39,1.289,-6.777,-0.377,-0.812,3.703,0
2282119.26,-16.295,5.331,-4.177,-0.558,-1.36,3.597,0
2282119.27,-18.39,10.775,-1.863,-0.62,-1.553,3.322,0
2282119.28,-18.225,15.601,-2.379,-0.284,-0.935,2.538,0
2282119.3,-10.388,9.938,-2.888,-0.274,-0.444,1.527,0
2282119.31,-8.942,5.847,-2.529,-0.421,-0.41,1.018,0
2282119.32,-10.148,2.605,-1.521,-0.59,-0.346,0.633,0
2282119.33,-10.15,1.383,-0.016,-0.701,-0.282,0.484,0
2282119.34,-7.094,1.553,0.233,-0.629,-0.09,0.543,0
2282119.35,-5.868,1.504,-0.342,-0.494,0.273,0.561,0
2282119.37,-7.191,-0.474,-2.814,-0.574,0.58,0.688,0
2282119.38,-8.06,-1.016,-4.076,-0.738,0.66,0.93,0
2282119.39,-9.354,-0.68,-3.831,-0.756,0.55,1.079,0
2282119.4,-9.884,0.376,-3.188,-0.663,-0.326,1.222,0
2282119.41,-8.693,1.699,-2.26,-0.564,-0.977,1.304,0
2282119.42,-7.52,2.898,-1.217,-0.502,-1.37,1.291,0
2282119.43,-6.733,3.955,-0.834,-0.476,-1.526,1.207,0
2282119.44,-6.349,4.825,-0.49,-0.476,-1.553,1.082,0
2282119.45,-6.299,5.446,-0.251,-0.443,-1.568,0.96,0
2282119.46,-7.164,6.168,-0.366,-0.373,-1.627,0.838,0
2282119.48,-8.821,6.051,-0.115,-0.192,-1.731,0.602,0
2282119.49,-9.418,5.898,0.355,-0.12,-1.644,0.526,0
2282119.5,-9.659,5.824,0.59,-0.027,-1.239,0.481,0
2282119.51,-9.672,5.841,0.743,0.024,-0.848,0.522,0
2282119.52,-9.381,6.298,0.745,0.04,-0.478,0.618,0
2282119.53,-8.748,7.001,0.896,0.012,-0.181,0.763,0
2282119.54,-7.794,7.916,1.182,-0.04,0.008,0.923,0
2282119.55,-6.719,9.44,1.393,-0.111,0.086,1.079,0
2282119.57,-4.407,12.845,1.482,-0.52,-0.143,1.429,0
2282119.58,-3.032,12.805,2.509,-0.787,-0.363,1.519,0
2282119.59,-1.948,11.605,3.467,-0.907,-0.548,1.418,0
2282119.6,-1.781,10.015,4.137,-0.874,-0.638,1.167,0
2282119.61,-2.035,8.665,4.604,-0.655,-0.475,0.817,0
2282119.62,-1.981,7.484,4.927,-0.47,-0.243,0.67,0
2282119.63,-1.969,6.617,4.957,-0.298,-0.011,0.535,0
2282119.64,-2.301,6.365,4.717,-0.159,0.158,0.44,0
2282119.65,-2.628,6.193,4.159,-0.075,0.289,0.4,0
2282119.66,-2.511,5.955,3.7,-0.051,0.424,0.389,0
2282119.68,-1.758,5.64,3.28,-0.1,0.573,0.408,0
2282119.69,-1.497,5.383,3.218,-0.115,0.609,0.42,0
2282119.7,-1.438,5.452,3.278,-0.127,0.626,0.423,0
2282119.71,-1.211,5.476,3.542,-0.158,0.497,0.435,0
2282119.72,-0.928,5.437,3.779,-0.17,0.303,0.449,0
2282119.73,-0.723,5.398,4.114,-0.173,0.115,0.448,0
2282119.74,-0.591,5.382,4.366,-0.154,-0.015,0.426,0
2282119.75,-0.658,5.441,4.298,-0.098,-0.021,0.381,0
2282119.77,-1.196,5.547,3.785,0.043,0.249,0.257,0
2282119.79,-1.971,5.836,2.899,0.126,0.58,0.106,0
2282119.8,-2.253,6.139,2.433,0.156,0.767,-0.011,0
2282119.81,-2.595,6.339,2.017,0.178,0.938,-0.169,0
2282119.82,-3.112,6.602,1.713,0.205,1.153,-0.447,0
2282119.83,-3.821,7.094,1.458,0.204,1.225,-0.594,0
2282119.84,-4.629,7.898,1.296,0.172,1.198,-0.673,0
2282119.85,-5.297,8.746,1.383,0.117,1.084,-0.691,0
2282119.86,-5.612,9.176,1.615,0.075,0.932,-0.699,0
2282119.88,-5.852,9.182,2.527,0.116,0.662,-0.877,0
2282119.89,-6.753,9.041,3.267,0.238,0.591,-0.996,0
2282119.9,-7.427,8.625,4.15,0.41,0.567,-1.093,0
2282119.91,-8.143,8.881,5.015,0.64,0.583,-1.142,0
2282176.91,1.141,-9.595,0.511,-0.066,0.131,0.059,0
2282176.92,1.316,-9.625,0.657,-0.059,0.023,0.086,0
2282176.93,1.473,-9.636,0.78,-0.033,-0.078,0.103,0
2282176.94,1.558,-9.68,0.809,0.007,-0.167,0.113,0
2282176.95,1.626,-9.767,0.764,0.055,-0.238,0.12,0
2282176.96,1.731,-9.918,0.685,0.095,-0.295,0.123,0
2282176.97,1.853,-10.026,0.365,0.122,-0.338,0.117,0
2282176.98,1.815,-10.063,0.197,0.13,-0.372,0.101,0
2282176.99,1.777,-9.994,0.059,0.118,-0.393,0.084,0
2282177.02,1.749,-9.911,-0.045,-0.037,-0.33,0.012,0
2282177.03,1.736,-9.908,-0.007,-0.09,-0.284,0.012,0
2282177.04,1.721,-9.902,0.067,-0.142,-0.233,-0.025,0
2282177.05,1.769,-9.916,0.189,-0.186,-0.18,-0.035,0
2282177.06,1.903,-9.945,0.314,-0.223,-0.137,-0.04,0
2282177.07,2.091,-9.976,0.468,-0.254,-0.119,-0.046,0
2282177.08,2.249,-10.012,0.597,-0.279,-0.133,-0.057,0
2282177.09,2.352,-10.011,0.724,-0.304,-0.18,-0.067,0
2282177.1,2.415,-9.941,0.859,-0.325,-0.258,-0.075,0
2282177.11,2.472,-9.779,1.019,-0.351,-0.362,-0.073,0
2282177.12,2.545,-9.592,1.201,-0.353,-0.56,-0.067,0
2282177.13,2.677,-9.44,1.373,-0.343,-0.714,-0.06,0
2282177.14,2.881,-9.387,1.548,-0.318,-0.883,-0.055,0
2282177.15,3.087,-9.427,1.721,-0.281,-1.063,-0.057,0
2282177.16,3.218,-9.46,1.849,-0.233,-1.249,-0.067,0
2282177.17,3.276,-9.49,1.873,-0.177,-1.425,-0.078,0
2282177.18,3.231,-9.53,1.86,-0.122,-1.578,-0.086,0
2282177.19,3.101,-9.525,1.758,-0.072,-1.694,-0.089,0
2282177.202,2.806,-9.489,1.449,-0.037,-1.76,-0.084,0
2282177.22,2.65,-9.471,1.276,-0.009,-1.711,-0.066,0
2282177.23,2.59,-9.478,1.245,-0.02,-1.516,-0.062,0
2282177.24,2.56,-9.506,1.241,-0.037,-1.308,-0.067,0
2282177.25,2.535,-9.547,1.299,-0.064,-1.062,-0.078,0
2282177.26,2.517,-9.591,1.343,-0.097,-0.819,-0.086,0
2282177.27,2.499,-9.579,1.398,-0.13,-0.609,-0.091,0
2282177.281,2.446,-9.467,1.465,-0.161,-0.443,-0.1,0
2282177.29,2.329,-9.374,1.528,-0.186,-0.321,-0.117,0
2282177.31,1.993,-9.319,1.709,-0.195,-0.184,-0.153,0
2282177.32,1.792,-9.321,1.738,-0.162,-0.109,-0.165,0
2282177.33,1.586,-9.338,1.705,-0.131,-0.053,-0.165,0
2282177.34,1.361,-9.349,1.65,-0.096,0.009,-0.158,0
2282177.35,1.155,-9.36,1.597,-0.059,0.076,-0.145,0
2282177.36,0.956,-9.381,1.548,-0.021,0.14,-0.128,0
2282177.37,0.767,-9.421,1.482,0.018,0.198,-0.109,0
2282177.38,0.61,-9.467,1.41,0.054,0.244,-0.086,0
2282177.4,0.339,-9.698,1.24,0.133,0.304,-0.042,0
2282177.41,0.029,-9.792,0.977,0.173,0.31,-0.016,0
2282177.42,-0.117,-9.838,0.801,0.214,0.288,0.015,0
2282177.43,-0.308,-9.99,0.938,0.294,0.199,0.064,0
2282177.44,-0.68,-10.278,0.315,0.441,0.032,0.089,0
2282177.45,-1.477,-11.036,-5.673,0.678,-0.56,0.115,0
2282177.46,0.234,-10.654,-7.174,0.659,-2.328,0.197,0
2282177.47,0.64,-10.181,-5.645,0.404,-3.607,0.266,0
2282177.48,0.167,-9.697,-3.413,0.216,-4.102,0.321,0
2282177.5,0.785,-9.681,-3.544,0.318,-3.211,0.447,0
2282177.51,1.573,-9.813,-5.802,0.33,-2.453,0.483,0
2282177.52,2.399,-9.869,-7.588,0.147,-1.946,0.511,0
2282177.53,2.972,-9.811,-7.079,-0.165,-1.692,0.527,0
2282177.54,3.152,-9.528,-4.954,-0.541,-1.415,0.517,0
2282177.55,3.132,-9.153,-2.903,-0.641,-1.25,0.503,0
2282177.56,3.109,-9.055,-2.267,-0.687,-1.177,0.497,0
2282177.57,2.935,-9.301,-3.066,-0.748,-1.186,0.498,0
2282177.58,2.897,-9.546,-3.975,-0.841,-1.214,0.506,0
2282177.59,3.004,-9.706,-4.458,-0.912,-1.252,0.512,0
2282177.601,2.592,-9.506,-4.807,-0.96,-1.295,0.53,0
2282177.61,1.918,-8.979,-4.608,-1.011,-1.286,0.575,0
2282177.62,0.15,-8.563,-6.215,-1.061,-1.191,0.635,0
2282177.63,-0.383,-8.401,-7.23,-1.144,-1.041,0.687,0
2282177.64,-0.073,-8.529,-6.107,-1.279,-0.911,0.723,0
2282177.65,0.006,-8.585,-4.336,-1.461,-0.735,0.681,0
2282177.66,0.048,-8.458,-3.422,-1.531,-0.632,0.611,0
2282177.67,0.493,-8.116,-3.011,-1.592,-0.557,0.561,0
2282177.68,1.08,-7.827,-2.305,-1.623,-0.502,0.545,0
2282177.69,1.53,-7.461,-2.444,-1.613,-0.53,0.527,0
2282177.71,1.029,-6.638,-2.948,-1.437,-0.999,0.498,0
2282177.72,0.454,-6.545,-2.192,-1.315,-1.236,0.495,0
2282177.73,0.518,-6.56,-2.251,-1.228,-1.234,0.498,0
2282177.74,0.931,-6.565,-2.529,-1.238,-1.042,0.496,0
2282177.75,1.154,-6.335,-3.47,-1.352,-0.802,0.469,0
2282177.76,0.66,-6.411,-3.822,-1.621,-0.437,0.434,0
2282177.77,0.123,-6.559,-3.896,-1.747,-0.183,0.463,0
2282177.78,-0.734,-6.774,-4.286,-1.792,-0.046,0.508,0
2282177.79,-1.941,-7.101,-3.585,-1.749,-0.149,0.583,0
2282177.811,-4.148,-8.269,-0.693,-1.499,-0.504,0.737,0
2282177.82,-4.119,-8.163,-1.898,-1.509,-0.484,0.773,0
2282177.83,-3.143,-8.066,-2.842,-1.649,-0.37,0.769,0
2282177.84,-2.371,-7.826,-3.347,-1.874,-0.145,0.715,0
2282177.85,-1.465,-7.632,-2.825,-2.042,0.122,0.652,0
2282177.86,-0.278,-7.642,-1.62,-2.028,0.318,0.605,0
2282177.87,1.675,-7.347,0.356,-1.842,0.184,0.618,0
2282177.88,4.233,-6.504,1.67,-1.688,-0.129,0.61,0
2282177.89,5.925,-5.421,3.962,-1.523,-0.578,0.535,0
2282177.91,6.801,-1.511,4.368,-1.004,-1.158,0.33,0
2282177.93,4.685,0.912,6.919,-0.699,-1.211,0.302,0
2282177.94,2.959,0.754,8.115,-0.5,-1.166,0.371,0
2282177.95,1.444,0.134,8.307,-0.247,-1.247,0.429,0
2282177.96,-0.471,-0.149,7.096,0.024,-1.383,0.409,0
2282177.97,-2.764,-0.005,5.326,0.363,-1.3,0.341,0
2282177.98,-4.434,0.685,3.702,0.513,-1.056,0.352,0
2282177.99,-5.383,1.991,2.977,0.66,-0.784,0.384,0
2282178.01,-6.493,3.531,-0.682,1.031,-0.338,0.391,0
2282178.02,-36.152,5.859,-39.995,0.349,-0.894,0.721,0
2282178.03,-39.956,5.267,-39.995,-1.69,-2.604,1.99,0
2282178.04,-39.956,2.717,-32.423,-0.435,-2.517,2.619,0
2282178.05,-39.956,-12.61,-24.72,0.662,-2.865,4.22,0
2282178.06,-29.902,-8.777,-20.253,0.998,-1.775,5.271,0
2282178.07,-19.398,-0.284,-15.254,0.754,-1.465,5.189,0
2282178.08,-15.142,7.666,-9.406,-0.077,-2.763,3.532,0
2282178.09,-8.093,9.738,-3.82,-0.444,-3.252,2.553,0
2282178.11,3.364,7.067,-3.632,-0.206,-2.374,1.147,0
2282178.12,5.231,5.997,-3.319,-0.211,-1.995,0.491,0
2282178.13,6.058,5.1,-4.43,-0.203,-1.741,-0.105,0
2282178.14,5.841,4.102,-4.897,-0.182,-1.334,-0.597,0
2282178.15,3.385,3.201,-3.657,-0.081,-0.837,-0.994,0
2282178.16,-0.903,2.152,-1.144,0.114,-0.608,-1.241,0
2282178.17,-4.058,0.836,0.637,0.362,-0.896,-1.247,0
2282178.18,-5.73,-0.776,0.331,0.593,-1.571,-1.098,0
2282178.19,-9.18,-2.167,-1.639,0.724,-2.858,-0.756,0
2282178.21,-11.608,-2.512,-2.493,0.055,-4.214,-0.092,0
2282178.23,-12.477,0.781,5.519,0.012,-3.25,-0.128,0
2282178.24,-14.43,1.334,6.411,0.014,-2.605,-0.099,0
2282178.25,-14.631,1.003,7.056,-0.119,-2.117,-0.026,0
2282178.26,-15.165,0.858,7.631,-0.246,-1.622,-0.005,0
2282178.27,-14.67,0.486,9.495,-0.357,-1.036,0.028,0
2282178.28,-13.845,1.099,8.578,-0.406,-0.409,0.116,0
2282178.291,-13.013,1.428,6.952,-0.391,0.066,0.184,0
2282178.3,-12.107,1.348,6.133,-0.351,0.125,0.208,0
2282178.311,-10.175,1.202,6.102,-0.306,-0.006,0.226,0
2282178.32,-7.975,1.947,6.857,-0.253,-0.09,0.232,0
2282178.33,-5.83,3.523,7.039,-0.175,-0.081,0.189,0
2282178.34,-4.701,4.517,7.473,-0.068,-0.136,0.115,0
2282178.35,-4.919,4.375,7.882,0.049,-0.198,0.021,0
2282178.36,-5.721,3.651,8.241,0.175,-0.25,-0.06,0
2282178.37,-7.257,2.405,8.091,0.276,-0.248,-0.128,0
2282178.38,-8.708,1.666,8.398,0.318,-0.188,-0.161,0
2282178.39,-9.85,1.299,8.361,0.349,-0.078,-0.158,0
2282178.401,-10.402,1.075,7.742,0.414,0.067,-0.115,0
2282178.41,-10.692,0.964,6.765,0.455,0.238,-0.087,0
2282178.42,-10.813,0.974,5.819,0.48,0.3,-0.067,0
2282178.43,-10.947,0.703,5.24,0.482,0.337,-0.04,0
2282178.441,-10.934,0.662,4.923,0.487,0.395,-0.007,0
2282178.45,-10.698,0.748,4.655,0.479,0.474,0.017,0
2282178.46,-10.453,0.883,4.264,0.466,0.53,0.04,0
2282178.47,-9.705,0.917,3.705,0.447,0.561,0.053,0
2282178.48,-9.705,0.917,3.705,0.414,0.596,0.052,0
2282178.49,-8.74,1.058,3.674,0.381,0.66,0.048,0
2282178.5,-8.403,1.328,3.516,0.347,0.739,0.046,0
2282178.51,-7.902,1.735,3.235,0.307,0.825,0.04,0
2282178.53,-6.805,2.728,2.222,0.282,1.059,-0.023,0
2282178.54,-7.013,2.561,1.362,0.264,1.129,-0.078,0
2282178.55,-7.787,1.81,0.452,0.23,1.199,-0.127,0
2282178.56,-8.549,0.944,-0.339,0.186,1.293,-0.156,0
2282218.2,0.97,-9.79,0.747,0.056,-0.081,-0.007,0
2282218.21,0.995,-9.785,0.79,0.061,-0.086,0,0
2282218.22,1.05,-9.843,0.823,0.068,-0.093,0.005,0
2282218.23,1.132,-9.945,0.825,0.075,-0.099,0.012,0
2282218.24,1.268,-10.106,0.811,0.085,-0.095,0.022,0
2282218.25,1.453,-10.303,0.774,0.101,-0.071,0.034,0
2282218.26,1.642,-10.417,0.723,0.113,-0.009,0.036,0
2282218.27,1.804,-10.461,0.686,0.124,0.042,0.038,0
2282218.28,1.949,-10.426,0.627,0.134,0.095,0.037,0
2282218.29,2.079,-10.319,0.573,0.144,0.145,0.033,0
2282218.3,2.126,-10.173,0.481,0.145,0.188,0.024,0
2282218.32,2.047,-9.823,0.199,0.119,0.28,-0.001,0
2282218.33,2.024,-9.653,0.065,0.093,0.335,-0.023,0
2282218.34,1.685,-9.072,-0.065,0.059,0.396,-0.057,0
2282218.35,1.493,-8.759,-0.04,0.016,0.46,-0.085,0
2282218.36,1.459,-8.633,0.096,-0.04,0.525,-0.092,0
2282218.37,1.521,-8.728,0.258,-0.051,0.631,-0.087,0
2282218.38,1.525,-9.053,0.433,-0.033,0.712,-0.092,0
2282218.39,1.425,-9.536,0.559,0.021,0.816,-0.105,0
2282218.4,1.113,-9.906,0.675,0.114,0.942,-0.128,0
2282218.41,0.659,-10.042,0.51,0.254,1.095,-0.148,0
2282218.43,0.045,-10.145,-0.139,0.469,1.293,-0.095,0
2282218.44,0.084,-10.157,-0.425,0.477,1.284,-0.018,0
2282218.45,0.345,-10.09,-0.492,0.432,1.225,0.051,0
2282218.46,0.619,-9.847,-0.464,0.366,1.12,0.09,0
2282218.47,0.835,-9.388,-0.344,0.286,0.902,0.072,0
2282218.48,0.861,-8.839,-0.267,0.266,0.734,0.038,0
2282218.49,0.812,-8.439,-0.275,0.267,0.564,0.017,0
2282218.5,0.851,-8.262,-0.449,0.273,0.395,0.007,0
2282218.52,1.47,-8.68,-1.81,0.189,0.054,-0.032,0
2282218.54,1.687,-9.493,-2.606,-0.052,-0.219,-0.085,0
2282218.55,1.339,-9.929,-1.232,-0.126,-0.269,-0.081,0
2282218.56,1.124,-9.957,-0.557,-0.139,-0.265,-0.061,0
2282218.57,0.985,-9.954,-0.104,-0.096,-0.231,-0.005,0
2282218.59,0.923,-9.745,0.275,-0.034,-0.216,0.065,0
2282218.6,0.978,-9.542,0.291,-0.019,-0.217,0.088,0
2282218.61,1.069,-9.27,0.267,-0.01,-0.206,0.105,0
2282218.62,1.216,-8.987,0.216,-0.012,-0.183,0.115,0
2282218.63,1.389,-8.812,0.232,-0.025,-0.161,0.117,0
2282218.64,1.587,-8.728,0.287,-0.044,-0.145,0.108,0
2282218.65,1.78,-8.751,0.41,-0.064,-0.144,0.092,0
2282218.66,1.948,-8.816,0.555,-0.08,-0.155,0.084,0
2282218.67,2.122,-8.859,0.746,-0.081,-0.167,0.083,0
2282218.68,2.266,-8.876,0.962,-0.029,-0.16,0.093,0
2282218.69,2.39,-8.846,1.122,0.042,-0.101,0.103,0
2282218.7,2.435,-8.774,1.105,0.127,-0.06,0.104,0
2282218.72,2.208,-8.586,0.676,0.205,-0.091,0.075,0
2282218.73,2.003,-8.412,0.458,0.183,-0.151,0.064,0
2282218.74,1.906,-8.253,0.38,0.142,-0.203,0.058,0
2282218.75,1.924,-8.127,0.449,0.104,-0.221,0.048,0
2282218.76,1.902,-8.079,0.535,0.087,-0.2,0.032,0
2282218.77,1.78,-8.18,0.673,0.092,-0.137,0.017,0
2282218.78,1.696,-8.29,0.651,0.122,-0.037,0.004,0
2282218.79,1.611,-8.303,0.509,0.158,0.084,-0.007,0
2282218.8,1.525,-8.348,0.305,0.208,0.281,-0.024,0
2282218.81,1.433,-8.359,0.071,0.221,0.421,-0.039,0
2282218.83,1.514,-8.152,-0.403,0.245,0.852,-0.043,0
2282218.84,1.807,-8.048,-1.534,0.28,1.194,-0.036,0
2282218.85,2.396,-7.937,-6.031,0.287,1.626,-0.034,0
2282218.86,2.981,-8.246,-11.827,0.055,2.191,-0.054,0
2282218.87,3.218,-8.616,-10.82,-0.51,2.676,-0.126,0
2282218.88,3.035,-8.945,-8.107,-0.943,2.713,-0.225,0
2282218.89,3.062,-9.01,-5.731,-1.076,2.301,-0.283,0
2282218.9,3.276,-8.621,-4.24,-0.93,1.483,-0.287,0
2282218.92,2.81,-7.278,-2.195,-0.767,-0.896,-0.177,0
2282218.93,2.402,-6.801,-0.645,-0.694,-1.371,-0.097,0
2282218.94,1.864,-6.472,-0.126,-0.62,-1.52,-0.028,0
2282218.95,1.368,-6.444,0.219,-0.61,-1.316,0.029,0
2282218.96,1.198,-6.183,0.553,-0.651,-0.849,0.076,0
2282218.97,1.476,-5.831,0.188,-0.742,-0.382,0.108,0
2282218.98,0.667,-5.68,-0.176,-0.861,-0.224,0.093,0
2282218.99,0.309,-5.729,0.491,-0.95,-0.289,0.064,0
2282219,-0.176,-5.64,1.597,-0.979,-0.423,0.038,0
2282219.01,-1.641,-4.884,3.254,-0.903,-0.563,0.06,0
2282219.02,-2.396,-4.336,4.991,-0.806,-0.795,0.159,0
2282219.03,-2.726,-4.025,6.522,-0.657,-1.005,0.282,0
2282219.04,-2.784,-4.154,7.05,-0.462,-1.222,0.393,0
2282219.05,-2.452,-4.467,7.887,-0.264,-1.434,0.483,0
2282219.06,-1.688,-4.93,8.199,-0.052,-1.618,0.528,0
2282219.07,-1.432,-5.267,9.459,0.164,-1.658,0.504,0
2282219.09,-2.889,-6.034,13.805,0.713,-1.466,0.451,0
2282219.1,-4.044,-7.23,17.523,1.065,-1.431,0.506,0
2282219.11,-6.121,-11.195,25.297,1.549,-1.505,0.612,0
2282219.12,-4.077,-18.601,33.029,3.082,-1.22,0.832,0
2282219.13,-1.379,-17.928,4.991,3.376,0.319,0.781,0
2282219.14,-6.205,-22.231,12.432,2.257,1.628,0.79,0
2282219.15,-14.807,-39.956,10.372,1.557,1.049,1.012,0
2282219.16,-19.054,-39.956,11.602,0.921,0.227,1.473,0
2282219.17,-7.937,-39.956,17.477,0.794,-0.087,1.55,0
2282219.18,4.679,-27.642,18.335,0.958,-0.249,0.83,0
2282219.19,13.586,-10.464,15.636,0.885,-0.268,0.137,0
2282219.2,8.654,-13.629,14.149,0.52,-0.125,-0.167,0
2282219.21,6.411,-11.93,11.716,0.114,-0.169,0.233,0
2282219.221,3.922,-11.104,12.012,-0.334,-0.249,1.368,0
2282219.23,3.434,-9.796,10.978,-0.4,-0.368,2.202,0
2282219.24,4.114,-8.016,8.074,-0.319,-0.523,2.751,0
2282219.25,3.225,-6.135,6.877,-0.205,-0.645,2.965,0
2282219.26,1.194,-4.097,5.575,0.016,-0.591,2.965,0
2282219.27,0.327,-2.627,3.015,0.276,-0.356,2.911,0
2282219.28,-3.781,-1.875,1.765,0.435,-0.004,2.798,0
2282219.29,-8.682,-1.885,0.187,0.528,0.349,2.881,0
2282219.3,-10.11,-2.683,-3.397,0.526,0.676,3.252,0
2282219.321,-18.516,-3.196,-12.136,-0.084,1.901,4.024,0
2282219.33,-22.886,-1.219,-20.803,0.57,1.71,3.936,0
2282219.34,-24.913,-3.883,-21.401,1.846,-1.295,2.659,0
2282219.35,-19.537,-5.167,-17.572,1.747,-2.59,1.929,0
2282219.36,-9.852,-3.193,-12.548,1.482,-3.425,1.132,0
2282219.37,-1.985,2.9,-9.225,1.212,-4.117,0.501,0
2282219.38,2.948,5.773,-3.398,1.301,-4.203,0.145,0
2282219.39,3.298,4.525,-0.248,1.732,-3.668,-0.107,0
2282219.4,-0.848,0.486,1.495,1.962,-3.125,-0.159,0
2282219.41,-3.352,-3.975,6.093,1.899,-2.529,0.017,0
2282219.42,-3.727,-3.517,7.86,1.723,-1.972,0.178,0
2282219.43,-4.49,-2.559,7.045,1.677,-1.41,0.202,0
2282219.44,-5.358,-2.046,6.937,1.748,-0.331,0.195,0
2282219.45,-5.194,-2.024,7.015,1.9,0.142,0.324,0
2282219.46,-4.785,-1.187,7.672,2.023,0.202,0.494,0
2282219.47,-4.353,-3.766,10.817,2.021,-0.02,0.6,0
2282219.48,-2.04,-1.898,11.449,2.089,0.114,0.91,0
2282219.49,-3.696,4.606,11.615,1.989,0.042,1.078,0
2282219.5,-5.626,3.414,15.975,1.544,-0.274,0.653,0
2282219.51,-6.387,1.117,16.608,1.337,-0.297,0.316,0
2282219.52,-7.987,1.204,18.096,1.216,-0.177,0.396,0
2282219.53,-11.929,1.989,20.789,1.035,-0.054,0.553,0
2282219.54,-12.321,1.062,20.338,0.916,-0.086,0.519,0
2282219.55,-8.811,0.217,17.186,1.015,-0.046,0.729,0
2282219.56,-4.547,1.163,17.234,0.963,0.109,0.771,0
2282219.57,-2.745,2.195,17.258,0.938,0.192,0.673,0
2282219.58,-1.484,2.693,16.273,0.875,0.213,0.594,0
2282219.59,0.294,2.513,15.43,0.764,0.183,0.538,0
2282219.6,0.233,2.485,15.251,0.672,0.148,0.454,0
2282219.61,-1.852,2.249,14.93,0.667,0.29,0.351,0
2282219.62,-4.254,2.581,14.695,0.697,0.507,0.303,0
2282219.63,-5.098,3.093,14.292,0.675,0.751,0.237,0
2282219.64,-4.912,3.182,13.102,0.69,1.011,0.163,0
2282219.65,-5.188,3.151,12.485,0.77,1.276,0.066,0
2282219.66,-5.387,2.743,11.046,0.856,1.786,-0.024,0
2282219.67,-4.21,3.534,9.207,0.957,1.904,-0.008,0
2282219.68,-4.016,4.122,8.674,0.96,1.939,-0.051,0
2282219.69,-4.374,4.014,7.731,1.01,1.866,-0.239,0
2282219.7,-4.312,3.296,6.803,1.093,1.856,-0.348,0
2282219.711,-3.711,3.038,5.472,1.139,1.899,-0.341,0
2282219.72,-1.885,3.337,4.34,1.115,1.713,-0.2,0
2282219.73,-0.074,3.507,3.578,1.014,1.502,-0.082,0
2282219.74,1.274,4.071,3.301,0.823,1.501,-0.016,0
2282219.75,1.876,4.684,4.187,0.536,1.704,-0.002,0
2282219.76,1.62,5.105,6.162,0.28,1.881,-0.019,0
2282219.77,0.414,5.35,7.399,0.378,1.937,-0.007,0
2282219.78,-1.124,5.593,7.134,0.613,1.979,0.034,0
2282219.79,-2.251,5.64,5.403,0.821,2.119,0.046,0
2282219.8,-2.738,4.683,3.385,0.947,2.4,-0.044,0
2282219.82,-5.161,1.451,0.326,1.014,3.189,-0.546,0
2282219.83,-7.925,0.039,-1.13,1.017,3.537,-0.805,0
2282219.84,-15.481,0.06,-4.417,0.977,3.789,-0.94,0
2282219.85,-16.803,1.77,-5.796,0.861,3.861,-0.862,0
2282219.86,-15.255,3.308,-6.652,0.686,3.734,-0.611,0
2282219.87,-12.501,4.268,-6.608,0.523,3.471,-0.145,0
2282219.88,-9.521,4.525,-6.36,0.563,2.91,0.09,0
2282219.89,-6.691,4.277,-6.058,0.59,2.549,0.236,0
2282219.9,-5.017,3.873,-5.59,0.539,2.345,0.225,0
2282219.912,-4.418,3.379,-5.505,0.481,2.285,0.086,0
2282219.92,-4.357,2.876,-5.637,0.46,2.34,-0.125,0
2282219.93,-4.849,2.579,-6.006,0.489,2.485,-0.371,0
2282219.94,-5.487,2.645,-6.394,0.535,2.663,-0.623,0
2282219.95,-6.652,2.56,-6.727,0.577,2.789,-0.894,0
2282219.96,-8.372,2.061,-6.759,0.621,2.811,-1.127,0
2282219.97,-9.762,1.252,-6.593,0.657,2.713,-1.186,0
2282219.98,-9.681,0.885,-6.274,0.697,2.443,-0.957,0
2282219.99,-8.912,0.728,-5.712,0.771,2.17,-0.747,0
2282220,-7.877,0.503,-5.844,0.916,1.838,-0.577,0
2282220.02,-7.177,-0.272,-8.008,1.218,1.379,-0.198,0
2282220.03,-6.812,-0.787,-8.755,1.32,1.315,0.087,0
2282220.04,-5.894,-1.182,-9.814,1.35,1.228,0.375,0
2282220.05,-4.723,-1.252,-10.624,1.26,1.189,0.604,0
2282220.06,-1.306,-0.669,-11.107,1.145,1.029,0.753,0
2282220.07,-0.328,-0.436,-11.851,0.949,0.936,0.765,0
2282220.08,-0.175,-0.527,-11.207,0.458,1.062,0.634,0
2282220.09,-0.84,-0.58,-9.424,0.123,1.305,0.509,0
2282220.1,-1.343,-0.488,-7.925,-0.111,1.412,0.418,0
2282220.112,-0.327,-0.471,-7.407,-0.245,1.31,0.365,0
2282220.12,1.969,-0.74,-7.056,-0.272,0.856,0.276,0
2282220.13,3.82,-1.216,-6.459,-0.181,0.02,0.112,0
2282220.14,4.015,-1.26,-6.567,-0.059,-0.547,-0.101,0
2282220.15,3.706,-0.945,-7.028,-0.054,-0.347,-0.252,0
2282220.16,3.358,-0.365,-7.41,-0.148,0.28,-0.354,0
2282220.17,1.798,0.404,-8.142,-0.244,0.942,-0.456,0
2282220.18,-0.472,0.681,-9.597,-0.262,1.228,-0.52,0
2282220.19,-2.743,0.712,-12.054,-0.199,1.133,-0.372,0
2282220.2,-4.387,0.585,-14.781,-0.213,0.94,-0.137,0
2282220.21,-4.944,0.355,-15.659,-0.302,1.047,0.101,0
2282220.22,-4.509,-0.018,-13.793,-0.363,1.247,0.235,0
2282220.23,-3.599,-0.178,-10.873,-0.341,1.363,0.202,0
2282220.24,-2.832,-0.336,-8.683,-0.257,1.361,0.043,0
2282220.25,-2.512,-0.397,-7.783,-0.161,1.195,-0.144,0
2282220.26,-2.335,-0.114,-8.293,-0.091,0.93,-0.263,0
2282220.27,-1.47,1.439,-10.913,-0.093,0.723,-0.278,0
2282220.28,-0.912,2.189,-11.431,-0.151,0.651,-0.206,0
2282220.29,-0.433,2.847,-11.423,-0.21,0.671,-0.093,0
2282220.3,-0.093,3.488,-11.384,-0.236,0.609,0.056,0
2282220.32,0.092,4.185,-10.955,-0.18,0.464,0.144,0
2282220.33,0.154,4.304,-10.359,-0.147,0.444,0.159,0
2282220.34,0.237,4,-9.872,-0.089,0.395,0.184,0
2282220.35,0.679,2.524,-9.196,-0.02,0.332,0.228,0
2282220.36,0.923,1.517,-9.271,0.052,0.284,0.237,0
2282220.37,0.779,1.053,-9.739,0.094,0.283,0.226,0
2282220.38,0.497,0.842,-10.214,0.09,0.302,0.221,0
2282220.39,0.251,0.685,-10.696,0.053,0.316,0.225,0
2282220.4,0.099,0.66,-11.047,-0.012,0.331,0.239,0
2282220.43,0.111,1.365,-10.85,-0.18,0.18,0.202,0
2282220.44,0.175,1.646,-10.348,-0.142,0.103,0.17,0
2282220.45,0.227,1.866,-9.889,-0.065,0.055,0.148,0
2282220.46,0.253,1.984,-9.445,0.033,0.048,0.144,0
2282220.47,0.227,1.951,-9.275,0.128,0.079,0.155,0
2282220.48,0.155,1.846,-9.443,0.196,0.131,0.172,0
2282220.49,0.043,1.608,-9.791,0.211,0.18,0.188,0
2282220.51,0.419,0.83,-10.421,0.121,0.228,0.196,0
2282220.52,0.752,0.593,-10.364,0.026,0.235,0.154,0
2282220.53,0.986,0.262,-10.215,-0.033,0.301,0.11,0
2282220.54,1.295,-0.05,-10.044,-0.091,0.387,0.053,0
2282220.55,1.907,-0.356,-10.023,-0.133,0.473,-0.012,0
2282220.56,2.626,-0.709,-9.883,-0.175,0.55,-0.103,0
2282220.57,3.231,-1.058,-9.663,-0.203,0.613,-0.225,0
2282220.58,3.617,-1.315,-9.264,-0.208,0.68,-0.372,0
2282220.591,3.446,-1.364,-9.039,-0.17,0.722,-0.519,0
2282220.61,2.727,-0.468,-9.68,-0.005,0.725,-0.667,0
2282220.62,2.618,0.127,-10.116,0.076,0.612,-0.681,0
2282220.63,2.703,0.569,-10.211,0.11,0.48,-0.693,0
2282220.64,2.734,0.518,-9.894,0.161,0.319,-0.71,0
2282220.65,2.777,0.564,-9.886,0.233,0.188,-0.728,0
2282220.66,2.684,0.515,-10.176,0.276,0.097,-0.743,0
2282220.67,2.781,0.54,-10.504,0.282,0.03,-0.765,0
2282220.68,2.739,0.441,-9.706,0.274,-0.002,-0.793,0
2282220.69,2.739,0.441,-9.706,0.305,-0.007,-0.798,0
2282220.7,2.924,0.122,-9.686,0.328,0.004,-0.812,0
2282220.72,4.843,-1.595,-9.628,0.391,-0.214,-0.844,0
2282220.73,5.356,-1.644,-9.547,0.421,-0.287,-0.909,0
2282220.74,5.148,-1.392,-9.382,0.496,-0.312,-1.111,0
2282220.751,4.293,-0.75,-9.247,0.577,-0.286,-1.29,0
2282220.761,2.906,0.044,-9.362,0.684,-0.224,-1.423,0
2282220.77,0.704,0.035,-8.884,0.783,-0.133,-1.477,0
2282220.781,0.164,0.035,-8.336,0.894,-0.073,-1.389,0
2282220.791,4.525,0.299,-10.325,0.996,-0.102,-1.183,0
2282220.8,2.942,-0.277,-8.406,0.968,0.072,-1.25,0
2282220.821,-5.221,1.108,-13.639,1.433,1.897,-0.787,0
2282220.83,0.282,0.764,-10.953,1.17,1.502,-0.233,0
2282220.84,1.492,-0.323,-8.203,1.228,1.367,-0.274,0
2282220.851,1.799,-1.047,-7.455,1.393,1.302,-0.345,0
2282220.861,-0.504,0.055,-7.375,1.561,1.368,-0.348,0
2282220.87,-4.391,1.339,-12.344,1.63,1.412,-0.162,0
2282220.88,-3.997,2.323,-18.525,1.273,0.964,0.12,0
2282220.892,-3.818,2.02,-14.127,0.731,0.675,0.35,0
2282220.9,-3.818,2.02,-14.127,0.463,0.589,0.458,0
2282220.91,-4.507,2.499,-11.566,0.455,0.6,0.565,0
2282220.92,-3.5,2.56,-13.26,0.428,0.47,0.64,0
2282220.93,-2.352,0.428,-13.418,0.304,0.193,0.611,0
2282220.94,-0.906,-1.285,-13.229,0.183,0.032,0.493,0
2282220.95,1.049,-2.616,-13.862,0.171,0.092,0.33,0
2282220.96,2.505,-2.944,-13.586,0.15,0.155,0.255,0
2282220.97,3.451,-2.307,-12.108,0.112,0.159,0.24,0
2282220.98,3.499,-1.128,-10.813,0.106,0.114,0.277,0
2282220.99,3.094,0.132,-9.978,0.109,0.023,0.345,0
2282221,2.598,0.936,-9.349,0.106,-0.058,0.443,0
2282221.02,1.34,1.6,-8.405,0.192,-0.025,0.677,0
2282221.03,0.868,1.185,-7.777,0.26,0.098,0.827,0
2282221.04,0.789,-0.38,-6.418,0.315,0.25,0.998,0
2282221.05,2.013,-2.899,-5.481,0.423,0.28,1.148,0
2282221.06,3.489,-5.266,-6.633,0.593,0.106,1.179,0
2282221.07,4.221,-6.81,-7.974,0.578,0.093,1.093,0
2282221.08,4.742,-6.927,-8.01,0.469,0.148,0.999,0
2282221.09,4.846,-6.118,-7.08,0.324,0.126,0.914,0
2282221.1,5.319,-5.977,-6.205,0.245,0.012,0.825,0
2282221.12,5.487,-5.885,-8.036,0.254,-0.012,0.666,0
2282221.14,3.376,-4.484,-7.036,0.241,0.098,0.557,0
2282221.15,3.538,-4.926,-7.755,0.258,0.125,0.509,0
2282221.16,2.715,-5.31,-8.678,0.261,0.11,0.404,0
2282221.17,3.423,-4.502,-8.496,0.25,0.128,0.345,0
2282221.18,2.743,-4.125,-9.196,0.25,0.13,0.286,0
2282221.19,2.891,-3.788,-9.132,0.22,0.159,0.269,0
2282221.2,3.019,-3.956,-9.027,0.199,0.187,0.249,0
2282221.22,5.201,-4.96,-10.039,0.178,0.194,0.236,0
2282221.23,5.682,-4.292,-9.89,0.18,0.222,0.254,0
2282221.24,4.059,-2.249,-9.286,0.222,0.301,0.407,0
2282221.25,2.335,-1.735,-9.608,0.291,0.38,0.668,0
2282221.26,-2.175,-3.812,-8.81,0.346,0.417,0.729,0
2282221.27,-4.76,-7.118,-8.275,0.348,0.144,0.517,0
2282221.28,-2.71,-9.395,-7.844,0.308,0.022,0.249,0
2282221.29,-1.116,-7.745,-7.892,0.281,-0.077,-0.022,0
2282221.312,5.046,-8.597,-11.251,0.26,-0.166,-0.034,0
2282221.33,5.211,-9.022,-11.321,0.221,-0.243,0.018,0
2282221.34,4.63,-8.689,-10.227,0.232,-0.228,0.024,0
2282221.35,2.616,-6.871,-9.095,0.255,-0.288,0.016,0
2282221.36,2.389,-7.25,-7.275,0.295,-0.297,0.008,0
2282221.37,0.181,-6.672,-8.878,0.42,-0.226,0.004,0
2282221.38,0.887,-6.707,-10.703,0.4,-0.247,0.076,0
2282221.39,1.614,-5.968,-9.368,0.248,-0.297,0.073,0
2282221.41,1.843,-5.824,-9.099,0.448,-0.157,0.045,0
2282221.42,1.946,-5.945,-9.116,0.519,-0.169,0.048,0
2282221.43,2.125,-6.219,-8.232,0.542,-0.204,0.035,0
2282221.44,2.063,-6.166,-7.582,0.584,-0.258,0.01,0
2282221.45,2.041,-5.975,-7.484,0.637,-0.315,-0.022,0
2282221.46,1.838,-5.906,-7.426,0.672,-0.373,-0.064,0
2282221.47,1.361,-5.84,-7.29,0.695,-0.469,-0.119,0
2282221.48,1.287,-5.967,-7.346,0.707,-0.574,-0.156,0
2282221.49,1.008,-6.063,-7.318,0.726,-0.67,-0.165,0
2282245.7,2.279,-10.216,1.589,-0.007,-0.482,-0.01,0
2282245.71,2.206,-10.031,1.506,0.015,-0.428,-0.018,0
2282245.72,2.086,-9.849,1.373,0.06,-0.318,-0.046,0
2282245.73,1.982,-9.725,1.223,0.09,-0.235,-0.066,0
2282245.74,1.906,-9.586,1.057,0.111,-0.158,-0.086,0
2282245.75,1.83,-9.519,0.933,0.119,-0.095,-0.103,0
2282245.76,1.835,-9.485,0.826,0.114,-0.053,-0.12,0
2282245.771,1.865,-9.536,0.803,0.097,-0.035,-0.136,0
2282245.78,1.893,-9.581,0.846,0.074,-0.041,-0.155,0
2282245.793,1.86,-9.591,0.917,0.054,-0.068,-0.174,0
2282245.811,1.753,-9.619,1.151,0.045,-0.166,-0.2,0
2282245.82,1.715,-9.628,1.24,0.06,-0.225,-0.207,0
2282245.83,1.658,-9.653,1.254,0.103,-0.326,-0.216,0
2282245.841,1.587,-9.709,1.224,0.132,-0.394,-0.224,0
2282245.85,1.445,-9.788,1.104,0.153,-0.454,-0.234,0
2282245.86,1.268,-9.845,1.01,0.158,-0.501,-0.241,0
2282245.87,1.089,-9.857,0.916,0.151,-0.53,-0.244,0
2282245.88,0.929,-9.871,0.862,0.134,-0.544,-0.244,0
2282245.89,0.809,-9.875,0.883,0.113,-0.544,-0.243,0
2282245.9,0.69,-9.878,0.924,0.094,-0.528,-0.242,0
2282245.91,0.551,-9.873,1.083,0.083,-0.5,-0.239,0
2282245.921,0.531,-9.868,1.182,0.084,-0.466,-0.232,0
2282245.93,0.557,-9.868,1.243,0.099,-0.439,-0.219,0
2282245.94,0.585,-9.839,1.248,0.147,-0.429,-0.192,0
2282245.951,0.632,-9.739,1.212,0.184,-0.447,-0.17,0
2282245.96,0.642,-9.64,1.143,0.223,-0.484,-0.148,0
2282245.97,0.658,-9.55,1.053,0.256,-0.543,-0.124,0
2282245.99,0.625,-9.243,0.869,0.301,-0.711,-0.078,0
2282246,0.532,-9.042,0.773,0.315,-0.804,-0.056,0
2282246.01,0.408,-8.823,0.714,0.33,-0.891,-0.033,0
2282246.02,0.176,-8.553,0.685,0.348,-0.968,-0.012,0
2282246.03,-0.045,-8.248,0.69,0.381,-1.042,0.015,0
2282246.04,-0.262,-8.198,1.748,0.542,-1.203,0.047,0
2282246.05,-1.24,-8.965,2.17,1.057,-1.562,-0.032,0
2282246.06,-3.915,-9.688,-3.602,1.602,-2.263,-0.082,0
2282246.07,-6.085,-9.504,-14.978,1.365,-3.966,0.108,0
2282246.08,-3.448,-8.776,-13.894,0.644,-5.007,0.418,0
2282246.1,-0.306,-8.375,-8.27,-0.398,-3.303,0.85,0
2282246.11,2.184,-8.389,-4.928,-0.713,-1.866,0.977,0
2282246.12,5.372,-8.949,1.362,-0.93,-0.756,0.908,0
2282246.13,5.677,-9.242,4.003,-1.106,-0.117,0.726,0
2282246.14,5.398,-9.504,5.459,-1.212,0.127,0.511,0
2282246.15,4.988,-9.407,6.115,-1.175,0.137,0.177,0
2282246.16,4.639,-9.017,6.388,-1.048,0.065,0.031,0
2282246.17,4.429,-8.438,5.958,-0.876,-0.076,-0.04,0
2282246.19,4.956,-7.043,3.964,-0.637,-0.383,-0.094,0
2282246.2,5.243,-6.655,3.623,-0.618,-0.42,-0.171,0
2282246.21,5.398,-6.409,3.762,-0.635,-0.452,-0.29,0
2282246.22,5.211,-6.312,4.049,-0.66,-0.571,-0.432,0
2282246.23,5.074,-6.448,4.117,-0.673,-0.774,-0.565,0
2282246.24,4.784,-6.866,3.226,-0.693,-0.983,-0.695,0
2282246.25,4.193,-7.985,0.527,-0.734,-1.022,-0.805,0
2282246.26,2.793,-10.59,-8.414,-0.6,-0.378,-0.809,0
2282246.27,2.506,-14.572,-16.296,-0.979,-0.51,-0.679,0
2282246.29,7.625,-17.316,-3.319,-1.459,-1.376,-0.646,0
2282246.3,9.453,-17.222,0.696,-1.326,-1.864,-0.737,0
2282246.32,14.952,-16.575,-5.065,-1.448,-2.539,-1.131,0
2282246.33,16.522,-15.398,-5.864,-1.753,-2.348,-1.32,0
2282246.34,16.598,-14.316,-2.64,-1.962,-2.059,-1.409,0
2282246.35,15.074,-13.406,6.125,-1.998,-2.039,-1.402,0
2282246.36,14.004,-13.208,5.509,-1.877,-2.384,-1.381,0
2282246.37,11.855,-13.236,6.976,-1.765,-2.85,-1.462,0
2282246.38,8.864,-13.367,9.884,-1.722,-3.136,-1.553,0
2282246.4,0.214,-14.026,12.314,-1.495,-2.86,-1.644,0
2282246.41,-8.629,-15.044,5.542,-1.284,-2.731,-1.533,0
2282246.42,-14.591,-18.691,-2.195,-1.078,-2.48,-1.123,0
2282246.43,-5.745,-17.118,-9.471,-1.121,-2.388,-0.737,0
2282246.44,1.34,-12.379,-11.934,-1.653,-1.571,-0.991,0
2282246.45,2.662,-8.39,-9.058,-2.186,0.023,-1.486,0
2282246.46,2.844,-5.747,-4.343,-2.175,0.734,-1.764,0
2282246.47,1.884,-5.096,-0.222,-1.512,0.432,-1.988,0
2282246.49,-0.544,-4.556,4.968,-1.103,0.941,-2.245,0
2282246.5,-1.599,-2.615,3.051,-0.814,0.995,-2.235,0
2282246.51,-2.587,-0.111,-1.843,-0.495,0.679,-2.046,0
2282246.52,-2.231,1.694,-7.051,-0.238,0.116,-1.713,0
2282246.53,-0.837,2.156,-9.611,-0.037,-0.453,-1.397,0
2282246.54,-0.104,1.381,-9.052,0.16,-0.81,-1.2,0
2282246.55,-3.762,0.19,-7.513,0.383,-0.99,-1.122,0
2282246.56,-7.134,-3.049,-9.065,0.535,-1.122,-1.097,0
2282246.57,-10.804,-4.492,-11.146,0.474,-1.216,-1.045,0
2282246.58,-14.202,-5.941,-12.422,0.049,-1.219,-0.826,0
2282246.6,-13.628,-5.863,-13.604,-0.454,-0.434,-0.343,0
2282246.61,-9.922,-4.026,-13.412,-0.578,0.049,-0.211,0
2282246.62,-5.499,-1.442,-13.044,-0.633,0.545,-0.258,0
2282246.63,-0.597,0.521,-12.02,-0.684,1.023,-0.416,0
2282246.64,3.545,0.546,-10.448,-0.796,1.639,-0.484,0
2282246.66,9.869,0.959,-10.969,-1.104,2.815,-0.564,0
2282246.67,11.848,2.543,-14.226,-1.175,3.384,-0.732,0
2282246.691,12.916,4.833,-14.885,-0.971,5.086,-1.001,0
2282246.7,12.697,4.659,-10.266,-0.75,5.314,-1.119,0
2282246.71,11.42,5.015,-5.131,-0.693,4.591,-1.06,0
2282246.72,10.305,6.704,-3.193,-0.728,3.587,-0.52,0
2282246.73,11.294,8.842,-2.511,-0.759,3.229,0.556,0
2282246.74,17.317,10.541,-2.887,-0.613,3.588,1.72,0
2282246.75,26.24,11.309,-3.607,-0.341,3.935,2.315,0
2282246.76,34.52,12.089,-3.815,-0.079,3.394,2.002,0
2282246.77,26.379,14.082,-10.635,-0.037,1.895,1.046,0
2282246.78,13.134,11.697,-13.062,-0.151,0.1,-0.019,0
2282246.79,8.657,6.134,-12.76,-0.24,-1.442,-0.693,0
2282246.8,6.477,3.322,-11.127,-0.268,-2.041,-1.228,0
2282246.81,5.106,2.384,-8.281,-0.2,-1.695,-1.467,0
2282246.82,4.75,1.667,-6.196,-0.214,-1.429,-1.525,0
2282246.83,4.615,0.496,-5.809,-0.313,-1.33,-1.466,0
2282246.84,4.189,-0.826,-5.997,-0.435,-1.095,-1.382,0
2282246.85,3.5,-1.744,-6.002,-0.528,-0.654,-1.293,0
2282246.86,2.539,-2.263,-5.914,-0.61,-0.219,-1.162,0
2282246.87,1.575,-2.462,-5.831,-0.658,0.138,-0.988,0
2282246.882,0.857,-2.378,-5.59,-0.641,0.401,-0.801,0
2282246.89,1.067,-2.004,-4.652,-0.589,0.408,-0.627,0
2282246.9,2.676,-1.444,-3.326,-0.594,0.024,-0.471,0
2282246.91,5.43,-0.41,-3.071,-0.671,-0.446,-0.41,0
2282246.92,7.152,1.157,-3.308,-0.734,-0.615,-0.445,0
2282246.93,8.135,2.506,-3.606,-0.767,-0.329,-0.434,0
2282246.94,8.525,3.678,-3.87,-0.758,0.05,-0.404,0
2282246.95,8.325,4.629,-4.196,-0.739,0.25,-0.39,0
2282246.96,7.983,5.437,-4.586,-0.694,0.222,-0.396,0
2282246.97,7.454,6.312,-4.865,-0.623,0.008,-0.41,0
2282246.98,6.761,7.181,-4.865,-0.542,-0.321,-0.396,0
2282246.991,6.322,7.38,-3.724,-0.499,-0.666,-0.335,0
2282247,6.404,7.144,-2.882,-0.491,-0.877,-0.25,0
2282247.02,6.98,6.945,-1.627,-0.427,-0.701,-0.109,0
2282247.03,7.146,7.084,-1.813,-0.381,-0.509,-0.104,0
2282247.04,7.308,7.373,-2.357,-0.347,-0.27,-0.112,0
2282247.05,7.484,7.552,-2.954,-0.343,-0.024,-0.126,0
2282247.06,7.653,7.483,-3.241,-0.37,0.148,-0.151,0
2282247.07,7.516,7.14,-3.191,-0.413,0.166,-0.195,0
2282247.082,7.05,6.781,-2.992,-0.432,0.067,-0.236,0
2282247.091,6.627,6.423,-2.721,-0.413,-0.073,-0.246,0
2282247.11,5.931,6.016,-2.731,-0.297,-0.339,-0.191,0
2282247.12,5.605,6.017,-2.76,-0.237,-0.417,-0.152,0
2282247.13,5.261,6.143,-2.662,-0.16,-0.472,-0.1,0
2282247.14,4.974,6.339,-2.524,-0.115,-0.489,-0.074,0
2282247.15,4.741,6.497,-2.433,-0.081,-0.49,-0.055,0
2282247.16,4.509,6.656,-2.445,-0.058,-0.465,-0.038,0
2282247.17,4.369,6.696,-2.449,-0.049,-0.401,-0.023,0
2282247.18,4.15,6.732,-2.399,-0.042,-0.304,-0.002,0
2282247.192,3.958,6.796,-2.328,-0.035,-0.191,0.026,0
2282247.21,4.55,7.148,-2.324,0.005,0.043,0.103,0
2282247.22,5.101,7.335,-2.544,0.044,0.127,0.135,0
2282247.23,5.552,7.507,-3.038,0.088,0.199,0.149,0
2282247.24,5.941,7.566,-3.561,0.147,0.333,0.142,0
2282247.25,6.318,7.413,-4.011,0.166,0.411,0.138,0
2282247.26,6.638,6.959,-4.407,0.174,0.426,0.138,0
2282247.27,6.936,6.305,-4.836,0.179,0.386,0.145,0
2282247.28,7.148,5.576,-5.159,0.188,0.326,0.155,0
2282247.29,7.119,4.939,-5.264,0.196,0.245,0.161,0
2282247.3,6.742,4.449,-5.259,0.202,0.151,0.164,0
2282247.31,6.37,4.191,-5.032,0.197,0.078,0.175,0
2282247.32,6.251,4.065,-4.601,0.181,0.027,0.195,0
2282247.33,6.384,4.081,-4.435,0.155,0.056,0.226,0
2282285.01,2.687,-9.645,1.37,0.034,0.087,-0.076,0
2282285.02,2.861,-9.575,1.447,0.053,0.031,-0.087,0
2282285.03,3.03,-9.491,1.548,0.075,-0.05,-0.097,0
2282285.04,3.157,-9.373,1.584,0.12,-0.217,-0.112,0
2282285.05,3.208,-9.253,1.559,0.153,-0.345,-0.117,0
2282285.06,3.221,-9.114,1.476,0.181,-0.47,-0.117,0
2282285.07,3.24,-8.982,1.368,0.203,-0.582,-0.111,0
2282285.08,3.281,-8.827,1.256,0.222,-0.678,-0.103,0
2282285.09,3.341,-8.623,1.183,0.238,-0.756,-0.1,0
2282285.1,3.383,-8.362,1.071,0.251,-0.818,-0.104,0
2282285.11,3.347,-8.024,0.952,0.259,-0.87,-0.115,0
2282285.12,3.082,-7.44,0.713,0.258,-0.917,-0.131,0
2282285.13,2.959,-7.284,0.627,0.25,-0.963,-0.148,0
2282285.14,2.856,-7.266,0.585,0.235,-1.015,-0.172,0
2282285.15,2.711,-7.382,0.596,0.202,-1.102,-0.214,0
2282285.16,2.502,-7.578,0.637,0.178,-1.167,-0.241,0
2282285.17,2.277,-7.852,0.698,0.155,-1.224,-0.261,0
2282285.19,1.97,-8.503,0.853,0.135,-1.3,-0.281,0
2282285.2,1.824,-8.721,0.92,0.145,-1.315,-0.289,0
2282285.21,1.644,-8.837,0.973,0.166,-1.327,-0.295,0
2282285.22,1.399,-8.914,1.03,0.197,-1.329,-0.302,0
2282285.24,0.948,-9.143,0.85,0.313,-1.319,-0.302,0
2282285.25,0.82,-9.312,0.64,0.342,-1.366,-0.28,0
2282285.26,0.907,-9.48,0.54,0.296,-1.558,-0.222,0
2282285.27,1.086,-9.611,0.596,0.218,-1.756,-0.198,0
2282285.28,1.327,-9.691,0.802,0.139,-1.984,-0.191,0
2282285.3,1.588,-9.342,1.381,0.059,-2.428,-0.225,0
2282285.31,1.604,-9.11,1.799,-0.078,-2.572,-0.237,0
2282285.32,1.698,-8.846,2.362,-0.117,-2.641,-0.247,0
2282285.33,1.815,-8.727,3.038,-0.131,-2.626,-0.272,0
2282285.34,1.357,-8.522,4.264,-0.104,-2.492,-0.31,0
2282285.35,1.113,-8.523,3.959,-0.048,-2.223,-0.343,0
2282285.36,1.113,-8.539,3.076,-0.01,-1.718,-0.404,0
2282285.372,1.039,-8.396,2.495,-0.065,-1.515,-0.461,0
2282285.39,0.576,-8.063,2.484,-0.235,-1.487,-0.606,0
2282285.41,-0.466,-9.335,-6.357,-0.057,-1.628,-0.699,0
2282285.42,1.361,-10.189,-18.401,0.096,-1.911,-0.679,0
2282285.43,3.484,-11.029,-17.858,-0.491,-2.804,-0.616,0
2282285.44,4.374,-11.726,-10.203,-1.068,-2.976,-0.569,0
2282285.45,4.462,-12.229,-3.074,-1.356,-2.45,-0.526,0
2282285.46,3.521,-12.18,0.211,-1.448,-1.752,-0.527,0
2282285.47,3.459,-12.185,-0.569,-1.631,-1.148,-0.633,0
2282285.48,4.922,-12.677,-2.883,-1.868,-0.492,-0.765,0
2282285.5,5.51,-12.941,0.638,-2.055,-0.358,-1.021,0
2282285.51,5.803,-12.18,3.794,-1.824,-0.667,-1.059,0
2282285.52,6.495,-11.738,5.989,-1.521,-1.215,-1.112,0
2282285.53,7.496,-11.318,7.107,-1.277,-1.774,-1.219,0
2282285.54,8.772,-10.685,6.082,-1.129,-2.026,-1.365,0
2282285.55,8.926,-9.059,5.454,-1.116,-1.911,-1.519,0
2282285.56,7.415,-7.689,6.514,-1.172,-1.515,-1.623,0
2282285.57,7.057,-6.464,5.953,-1.106,-0.999,-1.522,0
2282285.59,8.278,-7.928,0.878,-0.776,-0.61,-1.47,0
2282285.6,8.804,-8.766,-0.247,-0.621,-0.771,-1.584,0
2282285.61,8.396,-9.492,-0.265,-0.461,-0.969,-1.683,0
2282285.62,7.552,-10.51,-0.072,-0.276,-1.128,-1.749,0
2282285.63,6.891,-11.866,-0.286,-0.084,-1.169,-1.811,0
2282285.64,6.414,-13.324,-2.397,0.081,-1.096,-1.892,0
2282285.65,5.178,-14.811,-8.068,0.131,-0.927,-1.963,0
2282285.66,2.081,-16.495,-14.572,-0.068,-0.584,-1.96,0
2282285.67,-0.634,-16.582,-14.856,-0.415,0.006,-1.834,0
2282285.68,-0.901,-14.062,-9.982,-0.536,0.622,-1.688,0
2282285.7,3.066,-4.912,-5.092,-0.018,0.806,-1.586,0
2282285.71,4.146,-2.361,-3.844,0.075,0.589,-1.574,0
2282285.72,4.301,-0.84,-3.585,0.13,0.412,-1.567,0
2282285.73,4.417,0.283,-4.724,0.164,0.476,-1.532,0
2282285.74,5.193,1.516,-6.874,0.161,0.816,-1.493,0
2282285.75,6.503,2.556,-10.04,0.06,1.252,-1.511,0
2282285.76,8.041,3.503,-14.521,-0.201,1.568,-1.61,0
2282285.77,10.885,1.669,-16.808,-0.592,1.644,-1.757,0
2282285.79,12.207,-6.107,-13.057,-0.904,0.754,-1.94,0
2282285.81,15.875,-7.145,-14.55,-0.472,-1.366,-1.808,0
2282285.82,15.807,-5.106,-12.039,-0.434,-1.238,-1.77,0
2282285.83,15.157,-3.046,-9.435,-0.427,-0.684,-1.679,0
2282285.84,15.055,-0.793,-10.349,-0.454,-0.058,-1.52,0
2282285.85,14.995,2.008,-14.23,-0.66,0.624,-1.316,0
2282285.86,14.491,5.551,-18.101,-1.079,1.62,-1.023,0
2282285.87,12.147,8.447,-13.247,-1.622,2.941,-0.637,0
2282285.88,8.64,11.007,-6.798,-1.919,3.94,-0.247,0
2282285.9,4.9,15.847,-1.514,-1.266,4.458,0.235,0
2282285.91,5.306,18.412,-7.926,-0.302,3.222,0.229,0
2282285.92,5.032,17.894,-9.521,0.212,1.784,0.055,0
2282285.93,4.941,14.092,-8.018,0.626,0.348,-0.123,0
2282285.941,6.057,10.127,-6.829,0.765,-0.707,-0.315,0
2282285.951,7.123,7.432,-4.688,0.659,-1.383,-0.573,0
2282285.96,7.484,5.901,-3.726,0.497,-1.736,-0.871,0
2282285.971,5.701,3.536,-2.225,0.329,-1.749,-1.156,0
2282285.98,5.701,3.536,-2.225,0.188,-1.552,-1.371,0
2282286.001,4.429,1.869,-1.282,0.067,-0.935,-1.592,0
2282286.011,4.539,1.732,-0.818,0.071,-0.15,-1.555,0
2282286.021,5.06,1.67,-0.264,0.084,0.227,-1.456,0
2282286.03,6.104,1.669,-0.059,0.095,0.374,-1.329,0
2282286.04,7.725,2.14,-0.743,0.112,0.434,-1.197,0
2282286.05,8.789,3.619,-2.562,0.131,0.616,-1.067,0
2282286.061,8.582,5.94,-4.904,0.123,0.955,-0.923,0
2282286.07,7.701,7.82,-5.266,0.059,1.101,-0.797,0
2282286.08,6.666,8.689,-5.001,0.074,0.758,-0.746,0
2282286.09,5.172,8.231,-5.166,0.183,-0.075,-0.767,0
2282286.101,3.94,7.212,-5.308,0.257,-1.01,-0.81,0
2282286.111,2.985,6.205,-5.1,0.239,-1.746,-0.843,0
2282286.121,2.428,5.251,-4.85,0.087,-2.432,-0.846,0
2282286.13,2.162,4.738,-4.703,-0.068,-2.64,-0.826,0
2282286.14,1.809,4.55,-4.109,-0.243,-2.656,-0.784,0
2282286.15,1.809,4.55,-4.109,-0.396,-2.494,-0.715,0
2282286.16,1.543,4.742,-3.395,-0.494,-2.196,-0.618,0
2282286.17,1.251,5.031,-2.673,-0.53,-1.815,-0.498,0
2282286.19,0.919,5.67,-2.029,-0.515,-1.127,-0.251,0
2282286.2,0.397,6.436,-3.274,-0.522,-0.85,-0.127,0
2282286.21,0.231,6.659,-4.203,-0.572,-0.58,0.007,0
2282286.22,0.103,6.537,-4.763,-0.695,-0.302,0.162,0
2282286.23,0.251,6.237,-4.819,-0.972,0.056,0.386,0
2282286.24,0.358,6.03,-4.462,-1.134,0.249,0.484,0
2282286.25,0.419,6.254,-3.812,-1.219,0.378,0.535,0
2282286.26,0.497,6.658,-3.293,-1.18,0.389,0.551,0
2282286.27,0.471,6.915,-3.163,-1.026,0.228,0.547,0
2282286.28,0.463,6.788,-3.531,-0.83,-0.064,0.553,0
2282286.291,0.181,6.875,-3.629,-0.705,-0.381,0.59,0
2282286.3,0.009,7.013,-3.394,-0.658,-0.64,0.671,0
2282286.31,0.094,7.229,-3.063,-0.648,-0.781,0.767,0
2282286.32,0.573,7.502,-2.866,-0.654,-0.752,0.845,0
2282286.33,1.366,8.856,-2.378,-0.705,-0.44,0.85,0
2282286.34,2.314,11.162,-1.227,-0.708,-0.207,0.775,0
2282286.35,3.505,14.309,-0.398,-0.627,-0.01,0.697,0
2282286.36,4.703,17.721,-0.017,-0.55,0.258,0.67,0
2282286.37,5.488,19.196,0.341,-0.487,0.607,0.739,0
2282286.381,5.935,18.425,0.636,-0.465,1.029,0.873,0
2282286.39,6.034,15.977,0.902,-0.486,1.462,0.977,0
2282286.4,5.896,13.104,1.312,-0.509,1.82,1.021,0
2282286.41,5.64,10.375,1.761,-0.491,2.049,1.026,0
2282286.42,5.876,7.562,1.854,-0.362,2.07,0.999,0
2282286.43,6.467,6.836,-1.205,0.119,1.293,0.864,0
2282286.44,7.881,5.928,-4.126,0.766,0.341,0.784,0
2282286.45,9.536,5.11,-5.38,0.837,0.407,0.823,0
2282286.46,10.624,4.63,-5.123,0.718,0.653,0.803,0
2282286.47,10.914,4.432,-4.281,0.531,0.764,0.711,0
2282286.491,9.832,4.707,-3.549,0.191,0.384,0.494,0
2282286.5,8.993,5.04,-3.652,0.051,0.136,0.463,0
2282286.51,8.318,5.358,-3.48,-0.044,-0.045,0.49,0
2282286.52,7.782,5.616,-2.948,-0.082,-0.171,0.54,0
2282286.53,7.3,5.865,-2.303,-0.076,-0.283,0.586,0
2282286.54,6.81,6.116,-1.643,-0.041,-0.389,0.629,0
2282286.55,6.44,6.227,-1.084,-0.041,-0.493,0.641,0
2282286.56,6.173,6.251,-0.879,0.023,-0.472,0.651,0
2282286.57,6.024,6.331,-1.101,0.075,-0.356,0.673,0
2282286.581,5.928,6.379,-1.42,0.137,-0.169,0.716,0
2282286.59,6.079,6.331,-1.479,0.204,-0.035,0.767,0
2282286.6,6.346,6.086,-1.49,0.258,-0.001,0.805,0
2282286.61,6.888,5.68,-1.517,0.29,0.007,0.822,0
2282286.62,7.743,5.237,-1.453,0.307,0.042,0.812,0
2282286.63,8.037,4.382,-1.278,0.323,0.092,0.792,0
2282286.64,8.069,4.084,-1.464,0.338,0.104,0.768,0
2282286.65,8.372,3.806,-2.147,0.359,0.053,0.742,0
2282304.43,5.557,-8.485,-5.67,-0.093,0.166,0.269,0
2282304.44,6.26,-7.789,-4.275,-0.337,0.786,0.128,0
2282304.45,6.365,-7.122,-3.254,-0.394,1.1,0.041,0
2282304.46,6.215,-6.519,-2.831,-0.417,1.318,-0.035,0
2282304.47,5.482,-5.936,-2.198,-0.43,1.464,-0.102,0
2282304.48,4.598,-5.541,-0.812,-0.407,1.542,-0.146,0
2282304.49,4.054,-5.543,0.992,-0.314,1.511,-0.176,0
2282304.5,3.627,-5.995,2.517,-0.155,1.365,-0.21,0
2282304.51,3.754,-8.475,3.125,0.024,1.139,-0.244,0
2282304.53,4.458,-12.065,3.083,0.269,0.584,-0.336,0
2282304.54,4.506,-13.394,3.433,0.349,0.131,-0.407,0
2282304.55,4.437,-14.031,3.639,0.386,-0.16,-0.413,0
2282304.56,4.209,-13.872,3.589,0.423,-0.426,-0.376,0
2282304.57,3.801,-12.91,2.953,0.459,-0.657,-0.297,0
2282304.58,1.934,-11.733,-2.313,0.482,-0.851,-0.185,0
2282304.59,0.685,-11.317,-14.192,0.224,-1.346,0.007,0
2282304.6,1.919,-11.456,-12.4,-0.676,-2.576,0.196,0
2282304.61,0.187,-9.908,-16.937,-0.512,-1.941,0.069,0
2282304.62,-1.06,-7.375,-13.221,-0.256,-0.989,-0.122,0
2282304.63,-0.275,-6.627,-8.507,-0.173,-0.521,-0.06,0
2282304.64,0.757,-6.455,-6.656,-0.035,-0.507,-0.001,0
2282304.65,1.384,-6.853,-6.949,-0.057,-0.659,0,0
2282304.66,1.716,-7.788,-6.102,-0.26,-0.315,-0.007,0
2282304.67,1.968,-8.867,-4.421,-0.442,0.115,-0.038,0
2282304.68,1.694,-9.52,-2.997,-0.585,0.37,-0.081,0
2282304.69,1.433,-9.399,-1.195,-0.674,0.589,-0.098,0
2282304.7,1.132,-8.477,0.45,-0.683,0.792,-0.118,0
2282304.71,0.647,-7.335,1.758,-0.589,0.914,-0.12,0
2282304.733,-1.635,-4.865,2.979,-0.294,1.164,-0.035,0
2282304.75,-3.116,-4.104,3.19,0.049,1.296,0.305,0
2282304.76,-3.242,-4.037,3.077,0.181,1.246,0.506,0
2282304.77,-2.631,-4.331,2.552,0.312,1.13,0.694,0
2282304.78,-2.006,-4.841,1.456,0.413,0.882,0.816,0
2282304.79,-1.414,-5.574,0.078,0.448,0.459,0.858,0
2282304.8,-0.825,-6.716,-0.912,0.412,-0.159,0.821,0
2282304.81,-0.117,-8.341,-1.3,0.335,-0.843,0.717,0
2282304.82,0.768,-10.45,-1.625,0.27,-1.409,0.567,0
2282304.83,1.744,-13.979,-4.979,0.32,-1.765,0.366,0
2282304.86,6.809,-14.779,-10.905,0.449,-0.695,-0.081,0
2282304.87,5.9,-12.274,-5.074,0.434,0.027,-0.042,0
2282304.88,4.429,-10.437,-2.852,0.353,0.246,0.039,0
2282304.89,3.457,-9.126,-2.162,0.166,0.236,0.15,0
2282304.9,2.883,-8.164,-1.603,-0.032,0.188,0.264,0
2282304.91,2.625,-7.399,-1.313,-0.161,0.235,0.365,0
2282304.92,2.688,-6.709,-1.289,-0.21,0.348,0.405,0
2282304.93,2.784,-6.14,-1.89,-0.208,0.42,0.37,0
2282304.95,2.599,-8.579,-3.563,-0.079,0.26,0.177,0
2282304.97,0.881,-9.391,-2.217,0.069,-0.023,-0.091,0
2282304.98,-0.134,-8.949,-1.718,0.057,0.066,-0.126,0
2282304.99,-0.587,-8.271,-1.448,0.01,0.241,-0.087,0
2282305,-0.586,-7.48,-1.147,-0.049,0.411,-0.021,0
2282305.01,-0.262,-6.691,-0.886,-0.09,0.541,0.046,0
2282305.021,0.311,-6.139,-1.022,-0.086,0.619,0.111,0
2282305.04,1.422,-5.769,-2.38,-0.024,0.561,0.181,0
2282305.05,2.09,-5.796,-3.464,-0.029,0.432,0.188,0
2282305.06,3.245,-5.958,-5.516,-0.043,0.305,0.18,0
2282305.07,4.875,-6.488,-8.215,-0.042,0.274,0.151,0
2282305.08,5.907,-7.423,-9.062,-0.094,0.22,0.097,0
2282305.09,5.579,-8.396,-7.284,-0.177,0.159,0.007,0
2282305.1,4.752,-8.893,-5.991,-0.249,0.184,-0.077,0
2282305.11,4.155,-8.835,-5.962,-0.386,0.265,-0.138,0
2282305.121,3.992,-8.458,-5.662,-0.533,0.439,-0.178,0
2282305.14,2.333,-7.771,-1.179,-0.606,0.831,-0.255,0
2282305.15,1.453,-7.943,0.256,-0.562,0.873,-0.327,0
2282305.16,-2.659,-6.698,3.926,-0.473,0.927,-0.38,0
2282305.17,-3.569,-5.283,5.122,-0.332,0.89,-0.327,0
2282305.19,0.216,-1.494,-0.078,-0.111,-0.239,-0.152,0
2282305.2,1.678,-0.737,2.325,-0.232,-0.297,-0.258,0
2282305.21,2.614,-0.839,4.585,-0.155,0.065,-0.395,0
2282305.22,2.479,-2.29,5.027,0.006,0.28,-0.538,0
2282305.23,1.23,-5.325,6.504,0.078,0.122,-0.627,0
2282305.24,-0.793,-8.827,8.265,0.177,-0.238,-0.595,0
2282305.25,-3.136,-11.393,9.773,0.369,-0.58,-0.454,0
2282305.26,-5.864,-13.689,10.721,0.616,-0.793,-0.245,0
2282305.27,-7.705,-16.587,11.407,0.84,-0.79,0.041,0
2282305.28,-8.184,-20.931,9.722,1.023,-0.727,0.333,0
2282305.29,-6.835,-26.94,4.042,1.053,-0.928,0.474,0
2282305.3,-3.958,-37.706,-5.366,0.682,-1.269,0.272,0
2282305.31,-1.429,-39.956,-14.509,-0.127,-1.121,-0.137,0
2282305.32,2.041,-39.956,-12.433,-0.764,-0.317,-0.557,0
2282305.33,8.342,-38.021,0.396,-0.619,-0.059,-0.808,0
2282305.35,10.286,-11.885,14.905,0.871,-0.536,-0.548,0
2282305.36,9.866,-13.065,11.676,1.304,-0.438,-0.166,0
2282305.37,6.295,-16.487,10.737,1.282,-0.494,0.372,0
2282305.38,4.735,-14.576,10.355,1.198,-0.718,1.049,0
2282305.39,2.675,-11.436,8.425,1.118,-0.77,1.715,0
2282305.4,1.605,-8.679,5.156,1.087,-0.378,2.357,0
2282305.41,1.15,-6.997,4.172,1.004,0.199,2.443,0
2282305.42,0.167,-5.669,4.291,0.922,0.722,2.285,0
2282305.43,-0.682,-4.851,3.608,0.894,0.98,1.986,0
2282305.45,-3.35,-2.87,-0.309,0.856,0.984,1.371,0
2282305.46,-4.479,-2.727,-3.01,0.757,1.016,1.194,0
2282305.47,-4.67,-3.668,-5.297,0.577,1.092,1.107,0
2282305.48,-3.966,-5.116,-8.612,0.356,1.102,1.015,0
2282305.49,-3.156,-6.532,-12.456,0.068,0.824,0.794,0
2282305.5,-3.099,-7.683,-13.126,0.29,0.341,0.089,0
2282305.51,-1.877,-10.074,-11.646,1.5,0.166,-0.412,0
2282305.52,-0.977,-11.442,-11.089,2.09,-0.685,-0.627,0
2282305.53,0.367,-11.256,-10.292,2.203,-1.241,-0.731,0
2282305.55,-0.664,-8.918,-6.394,1.782,-0.966,-0.734,0
2282305.56,1.082,-7.274,-2.544,1.615,-0.762,-0.52,0
2282305.57,2.944,-7.312,-1.862,1.528,-0.768,-0.447,0
2282305.58,0.36,-10.237,0.333,1.432,-0.892,-0.365,0
2282305.59,-0.559,-11.868,2.632,1.384,-1.047,-0.208,0
2282305.6,-0.685,-11.968,4.72,1.417,-1.119,-0.084,0
2282305.61,-0.215,-10.967,6.334,1.541,-1.225,-0.073,0
2282305.62,-0.022,-9.803,7.71,1.558,-1.294,-0.164,0
2282305.63,0.023,-8.812,8.602,1.52,-1.303,-0.264,0
2282305.65,1.301,-8.641,9.33,1.272,-1.05,-0.367,0
2282305.66,2.126,-8.958,9.777,1.071,-0.905,-0.345,0
2282305.67,2.478,-9.039,9.652,0.875,-0.742,-0.257,0
2282305.68,2.545,-8.613,9.68,0.684,-0.607,-0.109,0
2282305.69,2.068,-7.876,9.532,0.517,-0.469,0.07,0
2282305.7,1.248,-7.012,9.139,0.396,-0.34,0.2,0
2282305.71,0.359,-6.517,8.6,0.335,-0.26,0.237,0
2282305.72,-0.024,-6.29,8.064,0.335,-0.256,0.175,0
2282305.74,-0.037,-5.789,7.692,0.41,-0.308,0,0
2282305.75,0.046,-6.007,7.556,0.42,-0.33,-0.071,0
2282305.76,0.094,-6.321,7.528,0.397,-0.312,-0.128,0
2282305.77,0.165,-6.455,7.336,0.348,-0.275,-0.168,0
2282305.78,0.46,-6.238,7.026,0.277,-0.237,-0.191,0
2282305.79,0.685,-6.075,6.697,0.2,-0.208,-0.21,0
2282305.8,0.798,-5.956,6.466,0.128,-0.172,-0.222,0
2282305.81,1.15,-6.36,6.144,0.075,-0.137,-0.228,0
2282305.82,1.421,-6.357,6.106,0.045,-0.118,-0.238,0
2282305.84,1.833,-6.34,6.156,0.076,-0.078,-0.256,0
2282305.85,2.006,-6.515,6.361,0.094,-0.092,-0.246,0
2282305.86,2.054,-6.82,6.655,0.107,-0.09,-0.21,0
2282305.87,1.962,-7.096,6.875,0.112,-0.083,-0.155,0
2282305.88,1.644,-7.427,7.126,0.099,-0.084,-0.097,0
2282305.89,1.285,-7.584,7.474,0.07,-0.077,-0.058,0
2282305.901,1.012,-7.65,7.626,0.045,-0.053,-0.053,0
2282305.911,0.935,-7.891,7.751,0.015,-0.062,-0.067,0
2282305.92,0.784,-8.043,7.767,-0.016,-0.084,-0.086,0
2282305.93,0.825,-8.181,7.773,-0.042,-0.106,-0.089,0
2282305.94,0.969,-8.781,7.952,-0.042,-0.143,-0.092,0
2282305.95,1.232,-8.813,8.087,-0.009,-0.178,-0.109,0
2282305.961,1.534,-8.589,8.093,0.034,-0.192,-0.12,0
2282305.971,1.643,-8.403,7.92,0.059,-0.199,-0.115,0
2282305.98,1.685,-8.17,7.581,0.051,-0.208,-0.108,0
2282305.99,1.785,-7.875,7.173,0.02,-0.221,-0.109,0
2282306.001,1.76,-7.744,6.871,-0.015,-0.235,-0.125,0
2282306.01,1.768,-7.694,6.62,-0.038,-0.252,-0.142,0
2282306.02,2.01,-7.432,5.872,-0.037,-0.266,-0.161,0
2282306.03,2.134,-7.297,5.634,-0.027,-0.256,-0.19,0
2282306.04,2.198,-7.23,5.71,-0.009,-0.213,-0.227,0
2282306.05,2.231,-7.142,5.67,0.021,-0.192,-0.233,0
2282306.061,2.34,-7.047,5.619,0.056,-0.179,-0.224,0
2282306.071,2.43,-7.023,5.574,0.082,-0.177,-0.215,0
2282306.081,2.504,-6.895,5.526,0.098,-0.175,-0.205,0
