2285276.36,-1.882,-9.702,1.282,0.016,-0.002,0.026,5
2285276.37,-1.831,-9.701,1.284,0.01,-0.007,0.027,5
2285276.379,-1.794,-9.722,1.282,0.004,-0.019,0.024,5
2285276.39,-1.794,-9.664,1.287,-0.002,-0.024,0.021,5
2285276.4,-1.794,-9.572,1.326,-0.013,-0.024,0.018,5
2285276.41,-1.816,-9.476,1.381,-0.021,-0.022,0.015,5
2285276.42,-1.833,-9.425,1.445,-0.025,-0.014,0.012,5
2285276.43,-1.862,-9.408,1.521,-0.028,-0.007,0.013,5
2285276.44,-1.869,-9.449,1.611,-0.026,0.001,0.012,5
2285276.45,-1.896,-9.478,1.675,-0.02,0.005,0.009,5
2285276.46,-1.924,-9.478,1.742,-0.012,0.012,0.007,5
2285276.47,-1.956,-9.473,1.775,-0.001,0.016,0.007,5
2285276.479,-1.96,-9.451,1.783,0.014,0.016,0.005,5
2285276.49,-1.976,-9.479,1.775,0.032,0.009,0.002,5
2285276.5,-2.002,-9.521,1.792,0.046,0,-0.002,5
2285276.509,-2.073,-9.465,1.801,0.059,-0.006,-0.004,5
2285276.52,-2.124,-9.432,1.792,0.076,-0.019,-0.002,5
2285276.53,-2.142,-9.451,1.735,0.082,-0.034,0.005,5
2285276.54,-2.152,-9.497,1.682,0.081,-0.046,0.012,5
2285276.549,-2.161,-9.537,1.646,0.073,-0.053,0.021,5
2285276.56,-2.153,-9.521,1.63,0.062,-0.059,0.031,5
2285276.57,-2.102,-9.463,1.624,0.05,-0.065,0.041,5
2285276.58,-2.003,-9.347,1.569,0.04,-0.075,0.048,5
2285276.59,-1.96,-9.332,1.548,0.024,-0.095,0.06,5
2285276.6,-1.854,-9.318,1.577,0.018,-0.108,0.065,5
2285276.61,-1.836,-9.37,1.664,0.017,-0.122,0.069,5
2285276.62,-1.87,-9.42,1.748,0.021,-0.13,0.078,5
2285276.63,-1.797,-9.424,1.819,0.031,-0.135,0.093,5
2285276.639,-1.683,-9.382,1.864,0.042,-0.143,0.109,5
2285276.65,-1.448,-9.436,1.921,0.048,-0.155,0.126,5
2285276.66,-1.155,-9.542,1.989,0.044,-0.179,0.133,5
2285276.67,-0.914,-9.697,2.079,0.032,-0.222,0.135,5
2285276.679,-0.697,-9.89,2.203,0.015,-0.287,0.141,5
2285276.69,-0.459,-10.005,2.313,0.005,-0.386,0.15,5
2285276.7,-0.249,-10.115,2.36,0.002,-0.581,0.15,5
2285276.709,-0.077,-10.157,2.374,0.016,-0.727,0.146,5
2285276.72,0.027,-10.206,2.395,0.053,-0.877,0.14,5
2285276.73,0.021,-10.282,2.355,0.115,-1.003,0.13,5
2285276.74,-0.067,-10.414,2.18,0.195,-1.089,0.12,5
2285276.75,-0.229,-10.564,1.908,0.297,-1.129,0.106,5
2285276.759,-0.802,-10.804,0.634,0.412,-1.122,0.088,5
2285276.77,-0.802,-10.804,0.634,0.53,-1.064,0.073,5
2285276.789,-1.646,-10.986,-4.958,0.486,-0.734,0.092,5
2285276.8,-2.086,-11.459,-10.289,-0.082,-0.315,0.164,5
2285276.82,-0.604,-11.82,-5.809,-0.764,0.023,0.225,5
2285276.83,-0.165,-12.157,-5.128,-0.853,-0.023,0.188,5
2285276.84,-0.165,-12.526,-5.405,-0.952,-0.046,0.159,5
2285276.85,-0.044,-13.107,-6.295,-1.101,-0.015,0.145,5
2285276.89,-1.594,-16.316,-3.459,-1.84,0.208,0.106,5
2285276.9,-2.137,-15.913,-0.04,-1.676,0.214,0.095,5
2285276.919,-2.894,-15.143,2.947,-0.977,0.637,0.021,5
2285276.94,-2.07,-13.412,1.951,-0.705,0.666,-0.243,5
2285276.95,-2.589,-12.349,3.08,-0.572,0.354,-0.399,5
2285276.959,-3.9,-10.997,4.446,-0.472,0.115,-0.507,5
2285276.97,-5.334,-9.396,4.969,-0.462,0.133,-0.544,5
2285276.98,-6.24,-8.046,4.43,-0.563,0.233,-0.525,5
2285276.99,-6.486,-6.683,4.161,-0.704,0.098,-0.432,5
2285277.04,0.436,-9.817,-2.357,-0.731,-0.226,-0.113,5
2285277.05,0.088,-9.893,-1.737,-0.599,-0.076,-0.2,5
2285277.06,-0.37,-9.464,-0.857,-0.47,0.064,-0.282,5
2285277.07,-0.927,-8.679,-0.167,-0.367,0.164,-0.34,5
2285277.08,-1.348,-7.828,0.154,-0.297,0.221,-0.365,5
2285277.09,-1.626,-7.128,0.293,-0.254,0.241,-0.368,5
2285277.099,-1.559,-6.515,0.189,-0.211,0.226,-0.362,5
2285277.11,-1.525,-6.044,-0.061,-0.166,0.19,-0.364,5
2285277.12,-1.555,-5.792,-0.481,-0.123,0.145,-0.357,5
2285277.13,-1.697,-5.729,-0.828,-0.077,0.084,-0.31,5
2285277.14,-1.78,-5.857,-1.139,-0.05,0.029,-0.257,5
2285277.15,-1.733,-6.051,-1.307,-0.021,-0.026,-0.202,5
2285277.16,-1.654,-6.152,-1.403,0.013,-0.062,-0.157,5
2285277.17,-1.503,-6.185,-1.447,0.059,-0.079,-0.122,5
2285277.179,-1.155,-6.156,-1.667,0.117,-0.081,-0.105,5
2285277.19,-0.737,-6.237,-2.163,0.184,-0.071,-0.115,5
2285277.199,-0.49,-6.406,-2.694,0.268,-0.059,-0.145,5
2285277.209,-0.552,-6.644,-3.108,0.363,-0.04,-0.194,5
2285277.22,-0.632,-6.752,-3.436,0.455,0.007,-0.248,5
2285277.23,-0.332,-6.692,-3.898,0.563,0.112,-0.299,5
2285277.24,0.016,-6.903,-4.358,0.602,0.178,-0.327,5
2285277.26,0.457,-8.018,-5.829,0.585,0.339,-0.401,5
2285277.27,0.573,-8.851,-6.362,0.549,0.438,-0.431,5
2285277.28,0.635,-9.697,-6.366,0.535,0.515,-0.432,5
2285277.29,0.594,-10.198,-5.97,0.559,0.516,-0.384,5
2285277.299,0.865,-10.46,-5.779,0.599,0.428,-0.281,5
2285277.309,1.44,-10.579,-5.897,0.612,0.308,-0.163,5
2285277.319,1.963,-10.256,-5.714,0.569,0.2,-0.05,5
2285277.329,2.141,-9.264,-4.045,0.513,0.098,0.054,5
2285277.34,1.609,-7.731,-1.173,0.524,-0.239,0.257,5
2285277.35,0.723,-6.598,1.454,0.561,-0.515,0.396,5
2285277.359,0.203,-6.481,2.771,0.55,-0.642,0.475,5
2285277.37,-0.311,-7.975,3.499,0.495,-0.506,0.492,5
2285277.38,-1.659,-11.354,4.028,0.41,-0.027,0.517,5
2285277.39,-2.455,-16.304,2.332,0.172,0.819,0.539,5
2285277.4,-3.021,-21.643,-0.564,-0.249,1.937,0.514,5
2285277.41,-4.865,-28.18,2.896,0.376,1.428,0.534,5
2285277.42,0.411,-28.854,-9.325,0.961,0.447,0.356,5
2285277.43,-0.402,-20.281,-10.725,0.724,0.231,0.034,5
2285277.44,-4.51,-8.512,1.46,0.327,0.2,-0.181,5
2285277.45,-5.883,-5.762,3.557,0.136,0.375,-0.25,5
2285277.46,-6.433,-4.78,3.357,0.119,0.386,-0.119,5
2285277.47,-5.537,-4.515,2.207,0.065,0.193,0.035,5
2285277.48,-4.943,-4.227,1.465,-0.038,-0.159,0.181,5
2285277.49,-4.292,-3.965,1.292,-0.151,-0.576,0.335,5
2285277.509,-2.372,-4.316,2.128,-0.251,-1.161,0.585,5
2285277.519,-1.785,-5.686,2.411,-0.21,-1.297,0.595,5
2285277.529,-1.963,-7.827,2.491,-0.153,-1.362,0.568,5
2285277.54,-1.945,-9.905,2.59,-0.092,-1.323,0.565,5
2285277.55,-1.633,-11.586,2.816,-0.018,-1.254,0.576,5
2285277.559,-0.653,-12.92,3.187,0.177,-1.205,0.532,5
2285277.57,0.496,-13.767,3.446,0.385,-1.156,0.404,5
2285277.58,1.74,-13.701,3.369,0.643,-1.026,0.204,5
2285277.59,2.421,-12.59,2.799,0.879,-0.804,-0.001,5
2285277.609,2.006,-10.696,1.674,1.225,-0.148,-0.227,5
2285277.62,1.97,-10.227,1.096,1.304,0.201,-0.26,5
2285277.63,1.849,-9.972,0.431,1.303,0.507,-0.269,5
2285277.64,1.592,-9.866,-0.122,1.249,0.737,-0.288,5
2285277.65,0.992,-9.955,-0.267,1.174,0.825,-0.353,5
2285277.66,0.127,-9.948,-0.288,1.077,0.552,-0.467,5
2285277.669,-0.748,-9.886,-0.552,1.057,0.441,-0.47,5
2285277.68,-1.316,-9.865,-0.784,1.007,0.242,-0.449,5
2285277.69,-1.432,-9.79,-1.257,0.917,0.092,-0.415,5
2285277.7,-1.277,-9.515,-1.509,0.773,-0.02,-0.382,5
2285277.71,-1.107,-9.221,-1.566,0.585,-0.062,-0.351,5
2285277.72,-0.945,-9.015,-1.284,0.382,-0.027,-0.312,5
2285277.729,-0.797,-8.934,-0.78,0.207,0.017,-0.266,5
2285277.74,-0.621,-8.926,-0.11,0.086,0.023,-0.233,5
2285277.75,-0.599,-9.069,0.461,0.043,0.018,-0.219,5
2285277.76,-0.745,-9.219,0.861,0.065,0.051,-0.21,5
2285277.77,-1.011,-9.44,0.931,0.15,0.185,-0.186,5
2285277.78,-1.176,-9.64,0.826,0.182,0.32,-0.146,5
2285277.79,-1.135,-9.802,0.717,0.187,0.478,-0.114,5
2285277.81,-1.012,-9.698,0.916,0.154,0.853,-0.099,5
2285277.82,-1.158,-9.548,1.171,0.137,1.038,-0.082,5
2285277.83,-1.277,-9.387,1.37,0.132,1.159,-0.054,5
2285277.84,-1.517,-9.261,1.691,0.137,1.171,-0.002,5
2285277.86,-1.832,-9.209,1.829,0.157,0.987,0.133,5
2285277.869,-1.591,-9.163,1.873,0.172,0.847,0.185,5
2285277.879,-0.994,-9.437,2.111,0.213,0.59,0.236,5
2285277.89,-0.551,-9.718,1.918,0.222,0.381,0.254,5
2285277.9,-0.061,-9.962,1.757,0.196,0.144,0.254,5
2285277.91,0.447,-10.214,1.78,0.152,-0.109,0.233,5
2285277.92,0.846,-10.54,1.978,0.113,-0.357,0.199,5
2285277.93,1.171,-10.885,2.144,0.106,-0.583,0.168,5
2285277.94,1.461,-11.187,2.258,0.133,-0.768,0.14,5
2285277.95,1.658,-11.359,2.28,0.2,-0.891,0.117,5
2285277.96,1.754,-11.42,2.13,0.29,-0.944,0.087,5
2285277.97,1.647,-11.371,1.637,0.391,-0.94,0.048,5
2285277.98,1.168,-11.15,0.71,0.475,-0.895,0.005,5
2285277.99,0.505,-11.019,-0.658,0.533,-0.788,-0.029,5
2285278,-0.255,-11.248,-2.338,0.509,-0.712,-0.041,5
2285278.01,-1.594,-12.091,-4.734,0.377,-0.654,0,5
2285278.02,-2.242,-13.788,-8.317,0.031,-0.567,0.089,5
2285278.03,-1.991,-15.525,-12.256,-0.579,-0.362,0.206,5
2285278.04,-0.665,-16.479,-12.196,-1.218,-0.093,0.307,5
2285278.05,-0.221,-16.324,-8.579,-1.604,0.089,0.396,5
2285278.06,-0.56,-15.887,-5.183,-1.773,0.095,0.479,5
2285278.069,-0.697,-15.511,-0.71,-1.784,-0.394,0.472,5
2285278.08,-0.697,-15.511,-0.71,-1.784,-0.394,0.472,5
2285278.09,-1.384,-14.905,1.698,-1.774,-0.629,0.381,5
2285278.101,-2.05,-14.282,2.786,-1.77,-0.556,0.231,5
2285278.11,-2.837,-14.149,3.988,-1.751,-0.216,0.155,5
2285278.12,-3.73,-14.553,4.873,-1.701,0.319,0.103,5
2285278.14,-5.225,-15.419,6.201,-1.519,1.691,0.05,5
2285278.15,-5.918,-15.157,6.62,-1.341,2.357,0.018,5
2285278.16,-5.697,-13.842,6.227,-1.12,2.82,-0.018,5
2285278.17,-4.714,-12.23,5.621,-0.919,2.916,-0.095,5
2285278.18,-4.657,-10.386,4.456,-0.755,2.748,-0.164,5
2285278.19,-4.187,-9.052,3.302,-0.678,2.484,-0.142,5
2285278.2,-3.403,-8.232,2.488,-0.667,2.054,-0.082,5
2285278.21,-2.491,-7.803,2.452,-0.649,1.252,-0.073,5
2285278.22,-1.727,-7.589,2.592,-0.618,0.635,-0.068,5
2285278.23,-1.689,-7.272,3.141,-0.577,0.022,-0.023,5
2285278.24,-2.253,-7.068,3.687,-0.517,-0.467,0.075,5
2285278.25,-1.842,-7.242,3.96,-0.432,-0.751,0.132,5
2285278.26,-0.952,-7.368,4.357,-0.284,-0.881,0.109,5
2285278.27,-0.027,-7.601,4.551,-0.075,-0.915,0.026,5
2285278.28,0.623,-7.822,3.499,0.115,-0.812,-0.075,5
2285278.302,2.045,-8.26,-3.036,-0.037,0.406,-0.367,5
2285278.31,0.217,-7.773,-0.714,-0.126,0.684,-0.373,5
2285278.32,-0.72,-7.383,0.26,-0.111,0.616,-0.316,5
2285278.33,-1.271,-7.29,0.719,-0.063,0.349,-0.267,5
2285278.34,-1.886,-7.321,0.95,-0.02,0.036,-0.238,5
2285278.35,-2.755,-7.365,0.883,0.003,-0.228,-0.21,5
2285278.36,-3.503,-7.197,0.798,0.002,-0.414,-0.173,5
2285278.37,-4.244,-6.902,0.876,-0.009,-0.54,-0.134,5
2285278.379,-4.911,-6.561,1.166,-0.023,-0.605,-0.101,5
2285278.39,-5.38,-6.154,1.642,-0.023,-0.563,-0.07,5
2285278.419,-4.624,-4.751,1.821,0.238,-0.014,0.054,5
2285278.44,-4.028,-4.825,1.195,0.402,0.214,0.089,5
2285278.45,-3.768,-5.358,0.927,0.481,0.218,0.11,5
2285278.47,-3.042,-7.146,0.374,0.624,0.186,0.145,5
2285278.48,-2.566,-8.22,-0.06,0.674,0.161,0.164,5
2285278.49,-2.024,-9.379,-0.669,0.698,0.133,0.187,5
2285278.51,-0.239,-11.617,-2.745,0.67,0.144,0.177,5
2285278.52,2.19,-13.152,-6.583,0.619,0.23,0.134,5
2285278.55,5.675,-13.7,-8.727,0.26,0.522,-0.182,5
2285278.56,5.154,-13.806,-7.415,0.209,0.327,-0.227,5
2285278.57,3.839,-13.5,-6.143,0.158,0.053,-0.172,5
2285278.58,2.399,-12.603,-5.009,0.075,-0.226,-0.027,5
2285278.619,-0.288,-8.087,-0.291,-0.133,-0.545,0.246,5
2285278.629,-0.382,-6.897,1.008,-0.105,-0.599,0.246,5
2285278.64,-0.463,-6.09,1.854,0.122,-0.887,0.092,5
2285278.65,-1.001,-6.642,2.002,0.19,-0.965,0.016,5
2285278.659,-2.216,-8.643,2.151,0.26,-1.011,-0.005,5
2285278.67,-3.507,-11.342,2.41,0.343,-1.008,0.022,5
2285278.68,-4.452,-14.095,2.692,0.409,-0.957,0.072,5
2285278.689,-5.068,-15.745,2.67,0.406,-0.852,0.136,5
2285278.699,-5.531,-16.295,2.754,0.338,-0.742,0.2,5
2285278.71,-5.195,-15.984,3.417,0.285,-0.682,0.214,5
2285278.73,-5.37,-14.688,2.958,0.209,-0.239,0.177,5
2285278.74,-4.478,-12.816,2.578,0.252,0.207,0.136,5
2285278.75,-3.287,-11.281,2.977,0.453,0.368,0.068,5
2285278.76,-2.207,-9.114,2.712,0.839,0.358,-0.004,5
2285278.77,-1.705,-6.837,1.638,1.259,0.299,-0.093,5
2285278.78,-1.702,-5.378,0.331,1.599,0.251,-0.195,5
2285278.819,-3.33,-5.797,-4.572,1.408,0.077,-0.291,5
2285278.829,-3.113,-8.134,-3.058,0.304,-0.387,-0.018,5
2285278.84,-2.764,-10.208,-1.519,-0.328,-0.568,0.189,5
2285278.85,-1.885,-11.305,0.527,-1.065,-0.749,0.491,5
2285278.86,-0.789,-12.13,2.971,-1.131,-0.844,0.516,5
2285278.87,-0.616,-13.073,4.698,-0.825,-0.995,0.395,5
2285278.88,-0.288,-13.557,5.383,-0.271,-1.133,0.213,5
2285278.889,0.757,-12.721,4.54,0.301,-1.051,0.017,5
2285278.899,1.163,-11.422,2.642,0.685,-0.692,-0.134,5
2285278.909,1.117,-10.735,0.686,0.814,-0.16,-0.243,5
2285278.92,0.946,-10.358,-0.576,0.731,0.383,-0.33,5
2285278.93,0.704,-9.686,-0.973,0.535,0.789,-0.386,5
2285278.94,-0.21,-8.74,-0.621,0.333,1.033,-0.407,5
2285278.95,-0.953,-7.526,0.504,0.166,1.175,-0.393,5
2285278.96,-1.211,-7.362,0.725,-0.009,1.235,-0.308,5
2285278.97,-1.293,-7.354,0.815,-0.106,1.168,-0.255,5
2285278.979,-1.476,-7.521,0.762,-0.184,1.076,-0.214,5
2285278.99,-1.589,-7.931,0.951,-0.256,1.01,-0.18,5
2285279,-1.516,-8.646,1.447,-0.299,0.956,-0.167,5
2285279.01,-1.465,-9.437,2.073,-0.301,0.892,-0.177,5
2285279.02,-1.409,-10.117,2.626,-0.251,0.828,-0.199,5
2285279.029,-1.499,-10.621,2.854,-0.16,0.785,-0.224,5
2285279.04,-1.688,-10.851,2.771,-0.047,0.776,-0.236,5
2285279.05,-1.899,-10.746,2.557,0.068,0.814,-0.233,5
2285279.06,-1.884,-10.369,2.454,0.223,0.972,-0.222,5
2285279.07,-1.737,-9.937,2.385,0.304,1.118,-0.227,5
2285279.079,-1.721,-9.468,2.223,0.36,1.274,-0.231,5
2285279.09,-1.995,-8.932,1.992,0.392,1.434,-0.218,5
2285279.11,-2.258,-8.428,2.134,0.438,1.795,-0.159,5
2285279.12,-2.252,-8.507,2.222,0.471,1.95,-0.126,5
2285279.13,-2.179,-8.766,1.956,0.476,2.002,-0.096,5
2285279.14,-2.162,-9.055,1.646,0.449,1.955,-0.062,5
2285279.15,-2.247,-9.333,1.539,0.401,1.83,-0.021,5
2285279.16,-2.433,-9.625,1.597,0.348,1.652,0.037,5
2285279.17,-2.155,-9.58,1.642,0.259,1.433,0.128,5
2285279.189,-1.536,-9.362,1.382,0.125,0.689,0.221,5
2285279.199,-1.052,-9.305,1.31,0.048,0.362,0.243,5
2285279.21,-0.708,-9.332,1.385,-0.019,0.069,0.247,5
2285279.22,-0.416,-9.487,1.552,-0.067,-0.181,0.247,5
2285279.24,0.221,-10.049,1.934,-0.098,-0.384,0.242,5
2285279.25,0.596,-10.404,2.155,-0.093,-0.663,0.208,5
2285279.275,1.937,-11.021,2.516,0.109,-0.768,0.046,5
2285279.29,2.059,-10.984,2.723,0.288,-0.795,-0.049,5
2285279.33,1.801,-11.509,1.292,1.183,-0.1,-0.141,5
2285279.339,1.929,-12.767,-0.111,1.352,0.284,-0.257,5
2285279.349,1.895,-14.44,-2.113,1.352,0.728,-0.39,5
2285279.359,1.486,-16.477,-6.678,1.117,1.317,-0.514,5
2285279.369,-0.288,-18.575,-20.42,0.093,1.969,-0.541,5
2285279.379,-3.024,-19.083,-13.64,-1.063,1.991,-0.483,5
2285279.389,-4.81,-17.516,-9.012,-2.06,1.462,-0.366,5
2285279.4,-6.552,-15.553,-3.972,-2.245,0.409,-0.236,5
2285279.409,-7.515,-14.489,-0.391,-2.192,-0.203,-0.061,5
2285279.419,-7.607,-14.154,2.205,-2.034,-0.62,0.123,5
2285279.43,-7.432,-14.403,3.445,-1.867,-0.718,0.277,5
2285279.44,-7.649,-14.489,4.415,-1.756,-0.429,0.389,5
2285279.45,-7.556,-14.34,4.961,-1.672,0.194,0.464,5
2285279.46,-7.892,-13.829,5.983,-1.572,1.006,0.497,5
2285279.48,-7.112,-10.78,6.282,-1.169,2.532,0.385,5
2285279.49,-5.801,-9.257,5.764,-0.927,2.707,0.166,5
2285279.5,-5.292,-8.37,4.493,-0.728,2.635,-0.146,5
2285279.51,-5.134,-7.742,3.676,-0.712,2.454,-0.188,5
2285279.52,-4.923,-7.635,3.427,-0.71,2.187,-0.129,5
2285279.53,-4.675,-7.551,3.474,-0.683,1.839,-0.04,5
2285279.54,-4.315,-7.308,3.674,-0.641,1.348,0.064,5
2285279.55,-3.865,-7.136,4.033,-0.595,0.802,0.166,5
2285279.56,-3.539,-6.991,4.425,-0.551,0.298,0.258,5
2285279.57,-3.202,-7.053,4.537,-0.5,-0.061,0.314,5
2285279.58,-2.886,-7.091,4.683,-0.387,-0.276,0.334,5
2285279.59,-2.435,-7.128,4.269,-0.187,-0.399,0.326,5
2285279.601,-1.769,-7.177,2.533,0.059,-0.486,0.307,5
2285279.61,0.286,-7.522,-5.948,0.275,-0.315,0.211,5
2285279.62,0.37,-7.985,-6.339,-0.058,0.552,0.05,5
2285279.64,-0.558,-7.758,-1.626,-0.156,1.111,-0.062,5
2285279.65,-0.659,-7.773,-0.608,-0.104,1.022,-0.056,5
2285279.66,-0.564,-7.859,-0.009,-0.038,0.872,-0.045,5
2285279.67,-0.43,-8.055,0.419,0.026,0.732,-0.048,5
2285279.68,-0.5,-8.136,0.964,0.089,0.566,-0.057,5
2285279.69,-0.78,-7.908,1.34,0.151,0.424,-0.057,5
2285279.7,-1.229,-7.484,1.339,0.207,0.356,-0.049,5
2285279.71,-1.825,-6.97,1.129,0.257,0.346,-0.007,5
2285279.719,-2.308,-6.449,0.924,0.277,0.346,0.034,5
2285279.73,-2.617,-5.969,0.732,0.294,0.328,0.076,5
2285279.74,-2.874,-5.569,0.563,0.314,0.297,0.117,5
2285279.75,-3.057,-5.281,0.505,0.344,0.263,0.158,5
2285279.759,-3.125,-5.154,0.566,0.387,0.242,0.189,5
2285279.77,-3.107,-5.165,0.57,0.442,0.241,0.207,5
2285279.78,-3.099,-5.36,0.522,0.501,0.265,0.214,5
2285279.79,-3.186,-5.773,0.35,0.563,0.316,0.224,5
2285279.8,-3.199,-6.399,-0.06,0.615,0.4,0.232,5
2285279.819,-0.833,-10.143,-3.195,0.693,0.708,0.137,5
2285279.84,1.959,-12.542,-4.744,0.792,0.983,-0.068,5
2285279.85,2.987,-13.434,-5.415,0.869,1.084,-0.164,5
2285279.859,3.59,-14.014,-6.15,0.932,1.137,-0.219,5
2285279.87,3.777,-14.358,-7.113,0.953,1.134,-0.221,5
2285279.88,3.285,-14.27,-8.374,0.891,1.06,-0.147,5
2285279.889,2.845,-14.012,-9.561,0.72,0.903,0.002,5
2285279.9,2.666,-13.527,-9.808,0.464,0.608,0.188,5
2285279.91,2.676,-12.698,-8.761,0.207,0.195,0.332,5
2285279.92,2.374,-11.677,-6.58,0.031,-0.26,0.374,5
2285279.93,1.658,-10.596,-3.95,-0.025,-0.831,0.332,5
2285279.94,0.874,-9.96,-1.683,0.013,-1.148,0.272,5
2285279.95,0.076,-10.061,-0.786,0.035,-1.438,0.203,5
2285279.96,-1.01,-11,-0.747,0.023,-1.671,0.159,5
2285279.97,-1.973,-12.336,-0.593,0.005,-1.8,0.133,5
2285279.98,-2.369,-13.492,0.07,0.002,-1.817,0.087,5
2285279.989,-2.456,-14.045,1.119,-0.012,-1.718,0.01,5
2285280.001,-4.02,-14.165,2.423,-0.097,-1.47,-0.075,5
2285280.01,-4.02,-14.165,2.423,-0.243,-1.065,-0.132,5
2285280.019,-5.249,-13.655,2.92,-0.349,-0.552,-0.125,5
2285280.029,-5.808,-11.168,3.35,-0.368,-0.015,-0.067,5
2285280.04,-5.342,-9.885,3.171,-0.249,0.667,0.021,5
2285280.049,-4.728,-8.691,2.946,-0.114,1.033,0.049,5
2285280.059,-4.103,-7.369,2.697,0.046,1.312,0.045,5
2285280.07,-3.419,-5.972,2.695,0.26,1.437,-0.012,5
2285280.08,-2.939,-4.758,2.682,0.561,1.371,-0.126,5
2285280.089,-2.858,-4.041,2.483,0.91,1.171,-0.255,5
2285280.1,-3.186,-4.249,1.873,1.208,0.919,-0.34,5
2285280.11,-3.516,-5.33,1.033,1.354,0.643,-0.344,5
2285280.119,-3.821,-6.882,0.354,1.301,0.343,-0.28,5
2285280.129,-4.172,-8.71,-0.044,1.074,0.059,-0.164,5
2285280.149,-3.746,-11.821,0.338,0.031,-0.24,0.168,5
2285280.17,-2.886,-12.552,2.439,-0.505,-0.043,0.369,5
2285280.179,-1.899,-12.032,3.583,-0.451,-0.07,0.363,5
2285280.189,-1.089,-11.289,4.214,-0.169,-0.243,0.296,5
2285280.199,0.397,-10.482,3.792,0.272,-0.466,0.201,5
2285280.21,0.397,-10.482,3.792,0.735,-0.552,0.075,5
2285280.229,1.199,-10.861,1.287,1.091,-0.458,-0.072,5
2285280.31,-1.512,-8.586,0.083,0.049,1.302,-0.313,5
2285280.319,-1.884,-8.983,0.347,0.025,1.163,-0.301,5
2285280.34,-2.069,-10.007,0.741,-0.004,0.919,-0.247,5
2285280.35,-1.948,-10.391,1.022,-0.021,0.83,-0.216,5
2285280.36,-1.627,-10.581,1.302,-0.044,0.755,-0.195,5
2285280.37,-1.293,-10.537,1.511,-0.047,0.765,-0.196,5
2285280.38,-1.03,-10.328,1.57,-0.057,0.816,-0.198,5
2285280.389,-0.92,-10.066,1.525,-0.071,0.889,-0.2,5
2285280.41,-0.996,-9.601,1.361,-0.13,1.04,-0.197,5
2285280.429,-1.444,-9.207,1.305,-0.171,1.118,-0.15,5
2285280.44,-1.58,-9.111,1.385,-0.169,1.145,-0.115,5
2285280.45,-1.733,-9.099,1.703,-0.146,1.184,-0.082,5
2285280.459,-1.813,-9.136,2.004,-0.103,1.232,-0.054,5
2285280.47,-1.793,-9.156,2.35,0.009,1.33,-0.023,5
2285280.479,-1.644,-9.159,2.555,0.112,1.409,-0.01,5
2285280.49,-1.538,-9.224,2.599,0.219,1.482,-0.001,5
2285280.5,-1.45,-9.368,2.415,0.307,1.522,0.012,5
2285280.51,-1.34,-9.48,2.063,0.365,1.502,0.03,5
2285280.52,-1.223,-9.536,1.699,0.38,1.414,0.051,5
2285280.529,-1.187,-9.546,1.425,0.363,1.259,0.073,5
2285280.54,-1.146,-9.561,1.235,0.318,1.055,0.1,5
2285280.55,-0.975,-9.563,1.077,0.255,0.824,0.124,5
2285280.56,-0.668,-9.595,1.021,0.183,0.584,0.132,5
2285280.57,-0.399,-9.67,1.04,0.078,0.251,0.117,5
2285280.579,-0.198,-9.761,1.096,0.022,0.064,0.099,5
2285280.6,0.15,-9.96,1.351,-0.032,-0.201,0.055,5
2285280.61,0.33,-10,1.55,-0.015,-0.263,0.03,5
2285280.63,0.575,-9.929,1.672,0.081,-0.236,-0.026,5
2285280.64,0.53,-9.823,1.663,0.148,-0.151,-0.038,5
2285280.65,0.397,-9.639,1.561,0.217,-0.026,-0.038,5
2285280.66,0.317,-9.391,1.439,0.279,0.126,-0.031,5
2285280.67,0.221,-8.969,0.9,0.327,0.286,-0.022,5
2285280.68,0.126,-8.995,0.684,0.357,0.494,-0.016,5
2285280.7,-0.165,-10.033,0.544,0.403,0.663,-0.052,5
2285280.71,-0.166,-11.196,0.304,0.418,0.69,-0.079,5
2285280.73,0.176,-14.048,-0.228,0.262,0.663,-0.169,5
2285280.74,0.221,-15.167,-0.286,0.108,0.592,-0.225,5
2285280.75,0.107,-16.179,-0.067,-0.045,0.472,-0.283,5
2285280.76,-0.436,-16.788,0.399,-0.147,0.301,-0.343,5
2285280.77,-1.451,-16.4,0.83,-0.138,0.119,-0.396,5
2285280.78,-2.374,-15.332,0.588,0.005,-0.025,-0.451,5
2285280.79,-3.356,-14.209,-0.417,0.069,-0.156,-0.51,5
2285280.83,-12.177,-12.742,-7.123,-2.313,-0.399,0.71,5
2285280.84,-9.889,-12.957,-1.05,-2.225,-0.109,0.832,5
2285280.85,-7.936,-13.341,3.165,-1.902,0.313,0.784,5
2285280.86,-7.925,-12.959,5.973,-1.484,1.035,0.712,5
2285280.87,-8.107,-11.932,5.793,-1.161,1.823,0.657,5
2285280.88,-5.135,-10.646,5.079,-0.976,2.363,0.509,5
2285280.89,-5.179,-9.362,4.834,-0.823,2.635,0.192,5
2285280.899,-5.396,-8.954,4.302,-0.786,2.656,0.094,5
2285280.91,-4.899,-9.227,4.23,-0.791,2.527,0.075,5
2285280.93,-4.342,-9.462,5.201,-0.742,2.118,0.066,5
2285280.94,-3.74,-9.205,5.977,-0.71,1.739,0.14,5
2285280.95,-3.572,-8.92,6.738,-0.686,1.213,0.233,5
2285280.96,-3.348,-8.381,7.12,-0.643,0.607,0.364,5
2285280.97,-2.677,-7.756,7.053,-0.514,0.138,0.459,5
2285280.98,-2.025,-7.095,6.422,-0.316,-0.158,0.487,5
2285280.99,-1.593,-6.61,5.483,-0.082,-0.304,0.468,5
2285281,-0.986,-6.447,4.042,0.292,-0.307,0.403,5
2285281.009,0.504,-6.76,-0.87,0.377,0.137,0.308,5
2285281.019,2.992,-7.589,-8.297,0.067,1.166,0.108,5
2285281.03,1.469,-7.782,-4.476,-0.012,1.462,0.015,5
2285281.04,1.055,-7.933,-2.679,-0.014,1.44,-0.013,5
2285281.05,1.204,-7.988,-1.161,0.05,1.244,-0.037,5
2285281.059,1.194,-8.171,-0.541,0.115,1.031,-0.062,5
2285281.07,0.97,-8.275,-0.598,0.145,0.82,-0.084,5
2285281.08,0.487,-8.282,-0.416,0.151,0.61,-0.092,5
2285281.09,-0.142,-8.065,0.157,0.175,0.466,-0.081,5
2285281.1,-1.113,-7.627,1.013,0.221,0.399,-0.065,5
2285281.109,-1.639,-6.772,1.086,0.271,0.375,-0.05,5
2285281.129,-2.548,-6.024,0.842,0.381,0.321,0.015,5
2285281.14,-2.756,-5.822,0.635,0.42,0.296,0.046,5
2285281.15,-2.793,-5.72,0.416,0.462,0.268,0.082,5
2285281.17,-2.627,-5.962,-0.275,0.544,0.227,0.138,5
2285281.19,-2.485,-6.854,-1.152,0.601,0.288,0.158,5
2285281.2,-2.333,-7.435,-1.697,0.618,0.363,0.159,5
2285281.21,-1.947,-8.085,-2.35,0.641,0.515,0.138,5
2285281.23,-0.063,-9.553,-3.893,0.662,0.773,0.024,5
2285281.24,0.885,-10.364,-4.534,0.678,0.877,-0.059,5
2285281.25,1.243,-11.237,-4.829,0.707,0.919,-0.127,5
2285281.26,0.779,-12.13,-5.055,0.75,0.898,-0.134,5
2285281.27,0.237,-13.021,-5.745,0.778,0.835,-0.073,5
2285281.28,0.27,-13.816,-7.019,0.756,0.776,0.019,5
2285281.29,0.601,-14.16,-8.81,0.638,0.721,0.113,5
2285281.3,0.834,-13.573,-9.863,0.452,0.617,0.2,5
2285281.32,0.826,-10.809,-2.946,0.199,-0.283,0.264,5
2285281.33,-0.081,-10.889,-1.189,0.26,-0.651,0.23,5
2285281.34,-1.434,-12.108,-1.23,0.327,-0.958,0.189,5
2285281.35,-2.592,-13.743,-1.66,0.335,-1.202,0.169,5
2285281.36,-2.604,-15.116,-1.504,0.301,-1.363,0.134,5
2285281.37,-2.385,-15.802,-0.613,0.233,-1.437,0.052,5
2285281.38,-2.867,-15.859,0.425,0.098,-1.38,-0.024,5
2285281.391,-4.116,-15.352,1.152,-0.139,-1.158,-0.051,5
2285281.4,-5.287,-14.583,1.92,-0.417,-0.752,-0.01,5
2285281.41,-5.562,-13.185,2.794,-0.581,-0.279,0.075,5
2285281.419,-4.724,-11.263,3.385,-0.585,0.108,0.133,5
2285281.43,-3.75,-9.348,3.599,-0.368,0.461,0.102,5
2285281.45,-2.838,-6.051,3.506,0.269,0.662,-0.032,5
2285281.46,-2.592,-4.675,2.728,0.56,0.745,-0.103,5
2285281.47,-2.448,-3.723,1.881,0.759,0.827,-0.162,5
2285281.48,-2.375,-3.286,1.172,0.861,0.902,-0.2,5
2285281.49,-2.275,-3.257,0.671,0.874,0.956,-0.215,5
2285281.5,-2.22,-3.771,0.391,0.814,0.969,-0.205,5
2285281.529,-3.099,-11.023,0.847,0.305,0.811,-0.084,5
2285281.54,-3.101,-12.719,1.206,-0.038,0.604,0.12,5
2285281.55,-2.993,-13.689,1.642,-0.23,0.403,0.184,5
2285281.56,-2.933,-14.292,2.493,-0.368,0.075,0.225,5
2285281.569,-2.574,-14.291,3.833,-0.37,-0.382,0.249,5
2285281.58,-1.622,-13.436,4.832,-0.159,-0.848,0.224,5
2285281.59,-0.966,-12.047,4.327,0.204,-1.156,0.146,5
2285281.6,-0.464,-10.759,3.075,0.55,-1.235,0.042,5
2285281.62,-0.026,-9.785,1.152,0.945,-0.836,-0.213,5
2285281.629,0.179,-9.475,0.507,0.991,-0.503,-0.316,5
2285281.64,0.336,-9.314,0.096,0.933,-0.001,-0.415,5
2285281.65,0.251,-9.236,-0.077,0.853,0.337,-0.429,5
2285281.66,0.026,-9.279,-0.148,0.764,0.686,-0.394,5
2285281.67,-0.35,-9.419,-0.189,0.687,1.015,-0.316,5
2285281.68,-0.297,-9.739,-0.157,0.622,1.236,-0.275,5
2285281.69,-0.067,-9.999,0.1,0.6,1.275,-0.313,5
2285281.7,-0.308,-10.007,0.31,0.626,1.148,-0.366,5
2285281.71,-0.922,-9.86,0.145,0.643,0.925,-0.387,5
2285281.72,-1.35,-9.614,-0.281,0.602,0.684,-0.359,5
2285281.73,-1.417,-9.393,-0.708,0.492,0.484,-0.308,5
2285281.74,-1.034,-9.226,-0.82,0.341,0.351,-0.26,5
2285281.75,-0.919,-9.269,-0.182,0.181,0.29,-0.221,5
2285281.76,-0.846,-9.374,0.352,0.01,0.313,-0.174,5
2285281.77,-0.853,-9.471,0.782,-0.047,0.383,-0.159,5
2285281.78,-0.883,-9.498,0.986,-0.075,0.484,-0.142,5
2285281.79,-0.845,-9.551,1.096,-0.092,0.586,-0.123,5
2285281.8,-0.769,-9.6,1.122,-0.109,0.671,-0.112,5
2285281.809,-0.763,-9.612,1.158,-0.123,0.729,-0.108,5
2285281.82,-0.817,-9.628,1.25,-0.134,0.759,-0.105,5
2285281.83,-0.924,-9.645,1.436,-0.131,0.766,-0.096,5
2285281.839,-0.956,-9.611,1.677,-0.105,0.767,-0.091,5
2285281.85,-0.95,-9.589,2.014,-0.05,0.762,-0.092,5
2285281.86,-1.118,-9.498,2.253,0.068,0.768,-0.094,5
2285281.87,-1.401,-9.387,2.328,0.151,0.806,-0.073,5
2285281.881,-1.686,-9.231,2.283,0.221,0.878,-0.04,5
2285281.89,-1.666,-9.122,2.181,0.275,0.98,-0.015,5
2285281.9,-1.655,-9.114,2.136,0.319,1.078,-0.001,5
2285281.909,-1.614,-9.203,1.969,0.348,1.129,0.021,5
2285281.92,-1.631,-9.29,1.678,0.346,1.1,0.056,5
2285281.93,-1.42,-9.279,1.331,0.314,0.988,0.093,5
2285281.94,-1.182,-9.277,0.955,0.257,0.823,0.121,5
2285281.95,-0.858,-9.388,0.768,0.192,0.634,0.136,5
2285281.96,-0.286,-9.651,1.11,0.149,0.412,0.139,5
2285281.97,0.005,-9.88,1.479,0.205,-0.023,0.133,5
2285281.98,0.41,-10.137,1.527,0.33,-0.351,0.127,5
2285281.99,0.859,-10.386,1.13,0.443,-0.622,0.095,5
2285282,1.075,-10.463,0.642,0.495,-0.785,0.04,5
2285282.01,1.04,-10.349,0.214,0.475,-0.834,-0.02,5
2285282.02,0.778,-10.15,-0.044,0.404,-0.781,-0.063,5
2285282.03,0.416,-10.016,-0.118,0.316,-0.632,-0.081,5
2285282.04,0.054,-10.326,-0.132,0.245,-0.403,-0.097,5
2285282.05,-0.465,-11.104,-0.259,0.189,-0.13,-0.128,5
2285282.06,-1.016,-12.177,-0.377,0.117,0.159,-0.149,5
2285282.1,-0.992,-16.272,-0.089,-0.432,0.746,-0.133,5
2285282.12,-1.615,-16.792,-0.125,-0.547,0.22,-0.15,5
2285282.16,-10.757,-12.255,-10.331,-2.158,-1.398,0.682,5
2285282.17,-9.718,-13.173,-5.499,-2.349,-1.394,0.912,5
2285282.18,-5.88,-13.936,2.65,-2.236,-1.087,0.958,5
2285282.19,-5.026,-13.494,4.486,-1.817,-0.086,0.795,5
2285282.2,-5.018,-12.937,5.82,-1.534,0.823,0.651,5
2285282.21,-5.845,-12.177,6.559,-1.25,1.816,0.539,5
2285282.22,-5.197,-10.925,6.095,-1.002,2.495,0.462,5
2285282.23,-3.699,-9.874,5.784,-0.816,2.663,0.332,5
2285282.24,-2.269,-9.363,5.192,-0.687,2.483,0.167,5
2285282.25,-1.906,-9.146,3.876,-0.667,2.247,0.059,5
2285282.26,-1.549,-9.069,3.297,-0.745,2.117,0.058,5
2285282.28,-1.149,-8.953,4.958,-0.863,1.743,0.087,5
2285282.29,-0.994,-8.727,6.36,-0.784,1.285,0.148,5
2285282.31,-0.14,-8.314,8.195,-0.359,-0.255,0.243,5
2285282.32,0.551,-7.732,7.152,-0.133,-0.529,0.187,5
2285282.33,0.559,-7.08,5.303,0.013,-0.558,0.122,5
2285282.34,0.59,-6.644,3.643,0.146,-0.443,0.062,5
2285282.35,0.835,-6.572,1.324,0.279,-0.147,0,5
2285282.36,1.985,-7.141,-7.018,0.092,0.774,-0.12,5
2285282.37,1.212,-7.345,-5.046,-0.042,1.13,-0.237,5
2285282.38,0.576,-7.076,-3.423,-0.062,1.076,-0.296,5
2285282.39,0.427,-7.365,-0.71,0.001,0.84,-0.308,5
2285282.4,0.298,-7.783,-0.339,0.078,0.566,-0.299,5
2285282.409,0.05,-8.121,0.24,0.144,0.233,-0.3,5
2285282.42,-0.305,-8.271,1.11,0.194,0.098,-0.316,5
2285282.43,-0.847,-8.201,1.721,0.262,0.027,-0.338,5
2285282.44,-1.509,-7.95,2.009,0.334,0.01,-0.351,5
2285282.45,-2.13,-7.61,1.986,0.414,0.039,-0.35,5
2285282.46,-2.57,-7.151,1.708,0.491,0.095,-0.332,5
2285282.47,-2.898,-6.736,1.161,0.554,0.14,-0.307,5
2285282.48,-3.138,-6.3,0.514,0.589,0.159,-0.269,5
2285282.49,-3.271,-6.003,-0.031,0.598,0.154,-0.226,5
2285282.5,-3.318,-5.757,-0.43,0.588,0.139,-0.172,5
2285282.509,-3.209,-5.654,-0.732,0.553,0.126,-0.094,5
2285282.52,-3.035,-5.778,-0.864,0.53,0.145,-0.053,5
2285282.53,-2.82,-6.04,-0.962,0.516,0.181,-0.024,5
2285282.54,-2.51,-6.5,-1.056,0.509,0.222,-0.007,5
2285282.55,-2.13,-7.207,-1.249,0.508,0.261,-0.006,5
2285282.56,-1.732,-8.12,-1.515,0.511,0.289,-0.017,5
2285282.57,-1.445,-9.227,-1.952,0.524,0.295,-0.034,5
2285282.58,-1.018,-10.461,-2.656,0.533,0.28,-0.054,5
2285282.59,-0.631,-11.664,-3.53,0.548,0.237,-0.077,5
2285282.6,-0.25,-12.838,-4.641,0.552,0.191,-0.089,5
2285282.61,0.763,-14.221,-7.227,0.535,0.2,-0.081,5
2285282.62,1.302,-14.2,-8.409,0.445,0.341,-0.042,5
2285282.63,1.77,-13.848,-9.189,0.341,0.46,-0.018,5
2285282.64,1.71,-13.384,-8.884,0.211,0.478,-0.001,5
2285282.65,1.041,-12.6,-7.5,0.088,0.343,0.038,5
2285282.66,0.378,-11.633,-5.663,-0.011,0.085,0.104,5
2285282.67,-0.248,-10.645,-3.856,-0.081,-0.203,0.153,5
2285282.68,-0.939,-9.618,-2.208,-0.108,-0.45,0.188,5
2285282.69,-1.276,-8.496,-0.524,-0.101,-0.648,0.206,5
2285282.7,-1.409,-7.725,0.658,-0.081,-0.828,0.194,5
2285282.709,-1.849,-8.024,1.234,-0.071,-1.054,0.15,5
2285282.72,-2.911,-9.387,1.503,-0.055,-1.129,0.166,5
2285282.73,-3.655,-11.321,1.768,-0.011,-1.162,0.195,5
2285282.739,-4.111,-13.44,2.244,0.079,-1.158,0.201,5
2285282.75,-4.589,-15.117,2.698,0.197,-1.087,0.194,5
2285282.76,-4.893,-16.245,2.959,0.298,-0.911,0.201,5
2285282.78,-5.076,-17.133,3.221,0.356,-0.335,0.261,5
2285282.79,-4.99,-16.667,3.064,0.319,-0.036,0.25,5
2285282.8,-4.282,-14.666,2.499,0.266,0.23,0.168,5
2285282.81,-3.529,-11.777,2.129,0.248,0.421,0.06,5
2285282.82,-2.679,-7.177,1.334,0.27,0.538,-0.003,5
2285282.83,-2.196,-5.474,0.944,0.327,0.644,-0.029,5
2285282.839,-1.697,-4.048,0.707,0.373,0.669,-0.037,5
2285282.85,-1.254,-2.957,0.659,0.437,0.647,-0.057,5
2285282.86,-0.99,-2.355,0.675,0.527,0.559,-0.073,5
2285282.87,-0.945,-2.369,0.597,0.609,0.394,-0.068,5
2285282.892,-1.238,-5.043,0.559,0.599,-0.215,0.056,5
2285282.909,-1.064,-11.534,1.091,0.162,-1.312,0.246,5
2285282.92,-0.787,-15.128,1.669,0.034,-1.58,0.261,5
2285282.93,-0.42,-17.571,2.86,-0.141,-2.145,0.27,5
2285282.939,-0.131,-18.624,4.598,0.212,-2.669,0.161,5
2285282.95,0.345,-18.097,3.877,0.849,-2.327,-0.031,5
2285282.96,1.267,-14.807,-0.645,1.242,-1.166,-0.201,5
2285282.97,1.436,-11.244,-6.5,1.08,0.562,-0.304,5
2285282.98,1.741,-9.719,-4.552,0.759,1.513,-0.45,5
2285283,0.248,-7.737,-0.784,0.326,1.924,-0.651,5
2285283.02,-1.603,-7.33,1.355,0.308,1.789,-0.453,5
2285283.03,-1.562,-8.42,0.923,0.339,1.488,-0.368,5
2285283.039,-1.913,-8.894,0.383,0.313,1.111,-0.346,5
2285283.05,-2.413,-9.159,0.244,0.191,0.576,-0.326,5
2285283.06,-2.72,-9.392,0.332,0.103,0.285,-0.28,5
2285283.08,-2.549,-9.799,0.514,-0.076,-0.089,-0.163,5
2285283.09,-2.356,-9.739,0.79,-0.157,-0.16,-0.107,5
2285283.1,-2.107,-9.596,1.143,-0.208,-0.178,-0.07,5
2285283.119,-1.494,-9.437,1.688,-0.212,-0.108,-0.055,5
2285283.13,-1.35,-9.502,1.776,-0.182,-0.051,-0.078,5
2285283.14,-1.318,-9.375,1.667,-0.148,0.029,-0.105,5
2285283.15,-1.478,-9.067,1.533,-0.097,0.181,-0.131,5
2285283.16,-1.721,-8.938,1.49,-0.062,0.334,-0.123,5
2285283.17,-1.892,-8.904,1.573,-0.018,0.52,-0.097,5
2285283.19,-1.746,-8.864,1.655,0.054,0.954,-0.067,5
2285283.2,-1.724,-8.962,1.918,0.097,1.164,-0.067,5
2285283.22,-1.616,-9.207,2.213,0.195,1.469,-0.046,5
2285283.23,-1.677,-9.271,2.14,0.227,1.524,-0.016,5
2285283.24,-1.624,-9.238,2.039,0.238,1.504,0.018,5
2285283.25,-1.41,-8.992,2.001,0.235,1.421,0.05,5
2285283.26,-1.293,-8.896,2.081,0.217,1.221,0.086,5
2285283.269,-1.302,-8.893,2.126,0.212,1.059,0.106,5
2285283.28,-1.244,-9.031,2.108,0.208,0.883,0.133,5
2285283.29,-1.016,-9.26,2.03,0.2,0.693,0.153,5
2285283.299,-0.812,-9.457,1.914,0.184,0.495,0.16,5
2285283.31,-0.652,-9.6,1.821,0.159,0.299,0.16,5
2285283.33,-0.292,-9.76,1.752,0.114,-0.05,0.153,5
2285283.34,-0.105,-9.854,1.802,0.101,-0.192,0.147,5
2285283.35,0.122,-9.938,1.86,0.099,-0.31,0.139,5
2285283.36,0.406,-9.987,1.897,0.111,-0.4,0.125,5
2285283.369,0.64,-10.094,1.912,0.15,-0.471,0.091,5
2285283.38,0.762,-10.219,1.903,0.187,-0.473,0.064,5
2285283.39,0.734,-10.32,1.896,0.227,-0.429,0.044,5
2285283.4,0.596,-10.417,1.825,0.265,-0.337,0.037,5
2285283.41,0.496,-10.476,1.671,0.294,-0.221,0.032,5
2285283.42,0.404,-10.482,1.517,0.312,-0.089,0.023,5
2285283.43,0.232,-10.499,1.422,0.33,0.046,0.005,5
2285283.44,0.057,-10.62,1.353,0.356,0.155,-0.023,5
2285283.45,-0.2,-10.999,1.335,0.408,0.195,-0.051,5
2285283.46,-0.649,-13.114,1.01,0.481,0.156,-0.074,5
2285283.47,-0.659,-14.613,0.618,0.573,0.054,-0.097,5
2285283.48,-0.522,-15.824,-0.004,0.62,-0.194,-0.098,5
2285283.49,-0.231,-16.72,-1.251,0.632,-0.382,-0.081,5
2285283.499,0.221,-17.439,-3.885,0.558,-0.557,-0.051,5
2285283.54,-6.807,-13.514,-7.534,-2.257,-0.972,0.476,5
2285283.55,-7.82,-13.126,-2.77,-2.366,-1.204,0.618,5
2285283.56,-8.202,-12.981,0.338,-2.245,-1.191,0.749,5
2285283.57,-7.815,-13.145,2.329,-2.066,-0.851,0.86,5
2285283.58,-6.954,-13.031,3.744,-1.807,-0.252,0.919,5
2285283.59,-5.72,-12.732,4.844,-1.653,0.796,0.828,5
2285283.61,-6.569,-11.858,6.584,-1.191,2.214,0.554,5
2285283.62,-6.393,-10.792,6.086,-0.951,2.415,0.409,5
2285283.629,-4.155,-9.673,4.736,-0.76,2.414,0.222,5
2285283.64,-4.155,-9.673,4.736,-0.751,2.357,0.197,5
2285283.65,-2.921,-9.935,3.993,-0.809,2.162,0.203,5
2285283.66,-1.648,-10.189,3.606,-0.901,1.938,0.204,5
2285283.67,-0.734,-10.226,4.324,-0.918,1.709,0.151,5
2285283.68,-0.096,-9.519,6.556,-0.858,1.335,0.123,5
2285283.69,-0.63,-8.962,6.755,-0.655,0.687,0.159,5
2285283.7,-0.103,-8.202,6.588,-0.492,0.378,0.244,5
2285283.71,0.53,-7.36,6.262,-0.309,0.145,0.265,5
2285283.72,0.715,-6.937,5.31,-0.135,-0.053,0.243,5
2285283.73,1.364,-6.527,4.025,0.015,-0.201,0.167,5
2285283.74,2.05,-6.399,1.776,0.149,-0.236,0.042,5
2285283.75,2.675,-6.882,-5.874,0.12,0.247,-0.122,5
2285283.76,1.04,-7.086,-4.037,-0.072,1.032,-0.265,5
2285283.77,-0.115,-6.855,-2.749,-0.117,1.288,-0.326,5
2285283.78,-0.406,-6.625,-1.465,-0.07,1.224,-0.318,5
2285283.79,-0.181,-6.683,-0.627,0.006,0.958,-0.288,5
2285283.8,-0.291,-6.935,-0.123,0.082,0.494,-0.241,5
2285283.81,-0.552,-7.244,0.336,0.117,0.293,-0.225,5
2285283.82,-0.757,-7.437,0.873,0.159,0.169,-0.231,5
2285283.829,-0.925,-7.474,1.332,0.199,0.098,-0.261,5
2285283.839,-2.239,-7.142,1.429,0.272,0.126,-0.287,5
2285283.85,-2.239,-7.142,1.429,0.302,0.158,-0.286,5
2285283.86,-2.75,-6.989,0.919,0.35,0.195,-0.272,5
2285283.87,-3.181,-6.882,0.341,0.376,0.201,-0.254,5
2285283.88,-3.494,-6.78,-0.044,0.397,0.212,-0.235,5
2285283.89,-3.671,-6.592,-0.178,0.423,0.241,-0.208,5
2285283.9,-3.428,-6.069,-0.051,0.462,0.305,-0.177,5
2285283.911,-3.19,-5.994,0.031,0.541,0.47,-0.147,5
2285283.919,-2.906,-6.157,0.145,0.599,0.591,-0.131,5
2285283.93,-2.603,-6.488,0.284,0.654,0.701,-0.12,5
2285283.94,-2.322,-7.079,0.262,0.709,0.786,-0.113,5
2285283.95,-2.085,-7.888,0.154,0.753,0.825,-0.103,5
2285283.96,-1.851,-8.961,-0.062,0.798,0.803,-0.089,5
2285283.97,-1.516,-10.159,-0.582,0.844,0.735,-0.068,5
2285283.98,-0.997,-11.598,-1.492,0.892,0.622,-0.043,5
2285283.99,-0.14,-12.996,-2.991,0.94,0.484,-0.023,5
2285284,1.206,-14.132,-5.258,0.965,0.384,-0.016,5
2285284.009,2.852,-14.833,-7.964,0.947,0.411,-0.038,5
2285284.02,4.08,-15.051,-10.188,0.83,0.663,-0.104,5
2285284.029,4.664,-14.96,-10.911,0.706,0.763,-0.115,5
2285284.04,4.171,-14.447,-10.09,0.56,0.626,-0.057,5
2285284.05,2.799,-13.436,-8.549,0.397,0.263,0.095,5
2285284.059,1.799,-12.266,-6.15,0.243,-0.218,0.255,5
2285284.07,1.226,-11.243,-3.156,0.142,-0.711,0.345,5
2285284.08,0.568,-10.748,-0.969,0.081,-1.135,0.368,5
2285284.09,-0.17,-11.182,-0.228,0.01,-1.493,0.343,5
2285284.1,-0.955,-12.642,-0.16,-0.057,-1.796,0.297,5
2285284.112,-2.242,-15.679,0.82,-0.051,-2.001,0.245,5
2285284.12,-2.1,-15.654,1.196,0.116,-1.961,0.206,5
2285284.13,-1.981,-14.771,1.469,0.209,-1.651,0.163,5
2285284.14,-2.358,-13.923,1.658,0.203,-1.222,0.086,5
2285284.15,-2.863,-13.395,1.658,0.092,-0.734,-0.029,5
2285284.159,-3.384,-12.606,1.931,-0.04,-0.246,-0.164,5
2285284.17,-3.853,-11.41,2.236,-0.09,0.18,-0.254,5
2285284.18,-4.113,-10.028,2.39,-0.045,0.515,-0.279,5
2285284.19,-3.788,-8.629,2.356,0.079,0.727,-0.263,5
2285284.199,-3.325,-7.125,1.975,0.26,0.776,-0.254,5
2285284.209,-3.057,-5.812,1.567,0.436,0.68,-0.255,5
2285284.23,-2.839,-4.17,0.974,0.757,0.385,-0.241,5
2285284.24,-2.642,-4.021,0.637,0.767,0.338,-0.208,5
2285284.25,-2.527,-4.518,0.179,0.68,0.331,-0.163,5
2285284.26,-2.764,-5.663,-0.189,0.488,0.326,-0.093,5
2285284.27,-3.292,-7.329,-0.243,0.215,0.277,0.011,5
2285284.28,-3.743,-9.299,0.031,-0.095,0.216,0.117,5
2285284.29,-4.061,-11.13,0.756,-0.37,0.155,0.206,5
2285284.299,-4.285,-12.563,1.639,-0.569,0.09,0.268,5
2285284.31,-3.961,-13.497,3.19,-0.64,-0.037,0.296,5
2285284.32,-3.961,-13.497,3.19,-0.543,-0.221,0.269,5
2285284.34,-1.919,-10.408,3.353,0.17,-0.643,0.145,5
2285284.35,-1.095,-9.747,2.491,0.473,-0.628,0.062,5
2285284.36,-0.463,-9.299,1.604,0.682,-0.501,-0.054,5
2285284.37,-0.067,-9.053,0.883,0.789,-0.324,-0.176,5
2285284.38,0.048,-8.917,0.26,0.809,-0.13,-0.279,5
2285284.39,0.051,-8.756,-0.16,0.754,0.078,-0.346,5
2285284.41,0.012,-8.258,-0.225,0.481,0.454,-0.359,5
2285284.42,-0.253,-8.151,0.013,0.324,0.659,-0.298,5
2285284.43,-0.455,-8.347,0.037,0.172,0.859,-0.198,5
2285284.44,-0.431,-8.705,0.026,-0.065,0.999,-0.029,5
2285284.45,-0.253,-9.059,0.292,-0.192,1.064,0.051,5
2285284.459,-0.165,-9.386,0.673,-0.269,1.051,0.084,5
2285284.47,-0.001,-9.767,1.523,-0.272,1.011,0.073,5
2285284.48,0.317,-10.055,2.506,-0.178,0.982,0.008,5
2285284.49,0.087,-10.133,3.132,-0.002,1.023,-0.061,5
2285284.5,-0.323,-10.042,3.193,0.199,1.115,-0.097,5
2285284.51,-0.53,-9.888,2.769,0.368,1.228,-0.114,5
2285284.519,-0.764,-9.679,2.225,0.474,1.342,-0.115,5
2285284.539,-1.089,-9.562,1.317,0.497,1.524,-0.112,5
2285284.549,-1.256,-9.519,1.08,0.454,1.631,-0.086,5
2285284.56,-1.289,-9.518,1.167,0.392,1.739,-0.041,5
2285284.57,-1.241,-9.613,1.196,0.366,1.731,0,5
2285284.579,-1.072,-9.677,1.128,0.348,1.635,0.039,5
2285284.59,-0.863,-9.636,1.031,0.324,1.464,0.069,5
2285284.6,-0.652,-9.602,1.001,0.305,1.252,0.09,5
2285284.61,-0.488,-9.625,1.013,0.291,1.027,0.105,5
2285284.62,-0.272,-9.713,1.038,0.286,0.792,0.118,5
2285284.64,0.273,-9.946,0.862,0.291,0.307,0.13,5
2285284.65,0.658,-10.111,0.767,0.297,0.065,0.119,5
2285284.66,1.013,-10.229,0.804,0.329,-0.274,0.102,5
2285284.68,1.702,-10.226,1.064,0.608,-0.58,0.087,5
2285284.7,2.366,-9.869,-0.015,0.803,-0.56,-0.051,5
2285284.71,2.288,-9.408,-0.621,0.792,-0.414,-0.185,5
2285284.72,1.842,-9.163,-1.147,0.735,-0.173,-0.343,5
2285284.739,-0.114,-10.571,-2.451,0.451,0.61,-0.603,5
2285284.76,-2.969,-15.015,-2.64,-0.447,1.59,-0.659,5
2285284.77,-3.556,-17.083,-1.632,-0.824,2.189,-0.634,5
2285284.78,-4.286,-19.258,-0.283,-1.035,2.349,-0.63,5
2285284.79,-5.485,-20.657,0.688,-1.009,2.207,-0.653,5
2285284.81,-11.708,-17.794,-7.736,-0.856,0.98,-0.569,5
2285284.819,-14.469,-14.659,-9.749,-1.437,-0.069,-0.175,5
2285284.84,-11.393,-12.758,-1.555,-2.223,-0.657,0.615,5
2285284.85,-9.69,-12.643,2.261,-2.205,-0.304,0.809,5
2285284.86,-8.221,-12.373,4.353,-2.009,0.209,0.859,5
2285284.88,-7.592,-10.575,6.582,-1.324,2.166,0.713,5
2285284.89,-6.588,-9.382,6.528,-1.037,2.755,0.573,5
2285284.9,-5.276,-8.364,5.807,-0.848,2.948,0.406,5
2285284.91,-4.353,-7.737,5.17,-0.764,2.769,0.282,5
2285284.93,-4.023,-8.455,4.419,-0.813,1.891,0.283,5
2285284.949,-2.565,-9.097,5.126,-1.029,0.596,0.36,5
2285284.96,-2.469,-8.997,6.328,-1.009,-0.012,0.449,5
2285284.98,-1.089,-8.015,7.744,-0.271,-0.486,0.578,5
2285284.99,-0.216,-7.395,6.064,0.065,-0.323,0.524,5
2285285.01,1.918,-6.975,-6.636,0.269,0.433,0.35,5
2285285.02,0.712,-7.38,-4.64,-0.058,1.274,0.209,5
2285285.04,-0.448,-7.543,-1.066,-0.177,1.442,0.105,5
2285285.05,-0.314,-7.675,-0.156,-0.091,1.339,0.104,5
2285285.06,-0.104,-7.822,0.217,0.002,1.207,0.112,5
2285285.07,0.211,-8.053,0.492,0.085,1.067,0.106,5
2285285.08,0.444,-8.207,0.845,0.157,0.943,0.075,5
2285285.09,0.493,-8.053,1.14,0.254,0.806,0.001,5
2285285.1,0.444,-7.676,1.385,0.315,0.756,-0.054,5
2285285.11,0.172,-7.146,1.656,0.387,0.757,-0.106,5
2285285.119,-0.226,-6.622,1.727,0.464,0.79,-0.142,5
2285285.129,-0.686,-6.141,1.669,0.543,0.839,-0.167,5
2285285.149,-1.506,-5.641,1.335,0.706,0.929,-0.172,5
2285285.16,-1.802,-5.592,0.966,0.773,0.94,-0.153,5
2285285.169,-1.937,-5.725,0.522,0.824,0.932,-0.122,5
2285285.18,-1.859,-6.031,-0.012,0.849,0.918,-0.089,5
2285285.19,-1.52,-7.109,-1.235,0.842,0.905,-0.054,5
2285285.199,-1.309,-7.948,-1.885,0.784,0.888,0.001,5
2285285.21,-0.854,-8.949,-2.542,0.734,0.887,0.028,5
2285285.22,-0.133,-9.89,-3.148,0.686,0.892,0.03,5
2285285.23,0.826,-10.748,-3.707,0.652,0.919,-0.005,5
2285285.24,1.971,-11.35,-3.689,0.66,0.933,-0.07,5
2285285.25,2.739,-11.841,-3.552,0.731,0.893,-0.144,5
2285285.26,3.087,-12.653,-4.442,0.823,0.822,-0.2,5
2285285.27,2.797,-13.779,-6.51,0.865,0.793,-0.211,5
2285285.29,2.419,-16.179,-11.974,0.672,0.881,-0.005,5
2285285.3,2.786,-16.051,-12.939,0.336,0.848,0.194,5
2285285.31,3.311,-14.564,-11.617,0.145,0.395,0.276,5
2285285.32,3.477,-12.99,-9.047,0.029,-0.145,0.306,5
2285285.329,3.162,-11.633,-6.305,-0.009,-0.697,0.301,5
2285285.34,2.545,-10.212,-3.491,0.026,-1.17,0.265,5
2285285.35,1.721,-9.16,-0.74,0.101,-1.556,0.196,5
2285285.36,0.538,-8.933,0.526,0.15,-1.859,0.131,5
2285285.37,-0.864,-9.229,0.63,0.169,-2.052,0.13,5
2285285.38,-1.786,-9.833,0.493,0.18,-2.148,0.179,5
2285285.39,-1.794,-10.222,0.491,0.186,-2.188,0.208,5
2285285.4,-1.528,-10.487,0.917,0.149,-2.152,0.194,5
2285285.41,-2.123,-11.569,1.348,-0.057,-1.873,0.136,5
2285285.42,-2.919,-13.324,1.975,-0.241,-1.568,0.104,5
2285285.44,-4.513,-15.376,3.257,-0.394,-0.702,0.123,5
2285285.45,-4.352,-14.434,3.241,-0.302,-0.266,0.144,5
2285285.46,-3.732,-13.088,2.843,-0.14,0.101,0.11,5
2285285.47,-2.828,-11.749,3.378,0.087,0.389,0,5
2285285.48,-2.004,-10.132,4.642,0.685,0.447,-0.24,5
2285285.49,-2.111,-8.037,3.16,1.469,0.415,-0.558,5
2285285.5,-2.708,-6.94,1.223,1.987,0.512,-0.791,5
2285285.51,-3.043,-6.426,-0.769,2.175,0.693,-0.901,5
2285285.521,-3.207,-5.939,-2.689,2.036,0.91,-0.917,5
2285285.53,-3.77,-5.525,-3.887,1.354,1.241,-0.794,5
2285285.54,-4.18,-5.786,-3.601,0.819,1.412,-0.644,5
2285285.55,-4.673,-6.674,-2.609,0.327,1.538,-0.455,5
2285285.56,-5.448,-7.85,-1.577,-0.095,1.523,-0.246,5
2285285.57,-5.9,-9.015,-0.526,-0.429,1.443,-0.059,5
2285285.58,-5.914,-9.823,0.348,-0.677,1.311,0.104,5
2285285.59,-5.408,-10.006,1.039,-0.851,1.056,0.227,5
2285285.6,-4.656,-9.922,1.925,-0.885,0.746,0.281,5
2285285.609,-3.922,-9.873,2.932,-0.755,0.504,0.291,5
2285285.631,-1.669,-10.782,3.61,-0.153,0.43,0.255,5
2285285.64,-0.835,-11.117,2.612,-0.028,0.404,0.147,5
2285285.65,-0.593,-11.03,2.145,0.042,0.318,0.035,5
2285285.66,-0.358,-10.665,1.819,0.1,0.186,-0.04,5
2285285.67,0.048,-10.229,1.584,0.15,0.081,-0.101,5
2285285.68,0.339,-9.889,1.442,0.194,0.001,-0.158,5
2285285.69,0.566,-9.636,1.404,0.222,-0.092,-0.204,5
2285285.7,0.396,-9.513,1.438,0.235,-0.173,-0.228,5
2285285.71,-0.031,-9.464,1.475,0.249,-0.177,-0.209,5
2285285.722,0.029,-9.397,1.222,0.255,-0.132,-0.153,5
2285285.739,0.594,-8.988,0.487,0.132,-0.139,-0.042,5
2285285.749,0.929,-9.066,0.636,0.091,-0.121,-0.043,5
2285285.76,1.323,-9.327,1.118,0.087,-0.017,-0.095,5
2285285.77,1.656,-9.675,1.768,0.137,0.203,-0.186,5
2285285.78,1.796,-9.967,2.407,0.234,0.548,-0.282,5
2285285.79,1.793,-10.121,2.654,0.345,0.989,-0.364,5
2285285.799,1.6,-10.177,2.363,0.421,1.423,-0.417,5
2285285.81,1.312,-10.022,1.937,0.444,1.779,-0.438,5
2285285.82,1.177,-9.835,1.941,0.456,2.07,-0.448,5
2285285.829,0.948,-9.65,2.01,0.472,2.277,-0.44,5
2285285.84,0.22,-9.275,2.05,0.483,2.381,-0.396,5
2285285.85,-0.265,-9.077,2.305,0.49,2.335,-0.348,5
2285285.86,-0.69,-9.044,2.496,0.517,2.228,-0.29,5
2285285.87,-0.952,-9.127,2.498,0.549,2.06,-0.245,5
2285285.88,-1.362,-9.269,2.395,0.575,1.823,-0.212,5
2285285.89,-1.775,-9.375,2.289,0.591,1.53,-0.176,5
2285285.9,-2.185,-9.459,2.15,0.597,1.199,-0.126,5
2285285.91,-2.275,-9.606,1.86,0.588,0.864,-0.071,5
2285285.92,-2.208,-9.761,1.682,0.564,0.561,-0.03,5
2285285.93,-2.223,-9.839,1.388,0.535,0.323,0.01,5
2285285.949,-1.575,-9.419,0.757,0.451,-0.032,0.114,5
2285285.96,-0.956,-9.333,0.697,0.412,-0.288,0.17,5
2285285.97,-0.377,-9.589,1.111,0.489,-0.495,0.196,5
2285285.979,0.159,-10.157,1.572,0.695,-0.733,0.227,5
2285286,1.498,-11.917,0.846,1.136,-1.003,0.191,5
2285286.01,1.991,-12.439,-0.231,1.206,-0.957,0.114,5
2285286.02,2.195,-12.556,-1.475,1.173,-0.784,0.039,5
2285286.03,2.247,-12.339,-3.013,1.048,-0.476,-0.011,5
2285286.04,2.181,-11.925,-5.333,0.789,-0.046,-0.054,5
2285286.05,0.082,-11.854,-9.558,0.294,0.443,-0.081,5
2285286.06,-0.092,-12.473,-5.98,-0.498,0.953,-0.062,5
2285286.07,-0.09,-13.33,-2.993,-0.745,1.071,-0.075,5
2285286.08,-0.219,-14.053,-1.196,-0.856,1.091,-0.068,5
2285286.09,-0.317,-14.698,-0.176,-0.93,1.035,-0.025,5
2285286.1,-0.272,-15.353,0.332,-0.998,0.872,0.046,5
2285286.12,0.728,-17.065,0.083,-1.054,0.119,0.137,5
2285286.13,0.162,-17.495,-4.854,-1.099,-0.386,0.124,5
2285286.14,-5.289,-16.458,-14.172,-1.624,-0.856,0.224,5
2285286.15,-7.271,-15.016,-10.131,-2.264,-1.273,0.494,5
2285286.16,-6.327,-14.198,-3.59,-2.568,-1.448,0.689,5
2285286.17,-4.855,-13.965,2.117,-2.385,-1.218,0.703,5
2285286.18,-4.691,-14.042,5.36,-2.076,-0.659,0.639,5
2285286.19,-5.302,-14.551,6.659,-1.799,0.214,0.594,5
2285286.2,-6.262,-15.192,7.427,-1.564,1.269,0.574,5
2285286.21,-6.644,-15.56,7.44,-1.354,2.262,0.52,5
2285286.22,-6.56,-15.239,6.91,-1.161,3.021,0.373,5
2285286.23,-5.75,-13.73,6.475,-0.958,3.199,0.114,5
2285286.249,-3.685,-10.624,5.801,-0.838,2.888,-0.109,5
2285286.26,-3.477,-9.28,4.065,-0.841,1.731,-0.08,5
2285286.27,-2.48,-8.51,4.629,-0.987,1.256,0.172,5
2285286.279,-1.754,-7.883,5.607,-0.935,1.068,0.266,5
2285286.29,-0.878,-7.695,5.847,-0.836,0.605,0.333,5
2285286.3,0.161,-7.518,7.291,-0.691,-0.115,0.374,5
2285286.31,1.494,-6.984,6.783,-0.476,-0.806,0.346,5
2285286.33,3.218,-6.431,2.329,-0.133,-1.215,0.125,5
2285286.34,4.966,-7.208,-6.926,-0.141,-0.414,-0.033,5
2285286.35,2.419,-7.34,-4.144,-0.385,0.732,-0.206,5
2285286.36,0.625,-7.074,-1.941,-0.49,1.082,-0.29,5
2285286.37,0.139,-6.781,-0.029,-0.432,1.002,-0.324,5
2285286.38,0.048,-6.578,1.002,-0.246,0.496,-0.337,5
2285286.39,-0.095,-6.613,1.439,-0.164,0.14,-0.326,5
2285286.4,-0.416,-6.653,1.914,-0.103,-0.117,-0.302,5
2285286.41,-0.903,-6.686,2.449,-0.031,-0.224,-0.276,5
2285286.42,-1.443,-6.683,2.891,0.058,-0.217,-0.256,5
2285286.429,-2.129,-6.591,3.248,0.163,-0.121,-0.239,5
2285286.449,-3.01,-6.136,3.231,0.379,0.045,-0.213,5
2285286.46,-3.051,-5.646,3.027,0.481,0.071,-0.219,5
2285286.47,-3.069,-5.166,2.593,0.564,0.037,-0.232,5
2285286.48,-3.463,-4.329,1.808,0.62,-0.009,-0.221,5
2285286.49,-3.531,-4.047,1.566,0.656,-0.032,-0.139,5
2285286.51,-3.213,-4.126,1.371,0.666,0.089,-0.067,5
2285286.53,-2.611,-5.292,1.305,0.728,0.268,0.031,5
2285286.54,-2.379,-6.339,0.734,0.773,0.346,0.018,5
2285286.55,-2.062,-7.892,-0.354,0.81,0.434,-0.007,5
2285286.56,-1.719,-10.099,-2.207,0.843,0.552,-0.049,5
2285286.57,-1.176,-13.562,-5.935,0.879,0.689,-0.099,5
2285286.58,0.211,-17.955,-11.21,0.899,0.745,-0.123,5
2285286.59,3.252,-21.355,-16.279,0.823,0.675,-0.101,5
2285286.6,5.685,-22.35,-16.227,0.603,0.577,-0.013,5
2285286.61,6.487,-20.627,-12.938,0.472,0.311,0.081,5
2285286.639,3.145,-10.201,-3.64,0.174,-0.663,0.245,5
2285286.649,1.813,-8.312,-1.003,0.091,-1.029,0.243,5
2285286.66,0.282,-7.953,0.405,0.002,-1.544,0.127,5
2285286.67,-1.564,-9.014,1.062,-0.029,-1.614,0.117,5
2285286.679,-3.079,-10.991,1.765,0.001,-1.58,0.117,5
2285286.689,-3.903,-12.373,2.14,0.078,-1.456,0.089,5
2285286.709,-4.438,-12.96,1.949,0.079,-0.739,0.049,5
2285286.72,-4.72,-14.17,2.04,-0.065,-0.33,0.098,5
2285286.73,-5.186,-14.913,2.545,-0.218,0.073,0.169,5
2285286.739,-5.469,-14.707,3.141,-0.294,0.421,0.241,5
2285286.75,-5.276,-13.676,3.467,-0.271,0.685,0.299,5
2285286.769,-3.151,-9.889,3.149,-0.176,0.854,0.317,5
2285286.779,-2.194,-7.939,2.844,0.09,0.881,0.195,5
2285286.799,-1.353,-4.585,2.325,0.396,0.654,0.104,5
2285286.81,-0.789,-3.079,2.538,0.889,0.303,0.066,5
2285286.819,-0.424,-2.614,1.991,1.213,-0.56,0.022,5
2285286.829,-0.431,-3.39,0.907,1.309,-1.101,0.004,5
2285286.839,-0.657,-4.811,-0.054,1.148,-1.578,0.045,5
2285286.849,-0.245,-6.904,-0.518,0.779,-2.056,0.084,5
2285286.859,0.316,-9.969,0.134,0.363,-2.449,0.082,5
2285286.869,0.187,-13.121,1.348,0.028,-2.61,0.076,5
2285286.89,0.522,-15.961,3.033,-0.277,-2.206,0.002,5
2285286.902,-0.16,-14.595,4.69,-0.246,-1.841,-0.084,5
2285286.919,0.526,-10.859,2.061,1.875,-0.416,-0.451,5
2285286.93,0.424,-10.514,-1.528,2.354,0.357,-0.597,5
2285286.94,0.081,-10.244,-4.58,2.336,1.024,-0.689,5
2285286.95,-1.034,-9.318,-7.838,1.908,1.575,-0.698,5
2285286.96,-1.519,-7.994,-8.239,1.244,1.84,-0.624,5
2285286.97,-1.134,-7.18,-6.293,0.619,1.685,-0.564,5
2285286.98,-1.195,-7.085,-3.716,0.164,1.227,-0.546,5
2285287,-2.096,-7.703,-0.665,-0.43,0.487,-0.397,5
2285287.01,-2.4,-8.005,0.233,-0.622,0.297,-0.274,5
2285287.03,-1.981,-9.398,2.584,-0.709,0.119,-0.048,5
2285287.04,-1.93,-10.004,3.527,-0.549,0.146,-0.029,5
2285287.049,-1.879,-10.481,4.8,-0.19,0.293,-0.034,5
2285287.07,-1.495,-10.402,4.72,0.172,0.646,-0.068,5
2285287.08,-1.208,-9.955,4.614,0.362,0.967,-0.12,5
2285287.09,-1.521,-9.381,4.521,0.509,1.298,-0.148,5
2285287.1,-2.069,-8.679,4.307,0.611,1.55,-0.129,5
2285287.11,-2.715,-7.782,3.269,0.66,1.666,-0.082,5
2285287.13,-2.373,-7.679,2.181,0.566,1.523,0.021,5
2285287.14,-2.469,-8.036,2.058,0.399,1.181,0.067,5
2285287.15,-2.634,-8.627,2.076,0.279,0.882,0.119,5
2285287.16,-2.501,-9.215,2.039,0.164,0.56,0.183,5
2285287.17,-1.946,-9.569,2.03,0.057,0.26,0.233,5
2285287.19,-0.824,-9.895,2.448,-0.05,-0.193,0.246,5
2285287.2,-0.406,-10.042,2.637,-0.023,-0.36,0.228,5
2285287.24,0.758,-10.734,1.763,0.509,-0.829,0.156,5
2285287.25,0.901,-10.908,1.199,0.556,-0.803,0.12,5
2285287.26,0.916,-11.034,0.732,0.55,-0.713,0.084,5
2285287.27,0.875,-11.115,0.397,0.509,-0.566,0.055,5
2285287.28,0.837,-11.307,0.175,0.463,-0.387,0.024,5
2285287.29,0.792,-11.678,-0.046,0.428,-0.205,-0.031,5
2285287.3,0.598,-12.388,-0.437,0.394,-0.045,-0.101,5
2285287.309,0.233,-13.488,-1.064,0.329,0.084,-0.163,5
2285287.32,-0.382,-15.881,-3.411,0.07,0.18,-0.206,5
2285287.339,-1.713,-19.836,-8.312,-0.499,0.203,-0.195,5
2285287.36,-6.458,-16.002,-6.002,-1.847,-0.187,0.038,5
2285287.37,-8.243,-13.126,-3.307,-2.043,-0.459,0.18,5
2285287.379,-10.07,-11.483,-0.853,-2.034,-0.622,0.384,5
2285287.39,-11.124,-11.285,0.552,-1.926,-0.585,0.685,5
2285287.4,-10.17,-12.086,2.018,-1.833,-0.362,0.972,5
2285287.41,-8.837,-12.637,3.815,-1.728,0.069,1.125,5
2285287.46,-6.589,-11.694,4.886,-0.947,2.363,0.411,5
2285287.47,-5.299,-11.04,3.584,-0.833,2.728,0.26,5
2285287.479,-3.636,-10.975,2.878,-0.991,2.552,0.302,5
2285287.489,-2.006,-11.105,3.081,-1.143,2.291,0.271,5
2285287.499,-1.245,-11.105,3.855,-1.205,2.019,0.204,5
2285287.509,-1.505,-10.896,4.927,-1.154,1.766,0.177,5
2285287.519,-1.674,-10.408,6.101,-1.015,1.493,0.21,5
2285287.529,-1.473,-9.808,6.851,-0.831,1.253,0.257,5
2285287.539,-1.414,-9.281,6.786,-0.672,1.01,0.304,5
2285287.549,-1.222,-8.693,6.317,-0.567,0.742,0.322,5
2285287.56,-1.293,-6.981,5.547,-0.495,0.462,0.312,5
2285287.57,-1.19,-6.025,4.96,-0.323,0.166,0.289,5
2285287.58,-0.876,-5.178,4.392,-0.162,0.018,0.23,5
2285287.59,-0.596,-4.531,3.92,0.021,-0.151,0.142,5
2285287.6,-0.443,-4.105,3.247,0.219,-0.309,0.054,5
2285287.609,-0.303,-4.144,1.227,0.414,-0.349,-0.017,5
2285287.62,0.066,-5.026,-7.202,0.407,0.097,-0.075,5
2285287.63,-0.715,-5.848,-3.954,0.164,0.811,-0.095,5
2285287.64,-0.907,-6.37,-1.082,0.089,0.921,-0.064,5
2285287.65,-0.692,-6.688,0.704,0.11,0.833,-0.035,5
2285287.66,-0.57,-7.125,1.584,0.181,0.688,-0.045,5
2285287.67,-0.547,-7.43,1.921,0.288,0.497,-0.128,5
2285287.69,-1.238,-7.421,2.04,0.44,0.361,-0.224,5
2285287.7,-1.606,-7.017,1.825,0.517,0.316,-0.221,5
2285287.71,-1.919,-6.53,1.356,0.569,0.276,-0.189,5
2285287.72,-2.065,-5.792,0.635,0.599,0.26,-0.151,5
2285287.739,-1.925,-5.662,0.414,0.635,0.376,-0.114,5
2285287.749,-1.874,-5.752,0.223,0.652,0.48,-0.123,5
2285287.76,-1.857,-6.328,-0.548,0.666,0.6,-0.133,5
2285287.77,-1.857,-6.328,-0.548,0.672,0.727,-0.14,5
2285287.779,-1.685,-7.661,-1.711,0.664,0.847,-0.148,5
2285287.79,-1.442,-8.796,-2.134,0.667,0.963,-0.15,5
2285287.8,-1.041,-10.249,-2.683,0.702,0.947,-0.153,5
2285287.81,-0.353,-12.274,-4.138,0.784,0.838,-0.155,5
2285287.82,0.958,-14.806,-7.245,0.879,0.731,-0.161,5
2285287.83,2.637,-16.83,-10.914,0.922,0.767,-0.191,5
2285287.84,3.947,-17.025,-12.554,0.891,0.895,-0.197,5
2285287.85,4.368,-15.657,-11.671,0.811,0.9,-0.136,5
2285287.86,3.779,-13.812,-9.587,0.696,0.637,-0.002,5
2285287.87,2.97,-11.841,-6.829,0.546,0.103,0.151,5
2285287.88,2.083,-10.126,-3.845,0.401,-0.588,0.243,5
2285287.89,1.068,-9.291,-1.948,0.233,-1.597,0.252,5
2285287.9,0.328,-9.785,-1.049,0.147,-2.153,0.203,5
2285287.91,-0.669,-11.707,-0.073,0.123,-2.582,0.142,5
2285287.92,-1.648,-14.246,1.03,0.163,-2.872,0.054,5
2285287.929,-2.732,-16.132,1.27,0.167,-2.935,-0.034,5
2285287.939,-4.227,-17.175,1.116,-0.078,-2.459,-0.103,5
2285287.949,-4.227,-17.175,1.116,-0.232,-2.156,-0.111,5
2285287.96,-4.938,-16.917,1.487,-0.539,-1.428,-0.104,5
2285287.97,-5.289,-15.604,2.347,-0.729,-0.707,-0.062,5
2285287.979,-5.524,-14.432,3.209,-0.768,-0.114,0.001,5
2285287.99,-4.637,-10.436,3.513,-0.682,0.351,0.059,5
2285288,-4.03,-8.102,2.986,-0.44,0.892,0.097,5
2285288.01,-3.386,-6.2,2.532,-0.275,1.158,0.099,5
2285288.02,-2.739,-4.619,2.174,-0.12,1.344,0.076,5
2285288.029,-1.937,-3.224,2.467,0.056,1.398,0.008,5
2285288.039,-1.317,-2.19,2.761,0.354,1.205,-0.141,5
2285288.05,-1.361,-1.851,2.415,0.687,0.874,-0.309,5
2285288.06,-1.954,-2.563,1.786,0.93,0.588,-0.404,5
2285288.069,-2.693,-4.326,1.166,1.031,0.416,-0.389,5
2285288.08,-3.229,-6.453,0.822,0.988,0.357,-0.316,5
2285288.09,-3.842,-8.976,0.922,0.855,0.33,-0.261,5
2285288.1,-4.714,-11.392,1.267,0.615,0.386,-0.171,5
2285288.11,-5.621,-13.201,1.697,0.455,0.718,-0.093,5
2285288.12,-6.204,-14.143,2.19,0.321,1.037,-0.005,5
2285288.13,-5.68,-14.128,2.308,0.213,1.274,0.051,5
2285288.139,-4.375,-13.052,2.106,0.149,1.286,0.04,5
2285288.149,-3.019,-11.791,2.131,0.159,1.1,0.002,5
2285288.16,-2.119,-10.742,2.172,0.252,0.736,-0.026,5
2285288.169,-1.494,-9.868,2.721,0.535,0.145,0.016,5
2285288.179,-0.717,-9.313,2.43,0.862,-0.401,0.054,5
2285288.19,0.098,-9.001,1.552,1.069,-0.72,0.016,5
2285288.199,0.885,-8.707,0.682,1.134,-0.845,-0.093,5
2285288.21,1.592,-8.307,-0.479,1,-0.839,-0.319,5
2285288.22,1.422,-8.42,-0.789,0.805,-0.767,-0.436,5
2285288.239,0.316,-9.354,-0.945,0.299,-0.532,-0.431,5
2285288.26,-0.609,-9.844,0.404,-0.012,-0.226,-0.175,5
2285288.279,0.212,-10.31,2.151,0.216,0.071,-0.001,5
2285288.29,1.085,-10.398,1.998,0.439,0.261,-0.081,5
2285288.309,0.903,-9.821,0.59,0.617,0.869,-0.292,5
2285288.322,0.569,-9.542,0.515,0.481,1.397,-0.288,5
2285288.339,-0.344,-8.934,0.898,0.253,1.938,-0.212,5
2285288.36,-0.219,-9.186,1.364,0.139,2.13,-0.169,5
2285288.369,-0.215,-9.626,1.605,0.138,2.056,-0.167,5
2285288.39,-0.277,-10.255,2,0.248,1.622,-0.156,5
2285288.4,-0.304,-10.192,2.124,0.382,1.266,-0.117,5
2285288.41,0.424,-9.962,1.337,0.537,0.845,-0.059,5
2285288.42,0.875,-9.963,0.623,0.642,0.449,-0.015,5
2285288.44,1.228,-10.083,-0.238,0.576,-0.192,-0.044,5
2285288.45,1.25,-10.082,-0.37,0.521,-0.328,-0.08,5
2285288.46,1.256,-9.988,-0.538,0.498,-0.401,-0.129,5
2285288.48,0.535,-9.895,-1.511,0.436,-0.288,-0.291,5
2285288.49,-0.31,-10.159,-2.056,0.323,-0.086,-0.357,5
2285288.5,-1.282,-10.742,-2.301,0.156,0.192,-0.378,5
2285288.51,-2.091,-11.555,-2.289,-0.06,0.509,-0.353,5
2285288.522,-2.522,-12.468,-1.987,-0.313,0.822,-0.292,5
2285288.54,-2.455,-14.954,-0.535,-0.907,1.339,-0.186,5
2285288.58,-5.913,-16.927,0.961,-0.939,0.235,-0.164,5
2285288.59,-9.926,-14.695,-6.411,-1.245,-0.49,0.079,5
2285288.6,-13.56,-13.047,-9.844,-1.829,-1.18,0.553,5
2285288.61,-12.8,-12.836,-6,-2.169,-1.316,0.995,5
2285288.62,-10.212,-13.724,-1.729,-2.221,-0.988,1.234,5
2285288.63,-5.872,-14.734,4.602,-2.06,-0.313,1.272,5
2285288.65,-3.846,-14.181,7.422,-1.409,1.934,0.782,5
2285288.66,-5.334,-13.403,6.857,-1.156,2.803,0.612,5
2285288.67,-4.893,-12.487,5.918,-0.985,3.272,0.539,5
2285288.69,-2.819,-11.111,4.126,-0.874,2.891,0.316,5
2285288.7,-2.02,-10.741,3.402,-0.974,2.578,0.217,5
2285288.71,-1.58,-10.533,3.644,-1.09,2.23,0.136,5
2285288.72,-1.685,-9.957,4.456,-1.168,1.848,0.125,5
2285288.731,-1.666,-9.257,5.519,-1.174,1.445,0.179,5
2285288.739,-1.444,-8.347,6.417,-1.106,1.007,0.284,5
2285288.75,-0.996,-7.661,7.17,-0.892,0.351,0.437,5
2285288.76,-0.745,-7.02,7.544,-0.648,0.128,0.479,5
2285288.77,-0.693,-6.348,6.888,-0.39,0.056,0.468,5
2285288.78,-0.474,-5.753,5.781,-0.167,-0.029,0.408,5
2285288.79,-0.233,-5.402,4.797,0.031,-0.17,0.327,5
2285288.8,0.115,-5.189,3.843,0.236,-0.319,0.249,5
2285288.81,0.475,-5.319,2.103,0.421,-0.346,0.183,5
2285288.82,1.871,-6.038,-6.968,0.258,0.379,0.081,5
2285288.829,0.773,-6.748,-6.2,0.021,0.93,0.015,5
2285288.85,-0.123,-7.135,-0.027,-0.053,0.701,0.081,5
2285288.86,-0.004,-7.303,1.023,0.005,0.54,0.058,5
2285288.87,-0.336,-7.394,1.777,0.085,0.428,0.017,5
2285288.89,-1.241,-7.129,2.29,0.256,0.324,-0.032,5
2285288.9,-1.523,-6.714,2.319,0.345,0.309,-0.046,5
2285288.91,-1.812,-6.262,2.195,0.438,0.298,-0.064,5
2285288.92,-2.018,-5.798,1.869,0.528,0.284,-0.077,5
2285288.93,-2.297,-5.443,1.537,0.601,0.269,-0.081,5
2285288.95,-2.645,-5.294,1.101,0.702,0.269,-0.061,5
2285288.96,-2.69,-5.568,1.022,0.781,0.323,-0.045,5
2285288.97,-2.666,-6.023,0.822,0.845,0.376,-0.049,5
2285288.98,-2.737,-6.663,0.214,0.895,0.453,-0.048,5
2285289,-2.448,-8.357,-2.269,0.891,0.724,-0.05,5
2285289.01,-1.86,-9.344,-3.604,0.853,0.906,-0.075,5
2285289.02,-0.942,-10.432,-4.506,0.844,1.07,-0.126,5
2285289.031,1.173,-13.463,-8.214,0.861,1.205,-0.19,5
2285289.039,1.173,-13.463,-8.214,0.872,1.317,-0.254,5
2285289.06,2.457,-17.101,-14.581,0.709,1.553,-0.249,5
2285289.07,2.546,-14.528,-10.826,0.554,1.084,0.079,5
2285289.08,2.374,-12.195,-6.654,0.466,0.333,0.292,5
2285289.09,1.416,-10.959,-3.473,0.361,-0.47,0.389,5
2285289.1,-0.037,-11.04,-2.759,0.232,-1.1,0.411,5
2285289.11,-1.053,-12.427,-2.418,0.105,-1.514,0.414,5
2285289.12,-0.122,-14.575,-1.03,0.097,-1.823,0.344,5
2285289.13,0.009,-16.351,0.38,0.227,-2.059,0.098,5
2285289.15,-3.785,-17.598,1.499,0.42,-2.233,-0.302,5
2285289.169,-6.428,-16.031,1.058,-0.02,-1.279,-0.222,5
2285289.18,-5.878,-12.937,1.431,-0.33,-0.54,-0.089,5
2285289.19,-4.879,-10.234,2.067,-0.566,0.271,0.051,5
2285289.2,-4.016,-8.208,2.638,-0.555,0.653,0.101,5
2285289.21,-3.347,-6.357,3.064,-0.45,0.968,0.129,5
2285289.22,-2.869,-4.895,3.243,-0.293,1.219,0.147,5
2285289.229,-2.461,-3.646,3.024,-0.126,1.382,0.158,5
2285289.24,-2.094,-2.682,2.623,0.023,1.431,0.161,5
2285289.249,-1.747,-2.047,2.397,0.153,1.366,0.155,5
2285289.26,-1.366,-1.747,2.23,0.268,1.203,0.134,5
2285289.27,-0.88,-2.08,1.984,0.357,0.971,0.09,5
2285289.28,-1.3,-5.363,2.002,0.411,0.701,0.048,5
2285289.29,-1.724,-8.456,2.577,0.44,0.22,-0.02,5
2285289.3,-2.701,-11.902,2.524,0.467,-0.053,-0.073,5
2285289.31,-3.762,-15.096,2.129,0.457,-0.218,-0.103,5
2285289.319,-4.663,-17.15,2.152,0.393,-0.3,-0.076,5
2285289.329,-4.609,-17.737,2.93,0.31,-0.32,-0.001,5
2285289.34,-3.535,-16.538,3.848,0.31,-0.2,0.049,5
2285289.35,-1.869,-14.108,4.056,0.44,0.043,0.009,5
2285289.359,-0.697,-10.04,2.552,0.798,0.248,-0.156,5
2285289.37,-0.697,-10.04,2.552,0.798,0.248,-0.156,5
2285289.38,-0.111,-8.892,2.499,1.087,0.172,-0.155,5
2285289.39,0.532,-8.407,1.907,1.593,0.047,-0.12,5
2285289.4,1.234,-8.644,0.751,1.753,-0.032,-0.15,5
2285289.41,1.72,-9.012,-0.419,1.722,-0.045,-0.224,5
2285289.42,1.871,-9.254,-1.405,1.531,-0.034,-0.306,5
2285289.43,1.79,-9.382,-1.957,1.249,0.054,-0.359,5
2285289.439,1.373,-9.575,-2.224,0.987,0.236,-0.355,5
2285289.45,0.972,-10.244,-2.607,0.805,0.462,-0.332,5
2285289.46,0.315,-10.682,-3.295,0.628,0.655,-0.335,5
2285289.47,-0.549,-10.507,-3.623,0.412,0.751,-0.323,5
2285289.48,-1.237,-10.079,-3.076,0.193,0.693,-0.272,5
2285289.49,-1.01,-9.647,-1.072,0.017,0.494,-0.206,5
2285289.5,-0.447,-9.5,-0.14,-0.136,0.167,-0.122,5
2285289.51,0.107,-9.464,0.51,-0.175,0.043,-0.095,5
2285289.54,0.428,-9.794,1.262,-0.199,0.225,-0.179,5
2285289.55,0.11,-9.761,1.379,-0.206,0.393,-0.221,5
2285289.56,-0.193,-9.725,1.544,-0.205,0.575,-0.259,5
2285289.57,-0.435,-9.666,1.863,-0.191,0.759,-0.29,5
2285289.58,-0.8,-9.491,2.177,-0.154,0.91,-0.305,5
2285289.59,-1.144,-9.403,2.17,-0.103,1.083,-0.299,5
2285289.6,-1.438,-9.404,2.189,-0.046,1.282,-0.276,5
2285289.61,-1.665,-9.41,2.336,0.053,1.594,-0.235,5
2285289.62,-1.804,-9.442,2.593,0.137,1.772,-0.213,5
2285289.63,-1.761,-9.523,2.832,0.236,1.861,-0.2,5
2285289.649,-1.919,-9.324,2.744,0.33,1.854,-0.191,5
2285289.66,-2.059,-9.192,2.504,0.451,1.578,-0.128,5
2285289.67,-2.1,-9.11,2.043,0.447,1.33,-0.08,5
2285289.68,-1.957,-8.947,1.5,0.394,1.048,-0.034,5
2285289.69,-1.649,-8.805,1.069,0.305,0.756,0,5
2285289.7,-1.359,-8.746,0.776,0.198,0.478,0.027,5
2285289.71,-0.797,-9.113,0.894,0.095,0.224,0.047,5
2285289.719,-0.631,-9.407,1.173,-0.007,-0.118,0.062,5
2285289.73,-0.442,-9.719,1.538,-0.021,-0.319,0.071,5
2285289.74,-0.176,-9.976,1.855,0.018,-0.495,0.075,5
2285289.75,0.088,-10.155,1.997,0.106,-0.622,0.063,5
2285289.759,0.282,-10.197,1.851,0.209,-0.671,0.031,5
2285289.77,0.336,-10.055,1.498,0.286,-0.622,-0.015,5
2285289.78,0.198,-9.878,1.184,0.313,-0.482,-0.062,5
2285289.79,-0.061,-9.655,0.984,0.295,-0.277,-0.095,5
2285289.8,-0.444,-9.554,0.989,0.262,-0.039,-0.115,5
2285289.81,-0.825,-9.763,1.04,0.238,0.199,-0.139,5
2285289.829,-1.663,-11.49,0.929,0.244,0.691,-0.164,5
2285289.849,-1.503,-14.43,0.305,0.235,0.768,-0.145,5
2285289.88,-0.354,-17.487,-0.491,-0.223,0.134,-0.17,5
2285289.89,-0.779,-16.643,-1.92,-0.412,-0.276,-0.167,5
2285289.9,-4.631,-14.552,-17.394,-1.266,-0.674,0.023,5
2285289.91,-9.548,-13.668,-18.031,-2.238,-1.12,0.421,5
2285289.92,-9.349,-14.285,-3.881,-2.657,-1.44,0.76,5
2285289.93,-8.75,-14.681,1.113,-2.503,-1.445,1.025,5
2285289.95,-6.785,-15.2,6.392,-2.167,-0.582,1.101,5
2285289.96,-6.949,-15.258,8.176,-1.514,1.505,0.949,5
2285289.97,-7.932,-14.834,8.01,-1.2,2.567,0.812,5
2285289.98,-8.289,-13.5,7.012,-0.896,3.067,0.61,5
2285290,-6.437,-10.746,5.061,-0.687,3.198,0.389,5
2285290.01,-5.544,-10.245,3.646,-0.608,2.92,0.151,5
2285290.02,-4.374,-10.09,3.049,-0.804,2.66,0.215,5
2285290.031,-3.162,-10.231,3.741,-0.993,2.519,0.254,5
2285290.04,-3.232,-10.338,4.581,-1.088,2.442,0.273,5
2285290.05,-2.913,-10.261,5.801,-1.079,2.149,0.332,5
2285290.06,-2.568,-9.974,6.862,-1.027,1.588,0.426,5
2285290.07,-2.555,-9.337,7.255,-0.94,0.972,0.548,5
2285290.08,-1.742,-8.662,7.424,-0.8,0.406,0.6,5
2285290.09,-0.885,-7.749,7.246,-0.6,-0.041,0.563,5
2285290.1,-0.793,-6.56,6.171,-0.381,-0.34,0.511,5
2285290.11,-0.905,-5.56,5.298,-0.17,-0.533,0.472,5
2285290.119,-0.575,-4.835,4.697,0.06,-0.644,0.415,5
2285290.13,0.314,-4.486,4.1,0.31,-0.69,0.325,5
2285290.15,1.954,-5.494,-9.384,0.558,-0.659,0.231,5
2285290.16,0.848,-6.415,-5.341,0.241,1.101,0.043,5
2285290.17,0.455,-7.008,-2.206,0.062,1.208,0.058,5
2285290.18,0.437,-7.334,0.2,0.031,1.031,0.096,5
2285290.19,0.425,-7.656,1.399,0.088,0.756,0.111,5
2285290.2,0.298,-8.022,1.602,0.148,0.484,0.084,5
2285290.21,-0.024,-8.088,1.685,0.186,0.274,0.032,5
2285290.22,-0.673,-7.799,1.893,0.23,0.167,-0.014,5
2285290.232,-1.421,-7.385,1.87,0.292,0.142,-0.02,5
2285290.25,-2.045,-6.526,1.082,0.403,0.064,0.01,5
2285290.26,-2.278,-6.296,0.785,0.434,0.015,-0.001,5
2285290.27,-2.513,-6.172,0.509,0.475,-0.009,-0.012,5
2285290.28,-2.72,-6.167,0.161,0.52,0.007,-0.02,5
2285290.29,-2.815,-6.359,-0.352,0.563,0.078,-0.027,5
2285290.3,-2.783,-6.791,-1.102,0.591,0.2,-0.034,5
2285290.31,-2.544,-7.468,-2.078,0.6,0.362,-0.053,5
2285290.32,-2.106,-8.365,-3.066,0.589,0.553,-0.092,5
2285290.33,-1.482,-9.493,-3.955,0.574,0.756,-0.153,5
2285290.34,-0.867,-10.559,-4.647,0.582,0.931,-0.227,5
2285290.36,-1.339,-14.75,-10.382,0.555,1.17,-0.293,5
2285290.37,-1.106,-15.9,-13.719,0.457,1.222,-0.232,5
2285290.38,-0.005,-15.717,-15.509,0.321,1.14,-0.148,5
2285290.39,0.852,-14.194,-13.922,0.207,0.784,-0.058,5
2285290.4,0.638,-12.299,-10.181,0.136,0.228,0.06,5
2285290.41,0.14,-11.016,-6.781,0.056,-0.312,0.163,5
2285290.42,-0.751,-9.938,-4.631,-0.058,-0.758,0.214,5
2285290.429,-1.472,-8.778,-3.127,-0.183,-1.112,0.246,5
2285290.44,-1.15,-7.754,-1.488,-0.276,-1.366,0.232,5
2285290.45,-0.599,-7.186,0.409,-0.283,-1.53,0.148,5
2285290.46,-0.647,-6.959,1.947,-0.198,-1.61,0.038,5
2285290.47,-1.141,-6.842,2.623,0.017,-1.611,-0.075,5
2285290.48,-1.49,-7.035,2.679,0.173,-1.58,-0.115,5
2285290.49,-1.687,-7.678,2.522,0.316,-1.555,-0.151,5
2285290.5,-1.83,-8.629,2.347,0.418,-1.528,-0.19,5
2285290.51,-2.097,-9.866,2.275,0.462,-1.468,-0.214,5
2285290.519,-2.592,-11.414,2.236,0.444,-1.328,-0.222,5
2285290.53,-3.337,-13.564,2.292,0.371,-1.071,-0.214,5
2285290.54,-4.497,-16.18,2.576,0.273,-0.687,-0.175,5
2285290.55,-5.824,-18.085,2.886,0.2,-0.216,-0.092,5
2285290.56,-6.401,-18.113,2.847,0.177,0.27,-0.01,5
2285290.57,-5.393,-15.309,2.728,0.208,0.698,0.019,5
2285290.58,-4.047,-12.413,2.383,0.336,1.123,-0.062,5
2285290.59,-2.881,-9.418,3.04,0.561,1.075,-0.194,5
2285290.6,-2.194,-6.971,2.701,0.963,0.687,-0.328,5
2285290.61,-1.787,-5.576,1.836,1.313,0.321,-0.433,5
2285290.64,-1.108,-4.01,-0.831,1.378,0.257,-0.58,5
2285290.65,-1.293,-3.895,-1.111,1.164,0.401,-0.566,5
2285290.659,-2.048,-4.733,-1.16,0.918,0.524,-0.488,5
2285290.67,-2.968,-6.836,-1.139,0.635,0.608,-0.325,5
2285290.68,-3.561,-9.6,-1.034,0.315,0.651,-0.118,5
2285290.69,-3.92,-12.13,-0.724,-0.177,0.571,0.158,5
2285290.7,-4.06,-14.143,0.488,-0.345,0.131,0.266,5
2285290.71,-3.738,-15.057,2.352,-0.212,-0.663,0.266,5
2285290.719,-2.828,-14.794,3.455,0.117,-1.283,0.18,5
2285290.729,-1.704,-13.358,2.902,0.417,-1.45,0.059,5
2285290.74,-0.723,-11.547,0.275,0.528,-1.165,-0.046,5
2285290.75,-0.149,-10.077,-2.04,0.461,-0.586,-0.103,5
2285290.76,-0.259,-9.341,-2.123,0.332,-0.002,-0.103,5
2285290.77,-0.476,-9.119,-0.97,0.224,0.429,-0.087,5
2285290.78,-0.356,-9.105,0.103,0.127,0.72,-0.08,5
2285290.79,-0.271,-9.089,0.482,-0.009,1.005,-0.093,5
2285290.8,-0.194,-9.104,1.005,-0.076,1.17,-0.104,5
2285290.81,-0.162,-9.261,1.66,-0.12,1.346,-0.117,5
2285290.82,-0.188,-9.574,2.233,-0.128,1.48,-0.129,5
2285290.84,-0.608,-10.048,2.412,-0.076,1.536,-0.126,5
2285290.849,-0.708,-10.055,2.17,-0.059,1.483,-0.111,5
2285290.86,-0.612,-9.956,1.963,-0.051,1.399,-0.107,5
2285290.87,-0.551,-9.786,1.827,-0.047,1.303,-0.122,5
2285290.88,-0.507,-9.557,1.667,-0.038,1.198,-0.144,5
2285290.89,-0.516,-9.377,1.553,-0.032,1.089,-0.165,5
2285290.9,-0.533,-9.274,1.689,-0.008,0.896,-0.173,5
2285290.91,-0.442,-9.27,1.888,0.027,0.788,-0.173,5
2285290.92,-0.293,-9.288,2.087,0.08,0.725,-0.178,5
2285290.94,-0.275,-9.49,2.167,0.193,0.754,-0.174,5
2285290.95,-0.211,-9.548,2.018,0.228,0.814,-0.17,5
2285290.959,-0.151,-9.57,1.847,0.241,0.873,-0.167,5
2285290.97,-0.179,-9.563,1.744,0.238,0.919,-0.164,5
2285290.98,-0.32,-9.602,1.782,0.225,0.936,-0.156,5
2285290.99,-0.459,-9.733,1.952,0.214,0.921,-0.147,5
2285291,-0.87,-9.939,2.059,0.205,0.874,-0.134,5
2285291.01,-1.118,-9.856,2.156,0.185,0.748,-0.109,5
2285291.05,-1.729,-9.253,2.181,0.281,0.389,-0.037,5
2285291.06,-1.743,-9.272,1.986,0.308,0.256,-0.018,5
2285291.07,-1.652,-9.29,1.73,0.327,0.117,0.001,5
2285291.08,-1.661,-9.263,1.493,0.333,0.005,0.022,5
2285291.09,-1.542,-9.275,1.376,0.33,-0.076,0.052,5
2285291.1,-1.329,-9.321,1.312,0.331,-0.133,0.075,5
2285291.11,-1.204,-9.419,1.313,0.34,-0.163,0.091,5
2285291.13,-0.83,-9.727,1.292,0.391,-0.188,0.138,5
2285291.14,-0.56,-9.89,1.268,0.421,-0.195,0.151,5
2285291.15,-0.28,-10.011,1.205,0.448,-0.211,0.159,5
2285291.16,-0.039,-10.085,1.129,0.472,-0.226,0.161,5
2285291.179,0.343,-10.118,0.897,0.488,-0.24,0.158,5
2285291.19,0.525,-10.088,0.803,0.5,-0.238,0.141,5
2285291.2,0.682,-10.054,0.691,0.5,-0.241,0.127,5
2285291.21,0.901,-9.943,0.577,0.503,-0.249,0.108,5
2285291.219,0.997,-10.073,0.599,0.535,-0.28,0.072,5
2285291.229,0.99,-10.428,0.542,0.575,-0.357,0.031,5
2285291.25,0.555,-10.884,0.183,0.618,-0.395,-0.065,5
2285291.26,0.3,-10.721,0.009,0.616,-0.372,-0.092,5
2285291.27,0.052,-10.344,-0.161,0.605,-0.32,-0.108,5
2285291.29,-0.493,-9.803,-0.853,0.535,-0.185,-0.112,5
2285291.3,-0.9,-9.686,-1.187,0.445,-0.092,-0.094,5
2285291.31,-1.306,-9.639,-1.313,0.312,0.034,-0.045,5
2285291.32,-1.506,-9.6,-1.183,0.153,0.183,0.034,5
2285291.33,-1.483,-9.552,-0.714,-0.07,0.39,0.176,5
2285291.34,-1.281,-9.686,-0.079,-0.181,0.482,0.258,5
2285291.35,-0.898,-9.932,0.542,-0.262,0.506,0.315,5
2285291.36,-0.616,-10.228,1.167,-0.315,0.489,0.361,5
2285291.37,-0.454,-10.75,1.694,-0.346,0.439,0.408,5
2285291.38,-0.249,-11.422,2.083,-0.369,0.357,0.458,5
2285291.39,0.048,-12.12,2.238,-0.398,0.224,0.499,5
2285291.4,0.431,-12.861,2.13,-0.443,0.023,0.515,5
2285291.41,0.852,-13.79,2.067,-0.497,-0.262,0.5,5
2285291.42,1.16,-14.896,2.104,-0.525,-0.644,0.469,5
2285291.43,1.279,-16.743,1.404,-0.516,-1.129,0.44,5
2285291.45,-0.378,-14.963,-19.045,-0.936,-2.361,0.544,5
2285291.46,-4.11,-13.721,-16.323,-1.848,-2.543,0.833,5
2285291.47,-4.176,-12.979,-9.468,-2.232,-2.518,1.118,5
2285291.48,-2.898,-12.833,-4.663,-2.22,-2.255,1.148,5
2285291.49,-2.531,-12.852,-2.035,-2.026,-1.707,0.996,5
2285291.5,-2.302,-12.93,-0.088,-1.814,-0.902,0.799,5
2285291.51,-0.975,-13.231,2.242,-1.618,-0.047,0.602,5
2285291.52,-0.941,-13.571,4.377,-1.436,0.748,0.367,5
2285291.529,-2.625,-13.589,5.22,-1.273,1.421,0.241,5
2285291.549,-3.015,-12.618,5.067,-1.188,2.173,0.125,5
2285291.56,-2.908,-11.898,4.762,-1.242,2.162,0.1,5
2285291.57,-2.277,-11.414,4.149,-1.332,1.96,0.082,5
2285291.58,-2.041,-11.108,3.684,-1.423,1.7,0.115,5
2285291.59,-1.561,-11.022,4.141,-1.452,1.431,0.18,5
2285291.6,-0.673,-11.199,5.009,-1.368,1.158,0.21,5
2285291.61,-0.067,-10.983,6.049,-1.18,0.853,0.2,5
2285291.62,0.243,-10.558,7.039,-0.916,0.5,0.179,5
2285291.63,0.593,-10.011,8.459,-0.607,-0.093,0.151,5
2285291.64,1.991,-9.832,9.9,-0.231,-0.872,0.044,5
2285291.66,2.841,-7.771,5.386,0.355,-1.608,-0.375,5
2285291.67,2.612,-7.443,3.784,0.406,-1.403,-0.508,5
2285291.68,2.616,-7.139,2.352,0.371,-0.997,-0.596,5
2285291.69,3.284,-7.046,0.043,0.294,-0.456,-0.66,5
2285291.7,2.95,-6.829,-0.602,0.285,0.424,-0.684,5
2285291.71,1.51,-6.122,0.474,0.259,0.684,-0.657,5
2285291.72,0.386,-5.518,1.521,0.25,0.446,-0.629,5
2285291.73,-0.746,-5.258,2.158,0.272,0.037,-0.599,5
2285291.75,-2.911,-5.742,2.34,0.261,-0.724,-0.467,5
2285291.76,-3.633,-6.033,2.394,0.197,-0.933,-0.324,5
2285291.77,-4.037,-6.202,2.388,0.153,-0.905,-0.235,5
2285291.78,-4.247,-6.2,2.181,0.114,-0.839,-0.159,5
2285291.79,-4.387,-6.086,2.139,0.101,-0.759,-0.086,5
2285291.8,-4.581,-5.912,2.399,0.137,-0.669,-0.007,5
2285291.81,-4.695,-5.764,2.709,0.223,-0.592,0.076,5
2285291.82,-4.812,-5.919,2.349,0.309,-0.62,0.162,5
2285291.83,-4.871,-6.376,1.96,0.395,-0.807,0.232,5
2285291.84,-5.194,-7.299,1.897,0.55,-1.285,0.265,5
2285291.85,-6.283,-9.02,1.7,0.855,-2.324,0.294,5
2285291.86,-0.956,-24.744,-37.142,0.334,-3.596,0.325,5
2285291.88,0.47,-13.801,-6.248,-0.416,-2.173,0.341,5
2285291.89,0.973,-10.497,-0.897,0.186,-1.224,0.165,5
2285291.899,0.57,-8.738,0.104,0.609,-0.678,-0.022,5
2285291.91,-0.498,-7.494,0.06,0.739,-0.574,-0.125,5
2285291.919,-0.78,-6.672,-0.183,0.638,-0.684,-0.177,5
2285291.93,-0.956,-7.261,-0.239,0.194,-0.789,-0.208,5
2285291.939,-1.395,-11.256,0.427,-0.002,-0.728,-0.224,5
2285291.95,-2.802,-16.758,1.423,-0.407,-0.412,-0.246,5
2285291.959,-5.261,-22.279,2.823,-0.83,0.184,-0.183,5
2285291.969,-6.823,-24.875,4.133,-1.177,0.864,0.026,5
2285291.989,-4.501,-17.721,5.488,-1.157,0.808,0.238,5
2285292,-3.315,-12.69,5.582,-0.786,0.159,0.1,5
2285292.01,-2.554,-8.748,4.982,-0.393,-0.483,-0.032,5
2285292.019,-2.218,-6.465,4.167,-0.1,-0.932,-0.107,5
2285292.03,-1.948,-5.367,3.159,0.005,-1.18,-0.122,5
2285292.04,-1.368,-4.677,2.705,-0.027,-1.276,-0.107,5
2285292.05,-0.447,-4.222,2.805,-0.101,-1.37,-0.093,5
2285292.06,0.605,-4.313,2.814,-0.194,-1.52,-0.095,5
2285292.069,1.844,-4.913,2.788,-0.302,-1.745,-0.131,5
2285292.08,4.148,-7.756,4.926,-0.389,-2.046,-0.247,5
2285292.09,4.746,-9.646,6.99,-0.318,-2.482,-0.359,5
2285292.119,3.691,-13.785,8.893,0.641,-2.125,-0.644,5
2285292.129,2.395,-13.307,7.125,0.873,-1.825,-0.658,5
2285292.14,2.019,-11.472,6.545,1.071,-1.372,-0.64,5
2285292.15,1.65,-9.479,5.187,1.261,-0.751,-0.693,5
2285292.16,0.801,-7.952,3.239,1.345,-0.119,-0.775,5
2285292.179,-1.479,-7.141,1.79,1.286,0.896,-0.816,5
2285292.19,-2.767,-7.498,1.676,1.238,1.258,-0.67,5
2285292.2,-4.136,-8.099,1.917,1.231,1.53,-0.483,5
2285292.21,-5.673,-9.121,2.451,1.248,1.468,-0.232,5
2285292.22,-7.479,-10.358,1.906,1.23,1.225,0.087,5
2285292.26,-10.006,-13.361,-5.909,1.359,-4.917,0.771,5
2285292.27,-8.217,-12.292,-5.682,0.926,-5.641,0.7,5
2285292.28,-6.096,-11.16,-2.82,0.462,-5.395,0.653,5
2285292.29,-4.41,-8.286,-1.772,0.054,-4.732,0.631,5
2285292.3,-2.845,-7.268,-0.568,-0.326,-3.734,0.577,5
2285292.31,-1.796,-6.877,1.157,-0.239,-3.525,0.53,5
2285292.32,-0.839,-7.347,0.566,0.202,-3.474,0.513,5
2285292.332,0.741,-8.207,-1.863,0.541,-2.964,0.48,5
2285292.35,1.974,-9.573,-3.529,0.525,-0.903,0.243,5
2285292.359,1.123,-10.004,-1.869,0.39,0.071,0.199,5
2285292.369,0.771,-10.558,-0.696,0.263,0.765,0.21,5
2285292.38,0.787,-10.967,-0.173,0.134,1.209,0.214,5
2285292.39,0.884,-11.16,0.116,0.005,1.475,0.185,5
2285292.4,0.929,-11.208,0.625,-0.103,1.645,0.125,5
2285292.41,0.817,-11.045,1.691,-0.14,1.831,0,5
2285292.419,0.322,-10.778,3.124,-0.044,1.886,-0.056,5
2285292.43,-0.508,-10.535,3.503,0.065,1.906,-0.051,5
2285292.44,-1.384,-10.132,3.668,0.173,1.891,0.004,5
2285292.45,-1.881,-9.88,3.835,0.277,1.804,0.085,5
2285292.46,-2.074,-9.76,4.055,0.374,1.606,0.161,5
2285292.47,-1.984,-9.785,4.039,0.44,1.318,0.215,5
2285292.48,-1.779,-9.902,3.667,0.447,0.95,0.241,5
2285292.49,-1.267,-10.211,3.167,0.398,0.538,0.25,5
2285292.5,-0.97,-10.315,2.944,0.319,0.135,0.258,5
2285292.51,-0.652,-10.286,2.767,0.179,-0.213,0.287,5
2285292.52,-0.208,-10.154,2.614,0.092,-0.622,0.314,5
2285292.53,0.161,-10.037,2.325,0.027,-0.852,0.334,5
2285292.54,0.498,-10.247,1.965,-0.026,-1.071,0.341,5
2285292.559,0.254,-13.125,1.327,-0.084,-1.56,0.337,5
2285292.569,-0.439,-14.744,1.031,-0.068,-1.88,0.374,5
2285292.58,-1.232,-15.867,0.243,0.002,-2.277,0.461,5
2285292.59,-1.608,-16.672,-7.461,0.017,-2.783,0.582,5
2285292.6,-2.198,-17.528,-16.919,-0.669,-3.346,0.717,5
2285292.61,-2.694,-17.499,-12.322,-1.391,-3.305,0.913,5
2285292.63,-0.458,-14.264,-2.734,-1.577,-0.916,0.899,5
2285292.64,0.243,-12.985,-1.068,-1.5,0.28,0.719,5
2285292.649,0.557,-12.759,-0.146,-1.487,1.166,0.546,5
2285292.659,-1.499,-13.578,2.354,-1.473,2.015,0.311,5
2285292.67,-1.499,-13.578,2.354,-1.45,2.209,0.26,5
2285292.68,-2.919,-13.914,3.258,-1.356,2.407,0.189,5
2285292.69,-4.299,-14.038,3.833,-1.205,2.306,0.176,5
2285292.7,-4.702,-13.635,3.779,-1.096,2.114,0.177,5
2285292.71,-4.425,-12.582,3.549,-1.036,1.924,0.158,5
2285292.72,-3.684,-10.286,2.688,-1.033,1.731,0.108,5
2285292.73,-3.765,-9.381,2.721,-1.084,1.533,0.043,5
2285292.739,-3.876,-8.757,2.604,-1.117,1.446,0.044,5
2285292.75,-3.528,-8.344,2.682,-1.136,1.356,0.076,5
2285292.761,-2.665,-8.163,2.891,-1.125,1.252,0.1,5
2285292.77,-1.963,-8.156,3.091,-1.095,1.119,0.097,5
2285292.78,-1.649,-8.257,3.524,-1.048,1.001,0.092,5
2285292.79,-1.392,-8.514,3.948,-0.976,0.92,0.106,5
2285292.8,-1.099,-8.743,4.12,-0.907,0.83,0.128,5
2285292.81,-1.035,-8.721,4.241,-0.859,0.659,0.154,5
2285292.82,-0.944,-8.64,4.622,-0.816,0.412,0.184,5
2285292.83,-0.558,-8.782,5.225,-0.677,0.075,0.173,5
2285292.84,-0.256,-9,5.723,-0.5,-0.465,0.093,5
2285292.849,0.255,-9.193,5.692,-0.263,-0.721,-0.027,5
2285292.86,0.566,-9.299,5.339,0.006,-0.88,-0.16,5
2285292.87,0.831,-9.364,4.623,0.266,-0.972,-0.281,5
2285292.88,1.37,-9.468,2.749,0.486,-0.803,-0.392,5
2285292.89,3.107,-10.117,-5.867,0.384,0.272,-0.536,5
2285292.9,1.184,-9.653,-5.233,0.092,1.032,-0.618,5
2285292.91,-0.892,-8.604,-2.786,-0.064,1.083,-0.61,5
2285292.92,-2.222,-8.027,-0.483,-0.079,0.781,-0.571,5
2285292.93,-3.887,-7.23,1.139,-0.051,0.361,-0.517,5
2285292.94,-4.641,-6.854,1.118,-0.034,-0.019,-0.459,5
2285292.949,-5.044,-6.381,1.313,-0.049,-0.403,-0.337,5
2285292.959,-4.994,-5.839,1.888,-0.042,-0.513,-0.25,5
2285292.97,-4.761,-5.374,2.202,-0.009,-0.521,-0.177,5
2285292.98,-4.409,-5,2.305,0.031,-0.49,-0.117,5
2285292.989,-4.061,-4.669,2.467,0.076,-0.437,-0.067,5
2285293,-3.593,-4.429,2.712,0.143,-0.36,-0.037,5
2285293.01,-3.276,-4.486,2.721,0.221,-0.278,-0.027,5
2285293.02,-3.157,-4.894,2.51,0.297,-0.212,-0.016,5
2285293.03,-3.021,-5.587,1.951,0.363,-0.171,0.002,5
2285293.04,-2.809,-6.522,0.867,0.405,-0.15,0.018,5
2285293.06,-1.968,-8.751,-2.03,0.385,0.091,-0.068,5
2285293.07,-1.285,-10.182,-4.443,0.326,0.312,-0.186,5
2285293.08,0.057,-12.325,-8.203,0.225,0.663,-0.365,5
2285293.09,1.921,-14.436,-10.736,0.206,0.91,-0.527,5
2285293.1,3.323,-16.233,-12.577,0.291,0.824,-0.56,5
2285293.11,4.644,-17.128,-13.301,0.375,0.572,-0.462,5
2285293.12,4.951,-16.052,-11.427,0.36,0.186,-0.263,5
2285293.13,4.104,-13.774,-8.12,0.233,-0.361,-0.027,5
2285293.15,1.198,-7.761,-1.017,-0.092,-1.395,0.261,5
2285293.16,0.236,-7.427,0.833,-0.254,-1.927,0.261,5
2285293.17,-0.493,-8.431,2.058,-0.306,-2.111,0.205,5
2285293.18,-1.687,-10.967,3.082,-0.259,-2.172,0.111,5
2285293.19,-2.714,-14.16,3.903,-0.098,-2.14,-0.006,5
2285293.2,-3.907,-16.654,4.178,0.098,-1.982,-0.117,5
2285293.21,-4.886,-18.055,3.541,0.194,-1.662,-0.159,5
2285293.219,-5.353,-18.738,3.036,0.129,-1.189,-0.152,5
2285293.23,-5.891,-18.662,3.168,0.003,-0.588,-0.123,5
2285293.24,-5.765,-16.582,3.632,-0.079,0.044,-0.091,5
2285293.25,-5.044,-13.112,3.19,-0.064,0.551,-0.091,5
2285293.269,-3.251,-7.753,2.322,-0.064,0.931,-0.117,5
2285293.28,-2.255,-6.002,3.065,0.511,0.998,-0.23,5
2285293.29,-1.261,-4.408,3.109,0.99,0.448,-0.345,5
2285293.299,-1.068,-3.787,2.128,1.324,-0.1,-0.499,5
2285293.32,-2.295,-3.809,-0.317,1.327,-0.739,-0.564,5
2285293.33,-2.54,-3.85,-0.93,1.059,-0.754,-0.434,5
2285293.35,-3.477,-5.193,-0.583,0.425,-0.516,-0.09,5
2285293.36,-4.019,-9.846,-0.154,0.071,-0.431,0.126,5
2285293.369,-4.277,-12.711,0.42,-0.261,-0.342,0.34,5
2285293.38,-4.266,-15.175,1.3,-0.594,-0.051,0.572,5
2285293.39,-4.197,-16.257,2.223,-0.677,0.195,0.621,5
2285293.399,-3.065,-15.809,3.547,-0.606,0.338,0.551,5
2285293.41,-1.511,-13.944,4.873,-0.248,0.129,0.332,5
2285293.42,-0.756,-11.415,4.507,0.321,-0.332,0.128,5
2285293.429,-0.297,-9.941,2.937,0.795,-0.671,-0.012,5
2285293.441,0.092,-9.193,1.671,1.064,-0.779,-0.142,5
2285293.449,0.562,-8.517,1.064,1.168,-0.709,-0.265,5
2285293.46,0.822,-8.171,1.204,1.178,-0.486,-0.387,5
2285293.47,0.964,-8.214,1.053,1.153,-0.173,-0.484,5
2285293.49,1.038,-8.43,0.129,0.848,0.439,-0.522,5
2285293.5,1.061,-8.434,0.369,0.687,0.712,-0.483,5
2285293.51,0.673,-8.481,0.503,0.539,1.016,-0.407,5
2285293.519,0.193,-8.638,0.491,0.396,1.288,-0.292,5
2285293.53,-0.242,-8.944,0.631,0.257,1.469,-0.16,5
2285293.539,-0.09,-9.385,1.62,0.144,1.52,-0.063,5
2285293.559,0.039,-9.594,2.274,0.083,1.293,-0.058,5
2285293.58,-0.555,-9.534,3.37,0.304,0.896,-0.195,5
2285293.59,-1.241,-9.642,3.578,0.63,0.687,-0.274,5
2285293.599,-1.881,-9.796,3.065,0.847,0.633,-0.29,5
2285293.61,-2.191,-9.779,2.639,0.977,0.644,-0.281,5
2285293.62,-2.484,-9.79,1.89,1.004,0.707,-0.257,5
2285293.63,-2.451,-9.707,0.952,0.914,0.784,-0.218,5
2285293.65,-2.563,-8.904,0.811,0.564,0.84,-0.106,5
2285293.66,-2.703,-8.486,0.969,0.409,0.746,0.007,5
2285293.68,-1.494,-8.907,1.298,0.239,0.402,0.222,5
2285293.69,-0.708,-9.253,1.432,0.266,0.05,0.277,5
2285293.7,-0.153,-9.639,1.458,0.323,-0.177,0.282,5
2285293.71,0.283,-10.122,1.439,0.384,-0.382,0.272,5
2285293.72,0.706,-10.691,1.295,0.436,-0.539,0.244,5
2285293.73,1.049,-11.174,1.104,0.481,-0.65,0.207,5
2285293.741,1.279,-11.483,0.902,0.532,-0.715,0.175,5
2285293.75,1.476,-11.633,0.626,0.592,-0.721,0.151,5
2285293.76,1.715,-11.602,0.162,0.652,-0.651,0.127,5
2285293.77,1.934,-11.466,-0.598,0.697,-0.494,0.097,5
2285293.78,1.989,-11.29,-1.823,0.699,-0.273,0.045,5
2285293.79,0.69,-11.217,-7.212,0.629,-0.007,-0.026,5
2285293.8,-1.097,-11.707,-11.93,0.354,0.303,-0.07,5
2285293.81,-1.973,-12.921,-11.082,-0.555,0.768,0,5
2285293.82,-1.869,-14.355,-7.939,-1.026,0.943,0.04,5
2285293.829,-1.693,-15.693,-5.029,-1.284,1.004,0.051,5
2285293.84,-1.793,-16.976,-3.817,-1.427,0.988,0.067,5
2285293.85,-2.399,-17.986,-3.845,-1.572,0.907,0.1,5
2285293.86,-3.668,-18.268,-3.456,-1.757,0.716,0.17,5
2285293.87,-4.86,-17.577,-2.186,-1.949,0.413,0.26,5
2285293.88,-6.224,-16.709,-0.272,-2.084,0.081,0.319,5
2285293.89,-7.725,-16.055,1.691,-2.103,-0.216,0.393,5
2285293.9,-8.02,-15.801,3.944,-1.994,-0.39,0.48,5
2285293.91,-8.081,-15.3,6.029,-1.646,-0.164,0.538,5
2285293.92,-7.852,-14.841,7.185,-1.373,0.337,0.517,5
2285293.94,-7.677,-13.909,6.206,-1.038,1.759,0.321,5
2285293.95,-7.994,-12.771,4.688,-1.022,2.404,0.189,5
2285293.969,-6.35,-10.093,3.564,-1.056,2.963,0.083,5
2285293.98,-5.419,-9.569,2.902,-1.136,2.881,0.178,5
2285293.99,-4.022,-9.205,2.52,-1.266,2.578,0.247,5
2285293.999,-3.066,-8.979,2.771,-1.381,2.134,0.286,5
2285294.01,-1.852,-8.499,4.725,-1.409,1.627,0.32,5
2285294.02,-1.32,-8.07,5.986,-1.249,0.878,0.336,5
2285294.03,-0.759,-7.844,7.018,-1.021,0.458,0.303,5
2285294.04,-0.472,-7.917,6.918,-0.764,0.104,0.23,5
2285294.05,-0.822,-7.631,6.42,-0.558,-0.053,0.161,5
2285294.06,-1.42,-7.197,5.813,-0.382,-0.076,0.139,5
2285294.07,-1.425,-6.726,5.374,-0.212,-0.065,0.141,5
2285294.08,-1.335,-6.193,4.785,0.001,-0.057,0.108,5
2285294.09,-1.473,-5.675,3.77,0.222,-0.176,0.032,5
2285294.1,-1.743,-5.186,2.329,0.434,-0.353,-0.074,5
2285294.11,-2.739,-4.812,-7.706,0.533,-0.326,-0.17,5
2285294.12,-3.936,-5.078,-8.682,0.059,0.505,-0.154,5
2285294.13,-3.76,-5.602,-4.521,-0.237,0.918,-0.034,5
2285294.159,-1.407,-7.035,2.395,-0.152,0.594,0.093,5
2285294.169,-1.221,-7.52,2.797,0.078,0.258,0.092,5
2285294.18,-1.388,-7.574,2.698,0.19,0.256,0.06,5
2285294.19,-1.431,-7.213,2.534,0.297,0.285,0.013,5
2285294.2,-1.483,-6.602,2.365,0.401,0.284,-0.042,5
2285294.21,-1.65,-6.007,2.244,0.502,0.272,-0.083,5
2285294.219,-1.864,-5.554,2.096,0.598,0.296,-0.106,5
2285294.24,-2.291,-4.935,1.431,0.784,0.56,-0.098,5
2285294.25,-2.272,-5.022,0.972,0.812,0.668,-0.084,5
2285294.26,-2.148,-5.297,0.516,0.819,0.762,-0.076,5
2285294.27,-2.072,-5.853,-0.039,0.806,0.848,-0.071,5
2285294.28,-1.846,-6.934,-1.064,0.78,0.96,-0.071,5
2285294.29,-1.215,-8.7,-2.889,0.727,1.146,-0.093,5
2285294.3,0.048,-10.764,-4.651,0.664,1.396,-0.175,5
2285294.31,1.61,-12.972,-6.553,0.696,1.631,-0.318,5
2285294.32,2.809,-15.577,-10.062,0.822,1.811,-0.467,5
2285294.33,3.531,-18.195,-14.049,0.99,1.889,-0.543,5
2285294.35,4.114,-16.985,-12.966,1.177,1.316,-0.004,5
2285294.369,3.715,-11.376,-6.361,1.034,0.503,0.272,5
2285294.38,2.579,-10.298,-3.832,0.529,-1.143,0.475,5
2285294.39,1.346,-10.709,-3.162,0.294,-1.655,0.454,5
2285294.4,0.341,-12.646,-2.188,0.168,-2.058,0.406,5
2285294.41,-0.237,-15.398,-0.874,0.191,-2.381,0.285,5
2285294.419,-1.144,-17.258,-0.029,0.248,-2.566,0.09,5
2285294.43,-3.755,-17.484,1.196,0.225,-2.589,-0.122,5
2285294.45,-6.92,-15.167,1.837,-0.322,-1.386,-0.266,5
2285294.459,-7.086,-13.202,2.297,-0.551,-0.539,-0.14,5
2285294.48,-5.109,-8.861,3.053,-0.673,0.806,0.038,5
2285294.49,-4.521,-7.041,3.439,-0.588,1.23,0.071,5
2285294.5,-4.119,-5.482,3.635,-0.434,1.541,0.099,5
2285294.51,-3.535,-4.166,3.49,-0.247,1.745,0.123,5
2285294.52,-2.953,-3.14,3.26,-0.059,1.829,0.14,5
2285294.559,-1.714,-4.021,2.219,0.473,1.083,0.042,5
2285294.569,-2.302,-5.931,2.091,0.61,0.804,0.018,5
2285294.58,-3.068,-8.395,2.177,0.818,0.508,0.026,5
2285294.59,-3.905,-11.356,2.113,0.899,0.476,0.045,5
2285294.6,-4.661,-14.005,1.827,0.929,0.484,0.075,5
2285294.61,-4.83,-15.448,1.798,0.901,0.509,0.108,5
2285294.63,-2.59,-14.893,1.915,0.772,0.486,0.045,5
2285294.639,-1.705,-13.442,1.824,0.729,0.431,-0.001,5
2285294.66,0.697,-9.905,1.718,0.827,0.324,-0.112,5
2285294.67,1.656,-9.148,1.862,1.033,0.216,-0.157,5
2285294.679,2.448,-8.672,1.394,1.311,0.067,-0.179,5
2285294.69,3.007,-8.502,0.33,1.53,-0.071,-0.203,5
2285294.7,3.108,-8.613,-0.918,1.582,-0.155,-0.232,5
2285294.71,2.855,-8.816,-1.884,1.467,-0.173,-0.239,5
2285294.719,2.563,-9.171,-2.33,1.246,-0.147,-0.21,5
2285294.73,2.273,-9.629,-2.642,0.985,-0.027,-0.145,5
2285294.75,1.876,-10.215,-2.417,0.459,0.327,-0.129,5
2285294.76,1.569,-10.211,-1.708,0.214,0.394,-0.199,5
2285294.769,1.256,-10.082,-0.613,0.037,0.365,-0.269,5
2285294.78,0.93,-10.049,0.07,-0.046,0.341,-0.341,5
2285294.79,0.648,-9.95,0.219,-0.062,0.472,-0.362,5
2285294.8,0.719,-9.651,0.505,-0.076,0.646,-0.372,5
2285294.81,0.674,-9.445,0.785,-0.1,0.852,-0.384,5
2285294.82,0.533,-9.258,1.106,-0.125,1.081,-0.403,5
2285294.829,0.214,-9.127,1.403,-0.139,1.339,-0.414,5
2285294.839,-0.142,-9.071,1.782,-0.136,1.618,-0.403,5
2285294.85,-0.399,-9.103,2.196,-0.102,1.873,-0.373,5
2285294.86,-0.974,-9.199,2.494,-0.047,2.071,-0.33,5
2285294.87,-1.439,-9.174,3.513,0.035,2.209,-0.28,5
2285294.88,-1.989,-9.069,4.005,0.208,2.278,-0.183,5
2285294.89,-2.552,-8.948,4.196,0.335,2.17,-0.101,5
2285294.9,-2.78,-8.838,4.135,0.44,1.946,-0.022,5
2285294.91,-2.883,-8.759,3.973,0.514,1.63,0.03,5
2285294.92,-3.103,-8.768,3.828,0.553,1.262,0.054,5
2285294.93,-3.412,-8.907,3.579,0.56,0.876,0.074,5
2285294.95,-3.396,-9.047,2.811,0.442,0.171,0.107,5
2285294.96,-3.029,-9.102,2.562,0.332,-0.09,0.138,5
2285294.97,-2.245,-9.318,2.511,0.218,-0.275,0.161,5
2285294.98,-1.621,-9.618,2.649,0.123,-0.399,0.169,5
2285294.99,-1.151,-9.985,2.856,0.038,-0.522,0.181,5
2285295,-0.714,-10.441,3.048,0.028,-0.584,0.186,5
2285295.01,-0.267,-10.901,3.302,0.075,-0.632,0.178,5
2285295.02,0.076,-11.294,3.392,0.175,-0.67,0.154,5
2285295.03,0.297,-11.404,3.33,0.354,-0.709,0.115,5
2285295.04,0.336,-11.25,3.148,0.63,-0.779,0.071,5
2285295.05,0.449,-11.096,2.512,0.924,-0.853,0.009,5
2285295.06,0.305,-11.135,1.138,1.104,-0.858,-0.046,5
2285295.07,-0.11,-11.414,-0.448,1.163,-0.811,-0.068,5
2285295.08,-0.626,-12.063,-2.828,1.122,-0.728,-0.053,5
2285295.09,-0.967,-14.965,-15.739,0.232,-0.378,0.059,5
2285295.1,-0.459,-16.188,-11.506,-0.571,0.159,0.165,5
2285295.11,0.273,-16.515,-7.059,-1.067,0.721,0.26,5
2285295.12,1.049,-16.464,-4.274,-1.314,1.111,0.32,5
2285295.13,1.332,-16.709,-2.677,-1.461,1.26,0.332,5
2285295.15,-0.911,-17.393,-2.249,-1.701,0.646,0.324,5
2285295.16,-3.036,-15.959,-2.648,-1.837,-0.054,0.342,5
2285295.169,-5.087,-14.199,-2.457,-1.99,-0.815,0.395,5
2285295.19,-4.644,-13.301,2.67,-2.089,-1.462,0.545,5
2285295.2,-4.797,-13.538,5.046,-1.834,-0.798,0.556,5
2285295.21,-5.309,-14.308,6.228,-1.63,0.087,0.576,5
2285295.22,-5.695,-15.07,6.367,-1.474,1.105,0.58,5
2285295.23,-5.524,-15.264,6.407,-1.335,2.073,0.509,5
