2285077.78,2.078,5.409,-8.385,0.009,0.01,0.005,2
2285077.79,2.078,5.402,-8.403,0.008,0.009,0.004,2
2285077.8,2.09,5.405,-8.396,0.009,0.009,0.004,2
2285077.81,2.1,5.411,-8.397,0.009,0.008,0.002,2
2285077.82,2.114,5.43,-8.397,0.008,0.006,0.003,2
2285077.83,2.102,5.437,-8.39,0.007,0.005,0.002,2
2285077.839,2.113,5.41,-8.365,0.007,0.005,0.003,2
2285077.849,2.104,5.406,-8.356,0.009,0.004,0.003,2
2285077.859,2.076,5.388,-8.339,0.008,0.004,0.004,2
2285077.869,2.069,5.387,-8.323,0.01,0.002,0.004,2
2285077.88,2.04,5.37,-8.322,0.012,0.003,0.005,2
2285077.89,2.029,5.387,-8.326,0.013,0.004,0.007,2
2285077.9,2.041,5.397,-8.337,0.012,0.002,0.009,2
2285077.91,2.053,5.405,-8.356,0.012,0.002,0.01,2
2285077.92,2.045,5.402,-8.358,0.014,0.002,0.011,2
2285077.929,2.047,5.398,-8.37,0.012,0.004,0.012,2
2285077.939,2.036,5.389,-8.368,0.013,0.005,0.012,2
2285077.95,2.025,5.408,-8.37,0.012,0.008,0.01,2
2285077.96,2.012,5.415,-8.351,0.013,0.009,0.009,2
2285077.97,2.026,5.457,-8.356,0.013,0.009,0.008,2
2285077.98,2.031,5.459,-8.354,0.013,0.009,0.007,2
2285077.99,2.047,5.475,-8.345,0.013,0.009,0.007,2
2285078,2.073,5.477,-8.351,0.013,0.009,0.007,2
2285078.01,2.086,5.463,-8.336,0.013,0.007,0.007,2
2285078.02,2.095,5.452,-8.345,0.013,0.007,0.007,2
2285078.03,2.079,5.435,-8.344,0.012,0.007,0.007,2
2285078.04,2.074,5.411,-8.329,0.014,0.008,0.007,2
2285078.049,2.069,5.399,-8.341,0.013,0.007,0.007,2
2285078.059,2.064,5.392,-8.353,0.013,0.008,0.007,2
2285078.069,2.079,5.378,-8.348,0.015,0.006,0.007,2
2285078.08,2.086,5.36,-8.364,0.015,0.007,0.006,2
2285078.09,2.102,5.349,-8.353,0.016,0.007,0.007,2
2285078.1,2.098,5.331,-8.363,0.014,0.007,0.009,2
2285078.11,2.108,5.332,-8.372,0.015,0.009,0.007,2
2285078.12,2.124,5.344,-8.383,0.013,0.007,0.009,2
2285078.13,2.118,5.371,-8.394,0.015,0.006,0.01,2
2285078.139,2.117,5.378,-8.381,0.013,0.005,0.008,2
2285078.15,2.094,5.403,-8.389,0.011,0.005,0.009,2
2285078.16,2.098,5.421,-8.391,0.013,0.005,0.009,2
2285078.17,2.085,5.406,-8.373,0.013,0.005,0.009,2
2285078.18,2.09,5.406,-8.362,0.013,0.005,0.009,2
2285078.19,2.083,5.417,-8.356,0.012,0.005,0.009,2
2285078.2,2.085,5.403,-8.354,0.012,0.006,0.008,2
2285078.21,2.079,5.402,-8.344,0.013,0.005,0.007,2
2285078.22,2.072,5.404,-8.357,0.013,0.005,0.007,2
2285078.23,2.086,5.404,-8.362,0.013,0.007,0.008,2
2285078.24,2.098,5.414,-8.363,0.013,0.004,0.007,2
2285078.249,2.078,5.406,-8.35,0.013,0.005,0.007,2
2285078.259,2.083,5.422,-8.35,0.013,0.004,0.008,2
2285078.269,2.078,5.428,-8.356,0.013,0.004,0.008,2
2285078.28,2.078,5.414,-8.359,0.013,0.004,0.008,2
2285078.289,2.094,5.411,-8.385,0.013,0.004,0.007,2
2285078.3,2.078,5.394,-8.372,0.012,0.004,0.008,2
2285078.31,2.074,5.394,-8.362,0.013,0.003,0.008,2
2285078.32,2.053,5.391,-8.351,0.013,0.004,0.007,2
2285078.33,2.063,5.392,-8.356,0.013,0.004,0.008,2
2285078.34,2.053,5.374,-8.373,0.013,0.005,0.009,2
2285078.351,2.085,5.378,-8.357,0.014,0.005,0.009,2
2285078.359,2.079,5.381,-8.361,0.013,0.005,0.009,2
2285078.37,2.084,5.371,-8.359,0.015,0.005,0.009,2
2285078.379,2.087,5.371,-8.356,0.014,0.006,0.01,2
2285078.389,2.096,5.371,-8.373,0.012,0.005,0.009,2
2285078.4,2.083,5.365,-8.37,0.013,0.005,0.008,2
2285078.41,2.078,5.388,-8.364,0.013,0.004,0.009,2
2285078.42,2.079,5.396,-8.37,0.012,0.005,0.008,2
2285078.43,2.073,5.397,-8.372,0.013,0.004,0.007,2
2285078.441,2.075,5.408,-8.38,0.012,0.005,0.007,2
2285078.45,2.069,5.413,-8.384,0.012,0.005,0.006,2
2285078.46,2.072,5.402,-8.375,0.013,0.005,0.007,2
2285078.469,2.074,5.406,-8.362,0.012,0.005,0.007,2
2285078.48,2.073,5.391,-8.368,0.013,0.004,0.006,2
2285078.489,2.068,5.381,-8.364,0.013,0.006,0.007,2
2285078.5,2.083,5.378,-8.354,0.012,0.005,0.006,2
2285078.51,2.091,5.381,-8.363,0.012,0.005,0.006,2
2285078.52,2.075,5.386,-8.358,0.013,0.005,0.008,2
2285078.53,2.07,5.387,-8.363,0.013,0.005,0.008,2
2285078.54,2.061,5.388,-8.376,0.012,0.004,0.008,2
2285078.549,2.067,5.393,-8.363,0.013,0.005,0.007,2
2285078.56,2.062,5.397,-8.381,0.014,0.004,0.008,2
2285078.57,2.084,5.404,-8.367,0.013,0.005,0.007,2
2285078.58,2.08,5.4,-8.372,0.014,0.005,0.008,2
2285078.589,2.101,5.387,-8.374,0.015,0.005,0.007,2
2285078.6,2.115,5.378,-8.372,0.013,0.005,0.007,2
2285078.61,2.103,5.37,-8.383,0.012,0.004,0.007,2
2285078.62,2.091,5.372,-8.383,0.012,0.005,0.009,2
2285078.63,2.069,5.369,-8.368,0.012,0.006,0.007,2
2285078.641,2.056,5.393,-8.365,0.012,0.007,0.008,2
2285078.65,2.059,5.409,-8.361,0.012,0.007,0.007,2
2285078.66,2.072,5.428,-8.363,0.012,0.007,0.008,2
2285078.67,2.089,5.421,-8.365,0.013,0.007,0.008,2
2285078.68,2.103,5.413,-8.376,0.013,0.005,0.007,2
2285078.689,2.097,5.406,-8.387,0.012,0.007,0.005,2
2285078.7,2.096,5.396,-8.39,0.013,0.005,0.005,2
2285078.71,2.09,5.381,-8.38,0.012,0.005,0.006,2
2285078.72,2.084,5.374,-8.38,0.012,0.005,0.006,2
2285078.73,2.067,5.345,-8.368,0.012,0.006,0.006,2
2285078.74,2.072,5.354,-8.37,0.013,0.006,0.005,2
2285078.749,2.073,5.363,-8.357,0.012,0.004,0.004,2
2285078.76,2.09,5.353,-8.362,0.012,0.005,0.005,2
2285078.77,2.097,5.337,-8.376,0.012,0.005,0.005,2
2285078.78,2.098,5.347,-8.375,0.011,0.007,0.005,2
2285078.79,2.089,5.361,-8.369,0.01,0.007,0.005,2
2285078.8,2.081,5.375,-8.368,0.01,0.007,0.005,2
2285078.81,2.059,5.383,-8.375,0.011,0.007,0.006,2
2285078.82,2.05,5.404,-8.379,0.011,0.007,0.006,2
2285078.83,2.058,5.426,-8.378,0.01,0.006,0.007,2
2285078.84,2.067,5.408,-8.376,0.012,0.007,0.005,2
2285078.85,2.073,5.393,-8.375,0.012,0.007,0.005,2
2285078.859,2.062,5.394,-8.351,0.012,0.007,0.007,2
2285078.879,2.076,5.374,-8.358,0.011,0.009,0.005,2
2285078.889,2.078,5.386,-8.348,0.012,0.009,0.005,2
2285078.9,2.056,5.397,-8.356,0.012,0.008,0.005,2
2285078.91,2.062,5.396,-8.367,0.012,0.009,0.005,2
2285078.92,2.072,5.396,-8.369,0.01,0.009,0.005,2
2285078.93,2.078,5.405,-8.374,0.013,0.007,0.005,2
2285078.94,2.102,5.414,-8.396,0.012,0.007,0.005,2
2285078.95,2.09,5.414,-8.385,0.011,0.008,0.006,2
2285078.959,2.089,5.405,-8.376,0.012,0.008,0.005,2
2285078.969,2.081,5.393,-8.358,0.012,0.009,0.007,2
2285078.98,2.068,5.372,-8.367,0.011,0.008,0.005,2
2285078.99,2.064,5.37,-8.368,0.012,0.009,0.005,2
2285079,2.074,5.363,-8.35,0.012,0.009,0.007,2
2285079.01,2.079,5.356,-8.368,0.013,0.008,0.005,2
2285079.02,2.085,5.35,-8.373,0.012,0.008,0.005,2
2285079.03,2.102,5.381,-8.394,0.013,0.007,0.004,2
2285079.04,2.094,5.366,-8.373,0.012,0.007,0.005,2
2285079.05,2.087,5.389,-8.383,0.013,0.007,0.006,2
2285079.061,2.07,5.38,-8.376,0.011,0.005,0.006,2
2285079.069,2.074,5.387,-8.372,0.01,0.006,0.006,2
2285079.08,2.073,5.41,-8.383,0.01,0.007,0.005,2
2285079.09,2.057,5.398,-8.373,0.01,0.006,0.007,2
2285079.1,2.051,5.403,-8.362,0.011,0.008,0.006,2
2285079.11,2.057,5.382,-8.362,0.009,0.008,0.007,2
2285079.12,2.07,5.393,-8.358,0.012,0.009,0.005,2
2285079.14,2.092,5.377,-8.364,0.012,0.01,0.005,2
2285079.15,2.089,5.377,-8.379,0.011,0.007,0.005,2
2285079.16,2.074,5.389,-8.378,0.012,0.009,0.006,2
2285079.169,2.075,5.385,-8.363,0.012,0.008,0.005,2
2285079.18,2.067,5.383,-8.361,0.012,0.009,0.005,2
2285079.19,2.061,5.394,-8.364,0.011,0.007,0.007,2
2285079.2,2.062,5.392,-8.359,0.01,0.008,0.006,2
2285079.21,2.064,5.398,-8.359,0.011,0.006,0.007,2
2285079.22,2.086,5.413,-8.359,0.012,0.007,0.006,2
2285079.23,2.081,5.402,-8.365,0.011,0.008,0.006,2
2285079.24,2.084,5.391,-8.369,0.013,0.008,0.007,2
2285079.25,2.084,5.389,-8.365,0.013,0.009,0.007,2
2285079.259,2.097,5.366,-8.378,0.013,0.008,0.006,2
2285079.269,2.078,5.356,-8.386,0.012,0.008,0.007,2
2285079.28,2.075,5.347,-8.385,0.013,0.009,0.006,2
2285079.29,2.073,5.353,-8.395,0.012,0.01,0.007,2
2285079.3,2.084,5.372,-8.385,0.01,0.01,0.005,2
2285079.31,2.075,5.403,-8.375,0.01,0.009,0.005,2
2285079.32,2.081,5.425,-8.359,0.01,0.008,0.005,2
2285079.33,2.101,5.437,-8.372,0.011,0.007,0.007,2
2285079.34,2.096,5.441,-8.368,0.01,0.006,0.006,2
2285079.349,2.09,5.435,-8.375,0.009,0.004,0.005,2
2285079.36,2.085,5.416,-8.37,0.01,0.004,0.005,2
2285079.369,2.079,5.388,-8.363,0.01,0.005,0.005,2
2285079.38,2.069,5.364,-8.358,0.012,0.007,0.005,2
2285079.39,2.059,5.361,-8.352,0.011,0.005,0.006,2
2285079.4,2.063,5.365,-8.344,0.014,0.005,0.007,2
2285079.41,2.073,5.365,-8.359,0.012,0.006,0.007,2
2285079.42,2.078,5.359,-8.363,0.012,0.006,0.005,2
2285079.43,2.085,5.366,-8.379,0.012,0.006,0.006,2
2285079.44,2.094,5.36,-8.397,0.011,0.007,0.007,2
2285079.449,2.097,5.361,-8.411,0.012,0.006,0.009,2
2285079.459,2.09,5.356,-8.408,0.01,0.007,0.007,2
2285079.47,2.084,5.38,-8.398,0.012,0.005,0.007,2
2285079.48,2.073,5.399,-8.384,0.011,0.006,0.007,2
2285079.49,2.064,5.399,-8.369,0.01,0.005,0.007,2
2285079.5,2.075,5.404,-8.373,0.011,0.005,0.006,2
2285079.51,2.083,5.408,-8.367,0.01,0.005,0.007,2
2285079.52,2.087,5.389,-8.358,0.011,0.004,0.007,2
2285079.53,2.07,5.399,-8.348,0.01,0.005,0.007,2
2285079.54,2.065,5.389,-8.361,0.01,0.005,0.006,2
2285079.55,2.048,5.377,-8.341,0.012,0.005,0.005,2
2285079.56,2.025,5.366,-8.346,0.012,0.008,0.005,2
2285079.57,2.026,5.371,-8.346,0.011,0.008,0.005,2
2285079.58,2.029,5.397,-8.354,0.012,0.009,0.006,2
2285079.59,2.074,5.386,-8.369,0.013,0.009,0.005,2
2285079.6,2.07,5.404,-8.39,0.01,0.009,0.005,2
2285079.61,2.079,5.396,-8.39,0.01,0.01,0.005,2
2285079.62,2.097,5.393,-8.397,0.01,0.01,0.004,2
2285079.63,2.085,5.391,-8.391,0.01,0.012,0.005,2
2285079.64,2.096,5.388,-8.387,0.01,0.01,0.004,2
2285079.65,2.104,5.389,-8.389,0.01,0.009,0.005,2
2285079.659,2.098,5.386,-8.394,0.011,0.007,0.005,2
2285079.67,2.079,5.387,-8.374,0.01,0.005,0.006,2
2285079.679,2.08,5.394,-8.37,0.01,0.006,0.006,2
2285079.69,2.062,5.388,-8.363,0.011,0.006,0.008,2
2285079.7,2.05,5.394,-8.333,0.011,0.007,0.009,2
2285079.709,2.054,5.393,-8.351,0.011,0.007,0.009,2
2285079.72,2.063,5.396,-8.344,0.012,0.008,0.008,2
2285079.73,2.078,5.385,-8.361,0.011,0.009,0.007,2
2285079.74,2.085,5.376,-8.362,0.012,0.01,0.007,2
2285079.75,2.063,5.378,-8.386,0.012,0.01,0.007,2
2285079.759,2.067,5.376,-8.387,0.012,0.011,0.006,2
2285079.77,2.061,5.363,-8.398,0.014,0.01,0.007,2
2285079.779,2.07,5.374,-8.4,0.01,0.012,0.007,2
2285079.79,2.063,5.397,-8.395,0.008,0.01,0.009,2
2285079.8,2.086,5.433,-8.372,0.009,0.009,0.009,2
2285079.81,2.098,5.446,-8.364,0.007,0.009,0.009,2
2285079.819,2.096,5.443,-8.356,0.007,0.009,0.008,2
2285079.83,2.086,5.425,-8.336,0.008,0.009,0.007,2
2285079.84,2.081,5.399,-8.34,0.008,0.01,0.009,2
2285079.85,2.081,5.369,-8.339,0.009,0.012,0.006,2
2285079.861,2.069,5.354,-8.345,0.012,0.012,0.005,2
2285079.879,2.092,5.348,-8.361,0.013,0.009,0.002,2
2285079.89,2.101,5.36,-8.386,0.011,0.009,0.003,2
2285079.9,2.113,5.356,-8.391,0.013,0.009,0.003,2
2285079.91,2.125,5.37,-8.396,0.011,0.009,0.004,2
2285079.92,2.125,5.376,-8.392,0.012,0.008,0.006,2
2285079.93,2.122,5.387,-8.39,0.01,0.007,0.007,2
2285079.94,2.117,5.383,-8.383,0.011,0.009,0.009,2
2285079.95,2.101,5.402,-8.394,0.01,0.009,0.009,2
2285079.959,2.098,5.394,-8.384,0.009,0.007,0.009,2
2285079.97,2.089,5.403,-8.392,0.01,0.008,0.007,2
2285079.979,2.078,5.405,-8.359,0.01,0.009,0.007,2
2285079.989,2.09,5.42,-8.353,0.01,0.007,0.005,2
2285080,2.076,5.426,-8.336,0.01,0.007,0.006,2
2285080.01,2.072,5.443,-8.344,0.01,0.007,0.007,2
2285080.02,2.068,5.437,-8.336,0.011,0.007,0.007,2
2285080.03,2.07,5.427,-8.348,0.012,0.006,0.005,2
2285080.04,2.07,5.383,-8.369,0.012,0.005,0.006,2
2285080.05,2.076,5.391,-8.359,0.011,0.007,0.007,2
2285080.061,2.076,5.355,-8.37,0.01,0.008,0.005,2
2285080.079,2.079,5.352,-8.368,0.01,0.007,0.005,2
2285080.09,2.081,5.363,-8.379,0.011,0.007,0.005,2
2285080.1,2.07,5.356,-8.373,0.01,0.009,0.006,2
2285080.11,2.072,5.353,-8.375,0.01,0.007,0.007,2
2285080.12,2.083,5.37,-8.376,0.012,0.009,0.006,2
2285080.13,2.081,5.367,-8.37,0.011,0.008,0.005,2
2285080.14,2.089,5.381,-8.38,0.01,0.009,0.005,2
2285080.15,2.087,5.38,-8.37,0.01,0.007,0.005,2
2285080.159,2.087,5.388,-8.38,0.011,0.009,0.006,2
2285080.17,2.085,5.399,-8.379,0.01,0.009,0.006,2
2285080.179,2.083,5.404,-8.363,0.009,0.009,0.005,2
2285080.19,2.067,5.406,-8.357,0.009,0.01,0.007,2
2285080.2,2.078,5.405,-8.354,0.011,0.011,0.007,2
2285080.21,2.092,5.385,-8.373,0.009,0.012,0.007,2
2285080.22,2.079,5.392,-8.356,0.009,0.012,0.006,2
2285080.23,2.086,5.389,-8.348,0.011,0.01,0.005,2
2285080.24,2.096,5.414,-8.353,0.01,0.012,0.005,2
2285080.25,2.083,5.426,-8.346,0.01,0.01,0.005,2
2285080.26,2.095,5.422,-8.35,0.01,0.008,0.006,2
2285080.269,2.094,5.435,-8.357,0.009,0.009,0.007,2
2285080.279,2.094,5.437,-8.359,0.009,0.009,0.005,2
2285080.29,2.098,5.416,-8.368,0.009,0.009,0.005,2
2285080.3,2.09,5.41,-8.365,0.01,0.01,0.004,2
2285080.31,2.101,5.402,-8.357,0.011,0.012,0.004,2
2285080.319,2.104,5.372,-8.385,0.011,0.011,0.003,2
2285080.33,2.112,5.366,-8.38,0.012,0.01,0.004,2
2285080.34,2.104,5.36,-8.386,0.01,0.007,0.004,2
2285080.35,2.102,5.376,-8.394,0.011,0.007,0.005,2
2285080.359,2.114,5.376,-8.376,0.01,0.008,0.007,2
2285080.37,2.098,5.393,-8.364,0.01,0.007,0.007,2
2285080.379,2.101,5.411,-8.357,0.009,0.007,0.007,2
2285080.39,2.089,5.417,-8.347,0.009,0.009,0.007,2
2285080.4,2.084,5.414,-8.347,0.01,0.01,0.006,2
2285080.41,2.09,5.406,-8.351,0.011,0.01,0.006,2
2285080.42,2.085,5.387,-8.364,0.012,0.008,0.006,2
2285080.429,2.095,5.377,-8.381,0.013,0.009,0.008,2
2285080.439,2.081,5.367,-8.379,0.012,0.009,0.007,2
2285080.449,2.075,5.37,-8.369,0.01,0.009,0.01,2
2285080.459,2.098,5.42,-8.357,0.008,0.01,0.012,2
2285080.469,2.081,5.436,-8.341,0.007,0.01,0.01,2
2285080.479,2.09,5.442,-8.347,0.006,0.012,0.01,2
2285080.49,2.091,5.432,-8.336,0.006,0.015,0.008,2
2285080.5,2.09,5.4,-8.335,0.007,0.015,0.004,2
2285080.51,2.117,5.369,-8.341,0.009,0.013,0.002,2
2285080.52,2.115,5.358,-8.354,0.011,0.013,0.001,2
2285080.53,2.129,5.361,-8.376,0.011,0.01,0.001,2
2285080.54,2.144,5.369,-8.372,0.011,0.01,0.004,2
2285080.55,2.129,5.413,-8.362,0.009,0.008,0.007,2
2285080.56,2.122,5.446,-8.361,0.009,0.009,0.009,2
2285080.569,2.107,5.461,-8.345,0.007,0.009,0.008,2
2285080.58,2.1,5.454,-8.326,0.007,0.007,0.008,2
2285080.59,2.084,5.452,-8.317,0.008,0.007,0.007,2
2285080.6,2.072,5.428,-8.319,0.01,0.007,0.005,2
2285080.61,2.07,5.404,-8.311,0.013,0.008,0.004,2
2285080.62,2.08,5.381,-8.318,0.013,0.01,0.004,2
2285080.63,2.096,5.383,-8.345,0.015,0.01,0.005,2
2285080.64,2.102,5.364,-8.378,0.017,0.012,0.005,2
2285080.65,2.098,5.369,-8.392,0.013,0.012,0.004,2
2285080.659,2.096,5.353,-8.416,0.011,0.014,0.004,2
2285080.669,2.152,5.374,-8.433,0.01,0.013,0.003,2
2285080.68,2.168,5.387,-8.389,0.009,0.012,0.004,2
2285080.69,2.179,5.417,-8.389,0.009,0.009,0.007,2
2285080.7,2.159,5.443,-8.375,0.009,0.007,0.01,2
2285080.71,2.129,5.469,-8.342,0.009,0.004,0.012,2
2285080.72,2.119,5.488,-8.301,0.008,0.003,0.012,2
2285080.73,2.097,5.486,-8.301,0.007,0.001,0.013,2
2285080.74,2.096,5.481,-8.284,0.01,0.002,0.011,2
2285080.75,2.083,5.468,-8.262,0.01,0.002,0.008,2
2285080.76,2.07,5.443,-8.268,0.014,0.001,0.005,2
2285080.77,2.064,5.402,-8.301,0.013,0.002,0.005,2
2285080.779,2.065,5.361,-8.324,0.015,0.004,0.004,2
2285080.79,2.073,5.339,-8.347,0.016,0.007,0.004,2
2285080.8,2.072,5.323,-8.364,0.014,0.007,0.002,2
2285080.81,2.089,5.336,-8.39,0.015,0.009,0.004,2
2285080.819,2.098,5.35,-8.43,0.012,0.012,0.005,2
2285080.83,2.092,5.35,-8.403,0.01,0.012,0.005,2
2285080.84,2.115,5.392,-8.403,0.007,0.01,0.007,2
2285080.85,2.119,5.419,-8.373,0.006,0.01,0.007,2
2285080.859,2.122,5.43,-8.373,0.007,0.01,0.009,2
2285080.88,2.131,5.396,-8.341,0.009,0.009,0.006,2
2285080.89,2.115,5.382,-8.325,0.009,0.009,0.006,2
2285080.9,2.125,5.375,-8.312,0.01,0.007,0.004,2
2285080.91,2.111,5.383,-8.315,0.01,0.009,0.004,2
2285080.919,2.112,5.381,-8.324,0.011,0.007,0.004,2
2285080.93,2.108,5.397,-8.333,0.011,0.008,0.004,2
2285080.94,2.124,5.417,-8.352,0.01,0.009,0.005,2
2285080.95,2.129,5.427,-8.364,0.011,0.007,0.006,2
2285080.96,2.129,5.421,-8.372,0.01,0.007,0.007,2
2285080.97,2.115,5.437,-8.37,0.012,0.007,0.005,2
2285080.982,2.108,5.433,-8.367,0.01,0.006,0.006,2
2285081,2.085,5.433,-8.326,0.012,0.007,0.008,2
2285081.01,2.078,5.421,-8.325,0.012,0.007,0.006,2
2285081.02,2.058,5.436,-8.317,0.01,0.006,0.007,2
2285081.03,2.061,5.43,-8.337,0.01,0.009,0.006,2
2285081.04,2.084,5.432,-8.333,0.012,0.009,0.005,2
2285081.05,2.109,5.426,-8.356,0.012,0.01,0.004,2
2285081.06,2.118,5.391,-8.357,0.012,0.01,0.004,2
2285081.071,2.147,5.354,-8.387,0.011,0.009,0.005,2
2285081.079,2.147,5.354,-8.387,0.012,0.008,0.006,2
2285081.09,2.134,5.38,-8.376,0.01,0.006,0.006,2
2285081.1,2.123,5.414,-8.35,0.007,0.007,0.008,2
2285081.11,2.091,5.43,-8.333,0.008,0.007,0.01,2
2285081.12,2.067,5.431,-8.333,0.009,0.008,0.01,2
2285081.13,2.064,5.42,-8.331,0.009,0.009,0.009,2
2285081.14,2.05,5.403,-8.296,0.01,0.009,0.004,2
2285081.15,2.059,5.394,-8.303,0.012,0.009,0.003,2
2285081.16,2.108,5.382,-8.324,0.013,0.01,0.002,2
2285081.17,2.119,5.378,-8.34,0.015,0.01,0.003,2
2285081.18,2.139,5.392,-8.37,0.012,0.01,0.004,2
2285081.19,2.135,5.413,-8.384,0.013,0.01,0.004,2
2285081.2,2.115,5.436,-8.381,0.01,0.009,0.004,2
2285081.21,2.101,5.439,-8.373,0.009,0.011,0.004,2
2285081.22,2.097,5.457,-8.35,0.009,0.01,0.005,2
2285081.23,2.109,5.446,-8.334,0.01,0.012,0.005,2
2285081.24,2.114,5.428,-8.326,0.011,0.012,0.005,2
2285081.25,2.13,5.392,-8.323,0.012,0.011,0.005,2
2285081.259,2.126,5.399,-8.331,0.011,0.008,0.007,2
2285081.27,2.13,5.406,-8.326,0.012,0.006,0.007,2
2285081.28,2.13,5.402,-8.331,0.011,0.006,0.008,2
2285081.29,2.101,5.433,-8.339,0.012,0.005,0.007,2
2285081.3,2.096,5.435,-8.331,0.012,0.007,0.007,2
2285081.31,2.081,5.419,-8.32,0.01,0.009,0.007,2
2285081.32,2.094,5.397,-8.334,0.012,0.009,0.005,2
2285081.33,2.098,5.382,-8.359,0.012,0.01,0.006,2
2285081.34,2.106,5.348,-8.375,0.012,0.012,0.005,2
2285081.35,2.122,5.364,-8.373,0.013,0.013,0.004,2
2285081.36,2.131,5.396,-8.383,0.012,0.013,0.003,2
2285081.369,2.157,5.421,-8.387,0.01,0.012,0.002,2
2285081.379,2.173,5.432,-8.391,0.01,0.011,0.003,2
2285081.389,2.159,5.436,-8.381,0.007,0.011,0.004,2
2285081.399,2.137,5.413,-8.369,0.005,0.011,0.004,2
2285081.409,2.112,5.426,-8.346,0.007,0.01,0.004,2
2285081.419,2.091,5.406,-8.329,0.007,0.009,0.005,2
2285081.429,2.089,5.381,-8.317,0.007,0.012,0.006,2
2285081.445,2.104,5.396,-8.307,0.008,0.01,0.005,2
2285081.46,2.128,5.41,-8.307,0.009,0.009,0.007,2
2285081.47,2.136,5.433,-8.318,0.009,0.008,0.005,2
2285081.479,2.136,5.433,-8.318,0.009,0.007,0.004,2
2285081.489,2.148,5.437,-8.33,0.009,0.008,0.004,2
2285081.5,2.162,5.449,-8.342,0.011,0.008,0.003,2
2285081.51,2.137,5.45,-8.352,0.011,0.006,0.004,2
2285081.52,2.097,5.427,-8.348,0.01,0.007,0.005,2
2285081.53,2.085,5.436,-8.336,0.01,0.007,0.005,2
2285081.54,2.079,5.436,-8.331,0.011,0.007,0.007,2
2285081.55,2.086,5.439,-8.329,0.009,0.007,0.005,2
2285081.561,2.096,5.439,-8.331,0.01,0.009,0.005,2
2285081.57,2.104,5.438,-8.331,0.011,0.009,0.005,2
2285081.579,2.117,5.427,-8.317,0.01,0.01,0.004,2
2285081.589,2.122,5.409,-8.334,0.01,0.009,0.004,2
2285081.6,2.14,5.41,-8.347,0.01,0.01,0.004,2
2285081.61,2.14,5.411,-8.348,0.01,0.009,0.005,2
2285081.62,2.131,5.408,-8.341,0.009,0.008,0.005,2
2285081.63,2.135,5.409,-8.344,0.01,0.007,0.005,2
2285081.64,2.128,5.406,-8.334,0.01,0.006,0.006,2
2285081.65,2.13,5.419,-8.328,0.009,0.007,0.006,2
2285081.659,2.117,5.43,-8.326,0.01,0.007,0.006,2
2285081.67,2.119,5.421,-8.319,0.01,0.007,0.007,2
2285081.68,2.111,5.427,-8.326,0.012,0.008,0.006,2
2285081.69,2.098,5.442,-8.35,0.012,0.008,0.006,2
2285081.699,2.1,5.422,-8.33,0.012,0.009,0.005,2
2285081.71,2.1,5.422,-8.33,0.013,0.008,0.006,2
2285081.72,2.094,5.424,-8.339,0.01,0.008,0.005,2
2285081.73,2.106,5.425,-8.342,0.012,0.009,0.006,2
2285081.74,2.109,5.411,-8.34,0.01,0.009,0.005,2
2285081.75,2.112,5.426,-8.342,0.01,0.01,0.005,2
2285081.76,2.122,5.428,-8.324,0.01,0.009,0.005,2
2285081.77,2.122,5.447,-8.32,0.009,0.009,0.007,2
2285081.78,2.129,5.458,-8.328,0.011,0.007,0.005,2
2285081.79,2.125,5.45,-8.314,0.009,0.009,0.005,2
2285081.8,2.12,5.443,-8.314,0.012,0.009,0.007,2
2285081.81,2.119,5.425,-8.312,0.012,0.007,0.007,2
2285081.82,2.12,5.428,-8.315,0.012,0.009,0.008,2
2285081.83,2.125,5.422,-8.325,0.012,0.009,0.007,2
2285081.84,2.122,5.409,-8.339,0.013,0.009,0.007,2
2285081.85,2.123,5.4,-8.337,0.013,0.008,0.007,2
2285081.86,2.128,5.4,-8.342,0.014,0.008,0.007,2
2285081.87,2.133,5.409,-8.342,0.012,0.007,0.007,2
2285081.88,2.141,5.421,-8.357,0.013,0.007,0.009,2
2285081.89,2.137,5.437,-8.362,0.012,0.009,0.008,2
2285081.9,2.137,5.449,-8.354,0.013,0.007,0.009,2
2285081.909,2.124,5.464,-8.319,0.012,0.006,0.009,2
2285081.92,2.124,5.464,-8.319,0.012,0.006,0.009,2
2285081.93,2.119,5.448,-8.296,0.012,0.005,0.009,2
2285081.94,2.103,5.465,-8.306,0.012,0.005,0.007,2
2285081.95,2.106,5.442,-8.307,0.012,0.005,0.007,2
2285081.96,2.122,5.442,-8.319,0.013,0.006,0.007,2
2285081.97,2.131,5.421,-8.336,0.012,0.007,0.005,2
2285081.98,2.145,5.409,-8.363,0.013,0.007,0.005,2
2285081.99,2.131,5.398,-8.353,0.014,0.009,0.004,2
2285082,2.152,5.374,-8.359,0.012,0.007,0.005,2
2285082.01,2.133,5.345,-8.37,0.012,0.007,0.004,2
2285082.02,2.139,5.347,-8.384,0.011,0.008,0.004,2
2285082.03,2.128,5.344,-8.369,0.009,0.007,0.005,2
2285082.04,2.128,5.371,-8.351,0.007,0.009,0.005,2
2285082.05,2.108,5.386,-8.335,0.011,0.007,0.006,2
2285082.059,2.113,5.426,-8.317,0.01,0.006,0.006,2
2285082.07,2.122,5.446,-8.292,0.011,0.007,0.007,2
2285082.08,2.119,5.457,-8.303,0.01,0.007,0.007,2
2285082.09,2.13,5.458,-8.317,0.012,0.007,0.007,2
2285082.099,2.12,5.454,-8.308,0.013,0.007,0.006,2
2285082.11,2.107,5.441,-8.298,0.014,0.008,0.007,2
2285082.12,2.111,5.458,-8.319,0.013,0.007,0.007,2
2285082.13,2.096,5.447,-8.328,0.012,0.007,0.007,2
2285082.14,2.096,5.458,-8.331,0.011,0.007,0.008,2
2285082.151,2.125,5.48,-8.34,0.012,0.006,0.007,2
2285082.159,2.125,5.48,-8.34,0.012,0.007,0.007,2
2285082.17,2.137,5.459,-8.351,0.01,0.007,0.006,2
2285082.18,2.148,5.433,-8.339,0.011,0.007,0.004,2
2285082.19,2.134,5.42,-8.345,0.012,0.007,0.004,2
2285082.199,2.13,5.404,-8.334,0.012,0.005,0.004,2
2285082.21,2.119,5.388,-8.32,0.012,0.004,0.004,2
2285082.22,2.106,5.391,-8.323,0.013,0.004,0.005,2
2285082.23,2.117,5.396,-8.318,0.013,0.006,0.005,2
2285082.24,2.126,5.386,-8.322,0.013,0.005,0.006,2
2285082.25,2.133,5.387,-8.32,0.012,0.006,0.004,2
2285082.259,2.125,5.386,-8.322,0.013,0.007,0.004,2
2285082.27,2.135,5.378,-8.336,0.013,0.007,0.005,2
2285082.28,2.137,5.383,-8.334,0.012,0.007,0.004,2
2285082.29,2.14,5.394,-8.323,0.011,0.007,0.004,2
2285082.299,2.126,5.398,-8.336,0.011,0.009,0.002,2
2285082.31,2.134,5.408,-8.339,0.011,0.01,0.002,2
2285082.32,2.119,5.417,-8.342,0.01,0.01,0.003,2
2285082.33,2.109,5.411,-8.342,0.012,0.01,0.001,2
2285082.34,2.089,5.403,-8.347,0.01,0.01,0,2
2285082.351,2.118,5.421,-8.344,0.01,0.011,0.001,2
2285082.359,2.118,5.421,-8.344,0.009,0.01,0.001,2
2285082.37,2.122,5.438,-8.346,0.008,0.01,0.002,2
2285082.38,2.135,5.479,-8.337,0.006,0.009,0.004,2
2285082.39,2.125,5.49,-8.33,0.005,0.009,0.004,2
2285082.4,2.12,5.502,-8.303,0.007,0.01,0.005,2
2285082.41,2.113,5.499,-8.306,0.007,0.01,0.004,2
2285082.42,2.123,5.481,-8.301,0.009,0.01,0.005,2
2285082.43,2.119,5.455,-8.303,0.01,0.009,0.005,2
2285082.44,2.123,5.428,-8.296,0.012,0.009,0.004,2
2285082.45,2.123,5.422,-8.311,0.013,0.008,0.005,2
2285082.459,2.104,5.411,-8.324,0.012,0.007,0.004,2
2285082.47,2.097,5.413,-8.33,0.013,0.007,0.005,2
2285082.48,2.091,5.42,-8.323,0.011,0.01,0.006,2
2285082.49,2.084,5.432,-8.319,0.012,0.01,0.007,2
2285082.5,2.1,5.421,-8.323,0.012,0.012,0.009,2
2285082.51,2.097,5.432,-8.324,0.011,0.011,0.007,2
2285082.52,2.117,5.443,-8.314,0.01,0.012,0.007,2
2285082.53,2.12,5.444,-8.319,0.009,0.01,0.008,2
2285082.54,2.136,5.439,-8.335,0.011,0.009,0.007,2
2285082.55,2.139,5.444,-8.32,0.012,0.009,0.007,2
2285082.56,2.135,5.461,-8.344,0.01,0.007,0.007,2
2285082.569,2.128,5.472,-8.319,0.011,0.009,0.006,2
2285082.58,2.131,5.479,-8.333,0.012,0.007,0.007,2
2285082.59,2.126,5.468,-8.317,0.012,0.006,0.008,2
2285082.6,2.144,5.465,-8.318,0.012,0.006,0.007,2
2285082.61,2.131,5.432,-8.314,0.012,0.007,0.005,2
2285082.62,2.157,5.417,-8.325,0.014,0.005,0.007,2
2285082.63,2.144,5.41,-8.345,0.012,0.006,0.005,2
2285082.64,2.162,5.414,-8.34,0.013,0.005,0.005,2
2285082.65,2.151,5.427,-8.345,0.011,0.005,0.005,2
2285082.66,2.135,5.438,-8.346,0.014,0.004,0.007,2
2285082.67,2.134,5.436,-8.335,0.014,0.004,0.006,2
2285082.68,2.115,5.437,-8.33,0.012,0.004,0.007,2
2285082.69,2.106,5.415,-8.323,0.013,0.006,0.007,2
2285082.7,2.101,5.399,-8.331,0.012,0.006,0.007,2
2285082.71,2.096,5.388,-8.329,0.012,0.007,0.007,2
2285082.72,2.101,5.408,-8.336,0.012,0.007,0.008,2
2285082.73,2.104,5.433,-8.344,0.012,0.009,0.007,2
2285082.74,2.125,5.446,-8.331,0.01,0.006,0.007,2
2285082.75,2.128,5.471,-8.329,0.012,0.008,0.006,2
2285082.76,2.135,5.481,-8.326,0.012,0.005,0.007,2
2285082.77,2.14,5.472,-8.33,0.01,0.006,0.006,2
2285082.78,2.134,5.485,-8.326,0.009,0.006,0.005,2
2285082.79,2.124,5.466,-8.315,0.01,0.005,0.005,2
2285082.8,2.112,5.438,-8.315,0.011,0.007,0.006,2
2285082.81,2.108,5.422,-8.317,0.012,0.005,0.005,2
2285082.82,2.109,5.404,-8.315,0.013,0.007,0.005,2
2285082.83,2.115,5.416,-8.313,0.014,0.006,0.006,2
2285082.84,2.125,5.409,-8.32,0.012,0.007,0.006,2
2285082.85,2.129,5.406,-8.328,0.01,0.007,0.005,2
2285082.86,2.129,5.41,-8.336,0.01,0.005,0.007,2
2285082.87,2.131,5.42,-8.336,0.012,0.007,0.006,2
2285082.881,2.126,5.417,-8.334,0.011,0.007,0.006,2
2285082.89,2.128,5.435,-8.319,0.01,0.005,0.006,2
2285082.9,2.119,5.441,-8.324,0.012,0.005,0.007,2
2285082.91,2.114,5.443,-8.326,0.012,0.005,0.007,2
2285082.92,2.108,5.444,-8.324,0.011,0.004,0.008,2
2285082.93,2.117,5.449,-8.312,0.012,0.005,0.007,2
2285082.94,2.112,5.444,-8.326,0.011,0.005,0.007,2
2285082.95,2.12,5.45,-8.306,0.012,0.007,0.007,2
2285082.959,2.104,5.447,-8.322,0.013,0.005,0.007,2
2285082.969,2.115,5.447,-8.322,0.012,0.005,0.005,2
2285082.98,2.114,5.449,-8.328,0.013,0.005,0.006,2
2285082.99,2.118,5.457,-8.32,0.011,0.007,0.006,2
2285083,2.123,5.454,-8.32,0.013,0.006,0.006,2
2285083.01,2.115,5.458,-8.306,0.013,0.006,0.006,2
2285083.02,2.112,5.455,-8.314,0.012,0.005,0.007,2
2285083.03,2.109,5.455,-8.303,0.013,0.007,0.009,2
2285083.04,2.085,5.437,-8.315,0.015,0.007,0.008,2
2285083.05,2.09,5.443,-8.312,0.014,0.006,0.009,2
2285083.06,2.096,5.432,-8.326,0.015,0.006,0.009,2
2285083.07,2.106,5.424,-8.33,0.015,0.007,0.009,2
2285083.079,2.117,5.417,-8.329,0.013,0.007,0.01,2
2285083.09,2.119,5.408,-8.333,0.012,0.007,0.009,2
2285083.1,2.125,5.41,-8.339,0.015,0.007,0.01,2
2285083.11,2.14,5.422,-8.35,0.014,0.008,0.009,2
2285083.12,2.126,5.408,-8.358,0.013,0.007,0.009,2
2285083.13,2.15,5.425,-8.35,0.013,0.007,0.01,2
2285083.14,2.147,5.415,-8.353,0.014,0.007,0.01,2
2285083.15,2.144,5.433,-8.351,0.013,0.007,0.008,2
2285083.16,2.147,5.438,-8.348,0.01,0.007,0.008,2
2285083.169,2.15,5.444,-8.348,0.01,0.007,0.007,2
2285083.179,2.146,5.444,-8.344,0.012,0.005,0.005,2
2285083.19,2.142,5.449,-8.339,0.011,0.004,0.005,2
2285083.2,2.147,5.458,-8.337,0.011,0.004,0.005,2
2285083.21,2.125,5.448,-8.331,0.012,0.004,0.006,2
2285083.22,2.114,5.446,-8.312,0.012,0.004,0.005,2
2285083.23,2.087,5.433,-8.303,0.011,0.004,0.006,2
2285083.24,2.086,5.409,-8.306,0.012,0.004,0.006,2
2285083.25,2.084,5.417,-8.297,0.012,0.007,0.007,2
2285083.26,2.098,5.415,-8.319,0.013,0.007,0.007,2
2285083.269,2.108,5.396,-8.331,0.014,0.007,0.008,2
2285083.28,2.114,5.404,-8.331,0.013,0.005,0.007,2
2285083.289,2.113,5.43,-8.344,0.012,0.005,0.007,2
2285083.3,2.12,5.443,-8.347,0.012,0.005,0.006,2
2285083.31,2.111,5.446,-8.352,0.011,0.006,0.007,2
2285083.32,2.111,5.457,-8.352,0.013,0.007,0.007,2
2285083.33,2.109,5.439,-8.341,0.012,0.007,0.007,2
2285083.34,2.108,5.419,-8.33,0.012,0.008,0.007,2
2285083.35,2.123,5.409,-8.344,0.014,0.007,0.007,2
2285083.36,2.123,5.4,-8.337,0.013,0.006,0.007,2
2285083.371,2.133,5.4,-8.351,0.012,0.006,0.007,2
2285083.38,2.126,5.41,-8.345,0.012,0.006,0.007,2
2285083.39,2.107,5.426,-8.344,0.011,0.007,0.008,2
2285083.4,2.113,5.448,-8.314,0.01,0.006,0.007,2
2285083.41,2.101,5.471,-8.325,0.011,0.005,0.008,2
2285083.42,2.085,5.471,-8.307,0.012,0.007,0.008,2
2285083.43,2.094,5.46,-8.326,0.012,0.006,0.007,2
2285083.44,2.08,5.435,-8.322,0.012,0.007,0.007,2
2285083.45,2.106,5.425,-8.35,0.013,0.008,0.006,2
2285083.46,2.114,5.391,-8.358,0.011,0.008,0.005,2
2285083.471,2.114,5.405,-8.361,0.013,0.007,0.005,2
2285083.48,2.118,5.406,-8.356,0.01,0.006,0.005,2
2285083.49,2.122,5.405,-8.353,0.009,0.007,0.005,2
2285083.5,2.131,5.41,-8.337,0.01,0.007,0.005,2
2285083.51,2.13,5.417,-8.336,0.009,0.007,0.006,2
2285083.519,2.15,5.415,-8.335,0.008,0.007,0.005,2
2285083.54,2.12,5.431,-8.323,0.01,0.004,0.007,2
2285083.55,2.098,5.438,-8.32,0.01,0.005,0.007,2
2285083.56,2.095,5.447,-8.312,0.01,0.004,0.006,2
2285083.569,2.091,5.461,-8.315,0.011,0.006,0.007,2
2285083.579,2.081,5.444,-8.308,0.012,0.005,0.007,2
2285083.589,2.076,5.441,-8.311,0.013,0.004,0.007,2
2285083.6,2.073,5.433,-8.323,0.014,0.006,0.008,2
2285083.61,2.068,5.435,-8.323,0.013,0.006,0.008,2
2285083.619,2.084,5.433,-8.328,0.013,0.007,0.007,2
2285083.629,2.09,5.421,-8.336,0.012,0.007,0.008,2
2285083.64,2.1,5.437,-8.339,0.013,0.007,0.007,2
2285083.65,2.111,5.442,-8.345,0.011,0.009,0.007,2
2285083.66,2.114,5.448,-8.345,0.01,0.009,0.006,2
2285083.671,2.128,5.46,-8.351,0.01,0.007,0.005,2
2285083.68,2.119,5.437,-8.342,0.01,0.008,0.005,2
2285083.689,2.113,5.433,-8.335,0.011,0.008,0.006,2
2285083.699,2.097,5.42,-8.336,0.011,0.008,0.006,2
2285083.709,2.106,5.417,-8.326,0.011,0.009,0.005,2
2285083.72,2.1,5.422,-8.345,0.012,0.007,0.007,2
2285083.73,2.104,5.399,-8.324,0.013,0.009,0.006,2
2285083.74,2.115,5.404,-8.319,0.012,0.008,0.007,2
2285083.75,2.137,5.419,-8.351,0.013,0.007,0.007,2
2285083.76,2.133,5.406,-8.346,0.013,0.007,0.007,2
2285083.769,2.141,5.406,-8.361,0.011,0.005,0.005,2
2285083.78,2.139,5.426,-8.353,0.012,0.005,0.007,2
2285083.789,2.118,5.426,-8.354,0.011,0.005,0.006,2
2285083.8,2.109,5.431,-8.345,0.011,0.006,0.007,2
2285083.81,2.086,5.431,-8.341,0.009,0.005,0.007,2
2285083.82,2.097,5.422,-8.336,0.01,0.005,0.006,2
2285083.83,2.087,5.427,-8.328,0.009,0.005,0.007,2
2285083.84,2.095,5.41,-8.328,0.01,0.005,0.005,2
2285083.85,2.097,5.41,-8.339,0.01,0.005,0.005,2
2285083.859,2.091,5.409,-8.333,0.011,0.007,0.005,2
2285083.87,2.096,5.436,-8.333,0.01,0.007,0.005,2
2285083.879,2.098,5.444,-8.339,0.009,0.007,0.006,2
2285083.889,2.103,5.437,-8.339,0.012,0.007,0.005,2
2285083.9,2.1,5.448,-8.341,0.011,0.007,0.007,2
2285083.91,2.089,5.433,-8.319,0.01,0.007,0.006,2
2285083.92,2.08,5.427,-8.313,0.01,0.006,0.005,2
2285083.93,2.08,5.432,-8.304,0.012,0.007,0.005,2
2285083.939,2.087,5.421,-8.3,0.01,0.007,0.005,2
2285083.95,2.094,5.425,-8.333,0.011,0.007,0.005,2
2285083.96,2.113,5.422,-8.331,0.013,0.01,0.007,2
2285083.97,2.106,5.438,-8.308,0.012,0.008,0.007,2
2285083.98,2.106,5.435,-8.323,0.012,0.01,0.007,2
2285083.989,2.117,5.431,-8.329,0.012,0.008,0.007,2
2285084,2.112,5.42,-8.328,0.012,0.009,0.009,2
2285084.01,2.123,5.427,-8.336,0.012,0.007,0.008,2
2285084.02,2.115,5.435,-8.333,0.011,0.009,0.008,2
2285084.03,2.115,5.457,-8.351,0.012,0.008,0.007,2
2285084.039,2.117,5.47,-8.337,0.012,0.009,0.007,2
2285084.05,2.117,5.461,-8.331,0.01,0.008,0.006,2
2285084.06,2.107,5.457,-8.34,0.012,0.007,0.005,2
2285084.07,2.107,5.435,-8.33,0.012,0.006,0.005,2
2285084.08,2.092,5.424,-8.342,0.012,0.007,0.003,2
2285084.089,2.083,5.409,-8.344,0.012,0.009,0.002,2
2285084.1,2.09,5.388,-8.344,0.011,0.009,0.005,2
2285084.11,2.094,5.383,-8.345,0.012,0.01,0.005,2
2285084.12,2.106,5.392,-8.342,0.009,0.009,0.005,2
2285084.13,2.111,5.393,-8.334,0.01,0.01,0.005,2
2285084.139,2.133,5.406,-8.346,0.009,0.01,0.005,2
2285084.15,2.133,5.406,-8.336,0.009,0.01,0.005,2
2285084.16,2.131,5.417,-8.346,0.009,0.01,0.004,2
2285084.17,2.117,5.422,-8.345,0.009,0.007,0.005,2
2285084.18,2.102,5.437,-8.329,0.009,0.007,0.006,2
2285084.189,2.103,5.439,-8.335,0.009,0.007,0.006,2
2285084.199,2.097,5.444,-8.333,0.009,0.007,0.005,2
2285084.209,2.097,5.46,-8.33,0.01,0.009,0.005,2
2285084.22,2.113,5.454,-8.329,0.01,0.007,0.005,2
2285084.23,2.103,5.428,-8.335,0.009,0.008,0.004,2
2285084.24,2.102,5.431,-8.341,0.01,0.008,0.004,2
2285084.25,2.104,5.421,-8.335,0.009,0.009,0.005,2
2285084.26,2.108,5.421,-8.325,0.01,0.01,0.005,2
2285084.269,2.104,5.427,-8.334,0.008,0.009,0.006,2
2285084.28,2.095,5.432,-8.334,0.01,0.009,0.005,2
2285084.29,2.113,5.432,-8.328,0.011,0.009,0.004,2
2285084.3,2.115,5.453,-8.328,0.01,0.009,0.005,2
2285084.31,2.092,5.446,-8.323,0.009,0.005,0.005,2
2285084.32,2.087,5.464,-8.309,0.01,0.007,0.007,2
2285084.33,2.101,5.449,-8.34,0.009,0.008,0.004,2
2285084.34,2.098,5.438,-8.337,0.012,0.007,0.005,2
2285084.35,2.109,5.436,-8.339,0.011,0.009,0.005,2
2285084.36,2.107,5.431,-8.342,0.011,0.008,0.005,2
2285084.37,2.119,5.427,-8.33,0.01,0.009,0.004,2
2285084.381,2.113,5.42,-8.333,0.009,0.007,0.005,2
2285084.39,2.111,5.419,-8.335,0.012,0.007,0.006,2
2285084.399,2.102,5.415,-8.335,0.01,0.007,0.005,2
2285084.409,2.1,5.425,-8.335,0.011,0.008,0.006,2
2285084.42,2.095,5.422,-8.334,0.012,0.009,0.005,2
2285084.43,2.097,5.417,-8.33,0.012,0.008,0.006,2
2285084.44,2.091,5.413,-8.326,0.012,0.009,0.006,2
2285084.45,2.108,5.415,-8.324,0.011,0.008,0.006,2
2285084.46,2.096,5.413,-8.34,0.009,0.009,0.006,2
2285084.469,2.103,5.421,-8.344,0.01,0.009,0.006,2
2285084.48,2.098,5.431,-8.353,0.01,0.008,0.005,2
2285084.49,2.101,5.438,-8.342,0.01,0.008,0.005,2
2285084.5,2.106,5.438,-8.346,0.009,0.009,0.005,2
2285084.51,2.089,5.452,-8.328,0.01,0.01,0.003,2
2285084.52,2.089,5.448,-8.33,0.01,0.009,0.004,2
2285084.53,2.103,5.457,-8.337,0.01,0.009,0.004,2
2285084.54,2.097,5.431,-8.341,0.01,0.009,0.004,2
2285084.55,2.112,5.42,-8.325,0.009,0.009,0.005,2
2285084.56,2.107,5.427,-8.315,0.009,0.009,0.005,2
2285084.57,2.096,5.406,-8.329,0.01,0.008,0.006,2
2285084.579,2.097,5.409,-8.33,0.01,0.008,0.005,2
2285084.589,2.09,5.425,-8.326,0.009,0.008,0.005,2
2285084.6,2.096,5.442,-8.326,0.011,0.009,0.004,2
2285084.61,2.109,5.446,-8.34,0.011,0.009,0.004,2
2285084.62,2.102,5.442,-8.329,0.011,0.01,0.005,2
2285084.63,2.107,5.438,-8.324,0.012,0.009,0.006,2
2285084.64,2.111,5.42,-8.339,0.011,0.01,0.006,2
2285084.65,2.115,5.411,-8.335,0.011,0.009,0.005,2
2285084.66,2.12,5.413,-8.345,0.01,0.01,0.006,2
2285084.669,2.101,5.419,-8.359,0.01,0.01,0.005,2
2285084.68,2.109,5.417,-8.333,0.009,0.01,0.005,2
2285084.69,2.123,5.454,-8.33,0.009,0.01,0.004,2
2285084.7,2.112,5.468,-8.326,0.009,0.009,0.004,2
2285084.71,2.103,5.477,-8.324,0.009,0.011,0.003,2
2285084.72,2.118,5.486,-8.328,0.01,0.009,0.003,2
2285084.73,2.108,5.459,-8.335,0.009,0.009,0.002,2
2285084.74,2.109,5.446,-8.328,0.009,0.009,0.003,2
2285084.75,2.089,5.424,-8.331,0.01,0.01,0.003,2
2285084.76,2.086,5.4,-8.325,0.01,0.01,0.004,2
2285084.79,2.115,5.414,-8.311,0.009,0.009,0.005,2
2285084.799,2.108,5.416,-8.331,0.009,0.01,0.005,2
2285084.809,2.114,5.427,-8.329,0.009,0.009,0.005,2
2285084.82,2.113,5.433,-8.325,0.01,0.009,0.005,2
2285084.83,2.119,5.432,-8.33,0.009,0.01,0.005,2
2285084.84,2.111,5.438,-8.336,0.009,0.01,0.004,2
2285084.85,2.104,5.446,-8.334,0.009,0.008,0.006,2
2285084.86,2.101,5.46,-8.328,0.008,0.01,0.005,2
2285084.87,2.09,5.472,-8.328,0.009,0.007,0.005,2
2285084.88,2.106,5.461,-8.325,0.011,0.008,0.005,2
2285084.891,2.108,5.463,-8.319,0.01,0.008,0.005,2
2285084.9,2.109,5.454,-8.325,0.01,0.009,0.005,2
2285084.91,2.107,5.439,-8.325,0.01,0.01,0.005,2
2285084.92,2.097,5.433,-8.337,0.01,0.009,0.006,2
2285084.93,2.094,5.438,-8.323,0.009,0.009,0.005,2
2285084.94,2.096,5.439,-8.324,0.01,0.009,0.005,2
2285084.95,2.097,5.438,-8.319,0.01,0.009,0.005,2
2285084.96,2.103,5.45,-8.329,0.011,0.009,0.005,2
2285084.97,2.117,5.442,-8.322,0.011,0.008,0.005,2
2285084.981,2.107,5.441,-8.331,0.011,0.009,0.005,2
2285084.99,2.102,5.45,-8.331,0.01,0.009,0.005,2
2285084.999,2.107,5.452,-8.334,0.01,0.007,0.005,2
2285085.01,2.109,5.457,-8.324,0.011,0.006,0.006,2
2285085.019,2.112,5.449,-8.323,0.009,0.009,0.007,2
2285085.03,2.101,5.442,-8.322,0.01,0.009,0.007,2
2285085.039,2.114,5.436,-8.334,0.01,0.007,0.007,2
2285085.049,2.117,5.426,-8.328,0.012,0.007,0.006,2
2285085.06,2.119,5.432,-8.326,0.012,0.007,0.006,2
2285085.069,2.131,5.424,-8.33,0.012,0.006,0.005,2
2285085.081,2.12,5.43,-8.337,0.01,0.007,0.005,2
2285085.091,2.123,5.442,-8.334,0.009,0.007,0.005,2
2285085.099,2.115,5.441,-8.331,0.011,0.007,0.006,2
2285085.109,2.108,5.45,-8.319,0.008,0.007,0.006,2
2285085.119,2.1,5.448,-8.315,0.011,0.008,0.005,2
2285085.129,2.1,5.461,-8.314,0.01,0.007,0.006,2
2285085.139,2.085,5.437,-8.312,0.012,0.005,0.006,2
2285085.149,2.097,5.449,-8.318,0.012,0.005,0.007,2
2285085.159,2.103,5.449,-8.313,0.012,0.007,0.007,2
2285085.169,2.101,5.439,-8.324,0.011,0.007,0.006,2
2285085.18,2.102,5.432,-8.333,0.011,0.008,0.007,2
2285085.189,2.106,5.432,-8.337,0.01,0.008,0.006,2
2285085.2,2.119,5.422,-8.339,0.01,0.009,0.006,2
2285085.209,2.106,5.426,-8.339,0.01,0.009,0.005,2
2285085.219,2.102,5.421,-8.342,0.011,0.01,0.005,2
2285085.229,2.098,5.424,-8.334,0.01,0.008,0.006,2
2285085.239,2.097,5.422,-8.329,0.01,0.01,0.006,2
2285085.249,2.096,5.439,-8.318,0.011,0.009,0.007,2
2285085.259,2.101,5.446,-8.337,0.01,0.007,0.008,2
2285085.269,2.119,5.453,-8.311,0.01,0.007,0.008,2
2285085.289,2.107,5.466,-8.309,0.012,0.007,0.009,2
2285085.299,2.089,5.469,-8.304,0.01,0.007,0.01,2
2285085.309,2.081,5.475,-8.303,0.012,0.009,0.01,2
2285085.32,2.081,5.481,-8.312,0.013,0.009,0.01,2
2285085.329,2.078,5.471,-8.306,0.013,0.009,0.009,2
2285085.339,2.086,5.469,-8.311,0.013,0.007,0.007,2
2285085.349,2.108,5.463,-8.333,0.013,0.008,0.008,2
2285085.369,2.147,5.465,-8.352,0.013,0.008,0.007,2
2285085.379,2.141,5.436,-8.333,0.012,0.007,0.007,2
2285085.389,2.125,5.432,-8.333,0.012,0.007,0.007,2
2285085.399,2.113,5.449,-8.32,0.012,0.007,0.005,2
2285085.409,2.107,5.449,-8.32,0.011,0.007,0.004,2
2285085.419,2.103,5.45,-8.298,0.012,0.005,0.004,2
2285085.429,2.094,5.468,-8.312,0.012,0.006,0.004,2
2285085.439,2.08,5.469,-8.318,0.013,0.006,0.005,2
2285085.449,2.094,5.446,-8.335,0.012,0.006,0.005,2
2285085.459,2.081,5.436,-8.331,0.012,0.007,0.007,2
2285085.469,2.092,5.443,-8.35,0.011,0.009,0.006,2
2285085.479,2.086,5.416,-8.339,0.01,0.009,0.006,2
2285085.489,2.108,5.416,-8.354,0.01,0.01,0.005,2
2285085.5,2.107,5.403,-8.341,0.009,0.01,0.005,2
2285085.509,2.117,5.405,-8.335,0.01,0.01,0.005,2
2285085.52,2.133,5.4,-8.324,0.01,0.01,0.005,2
2285085.53,2.142,5.419,-8.324,0.007,0.009,0.005,2
2285085.539,2.148,5.421,-8.324,0.009,0.01,0.005,2
2285085.549,2.14,5.428,-8.307,0.009,0.01,0.005,2
2285085.559,2.14,5.439,-8.317,0.011,0.009,0.005,2
2285085.569,2.144,5.461,-8.309,0.009,0.009,0.005,2
2285085.58,2.115,5.463,-8.312,0.009,0.008,0.005,2
2285085.59,2.098,5.469,-8.317,0.01,0.008,0.005,2
2285085.599,2.087,5.474,-8.313,0.01,0.007,0.005,2
2285085.609,2.113,5.464,-8.311,0.012,0.005,0.007,2
2285085.62,2.114,5.438,-8.295,0.01,0.007,0.007,2
2285085.63,2.109,5.432,-8.302,0.011,0.005,0.007,2
2285085.64,2.113,5.43,-8.293,0.011,0.007,0.006,2
2285085.65,2.123,5.439,-8.306,0.012,0.007,0.005,2
2285085.66,2.119,5.457,-8.311,0.012,0.007,0.005,2
2285085.67,2.114,5.464,-8.329,0.011,0.007,0.005,2
2285085.68,2.114,5.485,-8.328,0.012,0.007,0.005,2
2285085.69,2.113,5.491,-8.319,0.01,0.006,0.005,2
2285085.7,2.111,5.492,-8.323,0.013,0.006,0.007,2
2285085.71,2.102,5.488,-8.328,0.01,0.007,0.006,2
2285085.72,2.092,5.49,-8.328,0.011,0.006,0.006,2
2285085.73,2.087,5.465,-8.32,0.012,0.007,0.005,2
2285085.74,2.096,5.453,-8.33,0.012,0.007,0.005,2
2285085.75,2.089,5.422,-8.325,0.012,0.007,0.006,2
2285085.76,2.084,5.408,-8.329,0.012,0.007,0.005,2
2285085.77,2.081,5.4,-8.328,0.01,0.008,0.004,2
2285085.781,2.09,5.4,-8.339,0.01,0.011,0.004,2
2285085.79,2.106,5.416,-8.351,0.01,0.01,0.006,2
2285085.799,2.106,5.415,-8.336,0.009,0.011,0.007,2
2285085.809,2.107,5.422,-8.335,0.008,0.012,0.005,2
2285085.82,2.112,5.447,-8.312,0.008,0.011,0.007,2
2285085.83,2.114,5.454,-8.319,0.007,0.012,0.007,2
2285085.839,2.123,5.453,-8.298,0.008,0.012,0.007,2
2285085.85,2.131,5.46,-8.311,0.008,0.012,0.007,2
2285085.859,2.145,5.452,-8.314,0.009,0.01,0.005,2
2285085.87,2.142,5.446,-8.326,0.009,0.012,0.005,2
2285085.88,2.156,5.455,-8.324,0.009,0.009,0.005,2
2285085.89,2.147,5.454,-8.33,0.009,0.007,0.005,2
2285085.899,2.14,5.461,-8.324,0.009,0.008,0.005,2
2285085.909,2.13,5.471,-8.315,0.009,0.007,0.005,2
2285085.92,2.111,5.477,-8.307,0.008,0.007,0.005,2
2285085.93,2.1,5.485,-8.3,0.01,0.005,0.004,2
2285085.94,2.101,5.494,-8.306,0.01,0.005,0.006,2
2285085.95,2.098,5.48,-8.284,0.012,0.006,0.006,2
2285085.96,2.087,5.49,-8.274,0.012,0.006,0.007,2
2285085.969,2.089,5.48,-8.282,0.013,0.007,0.007,2
2285085.98,2.085,5.464,-8.279,0.012,0.006,0.006,2
2285085.989,2.086,5.472,-8.292,0.014,0.007,0.007,2
2285085.999,2.086,5.485,-8.312,0.012,0.009,0.007,2
2285086.01,2.081,5.477,-8.322,0.013,0.009,0.006,2
2285086.019,2.092,5.471,-8.341,0.012,0.009,0.007,2
2285086.029,2.098,5.469,-8.34,0.011,0.008,0.007,2
2285086.039,2.125,5.455,-8.33,0.012,0.009,0.007,2
2285086.049,2.131,5.455,-8.336,0.012,0.009,0.007,2
2285086.059,2.119,5.461,-8.319,0.012,0.009,0.007,2
2285086.069,2.133,5.452,-8.311,0.01,0.008,0.006,2
2285086.079,2.114,5.431,-8.298,0.01,0.008,0.006,2
2285086.089,2.097,5.426,-8.3,0.011,0.008,0.007,2
2285086.1,2.094,5.426,-8.302,0.01,0.007,0.007,2
2285086.11,2.091,5.436,-8.3,0.012,0.01,0.009,2
2285086.12,2.108,5.446,-8.309,0.013,0.007,0.007,2
2285086.13,2.124,5.461,-8.313,0.012,0.008,0.007,2
2285086.14,2.147,5.455,-8.315,0.012,0.01,0.007,2
2285086.15,2.147,5.446,-8.334,0.013,0.008,0.009,2
2285086.16,2.152,5.43,-8.336,0.013,0.01,0.007,2
2285086.17,2.14,5.415,-8.344,0.012,0.008,0.006,2
2285086.18,2.133,5.414,-8.348,0.01,0.009,0.006,2
2285086.19,2.126,5.428,-8.319,0.01,0.01,0.005,2
2285086.2,2.126,5.454,-8.312,0.009,0.008,0.005,2
2285086.209,2.117,5.481,-8.302,0.009,0.009,0.004,2
2285086.219,2.112,5.507,-8.289,0.009,0.007,0.005,2
2285086.229,2.104,5.515,-8.303,0.012,0.007,0.005,2
2285086.239,2.114,5.518,-8.297,0.01,0.007,0.005,2
2285086.25,2.103,5.49,-8.312,0.01,0.005,0.005,2
2285086.259,2.109,5.46,-8.307,0.009,0.006,0.004,2
2285086.27,2.098,5.425,-8.306,0.011,0.008,0.005,2
2285086.281,2.098,5.431,-8.306,0.011,0.006,0.005,2
2285086.289,2.094,5.406,-8.303,0.011,0.007,0.004,2
2285086.3,2.089,5.436,-8.297,0.012,0.007,0.005,2
2285086.314,2.096,5.433,-8.29,0.011,0.007,0.005,2
2285086.329,2.102,5.45,-8.309,0.012,0.009,0.005,2
2285086.341,2.108,5.448,-8.314,0.01,0.01,0.005,2
2285086.35,2.096,5.453,-8.312,0.01,0.01,0.006,2
2285086.362,2.109,5.463,-8.318,0.011,0.01,0.007,2
2285086.38,2.097,5.472,-8.323,0.011,0.01,0.007,2
2285086.389,2.106,5.465,-8.324,0.01,0.009,0.007,2
2285086.4,2.118,5.491,-8.313,0.01,0.008,0.007,2
2285086.409,2.13,5.499,-8.308,0.01,0.007,0.007,2
2285086.42,2.14,5.496,-8.313,0.01,0.009,0.007,2
2285086.43,2.12,5.476,-8.298,0.01,0.01,0.007,2
2285086.44,2.114,5.474,-8.3,0.009,0.009,0.005,2
2285086.45,2.118,5.468,-8.304,0.01,0.01,0.005,2
2285086.459,2.119,5.463,-8.304,0.011,0.01,0.004,2
2285086.469,2.115,5.46,-8.29,0.011,0.01,0.004,2
2285086.482,2.123,5.46,-8.282,0.011,0.009,0.005,2
2285086.49,2.108,5.457,-8.284,0.01,0.009,0.005,2
2285086.5,2.114,5.463,-8.28,0.012,0.009,0.006,2
2285086.51,2.115,5.465,-8.298,0.01,0.009,0.006,2
2285086.52,2.122,5.466,-8.292,0.012,0.01,0.008,2
2285086.53,2.126,5.483,-8.303,0.012,0.01,0.007,2
2285086.539,2.128,5.479,-8.308,0.01,0.008,0.007,2
2285086.55,2.144,5.492,-8.306,0.011,0.008,0.008,2
2285086.559,2.141,5.493,-8.309,0.011,0.007,0.007,2
2285086.57,2.12,5.476,-8.306,0.01,0.007,0.007,2
2285086.58,2.122,5.459,-8.289,0.01,0.007,0.005,2
2285086.59,2.106,5.471,-8.309,0.011,0.008,0.007,2
2285086.6,2.117,5.459,-8.292,0.012,0.009,0.005,2
2285086.61,2.124,5.454,-8.281,0.011,0.009,0.006,2
2285086.62,2.117,5.461,-8.282,0.013,0.008,0.005,2
2285086.63,2.095,5.465,-8.306,0.01,0.008,0.006,2
2285086.64,2.115,5.46,-8.295,0.011,0.009,0.005,2
2285086.65,2.107,5.468,-8.311,0.01,0.009,0.007,2
2285086.659,2.124,5.461,-8.29,0.01,0.009,0.007,2
2285086.669,2.124,5.461,-8.29,0.01,0.009,0.007,2
2285086.679,2.117,5.466,-8.282,0.011,0.009,0.007,2
2285086.69,2.119,5.461,-8.281,0.01,0.008,0.007,2
2285086.699,2.109,5.468,-8.282,0.01,0.009,0.007,2
2285086.709,2.107,5.47,-8.295,0.01,0.01,0.006,2
2285086.719,2.117,5.466,-8.281,0.01,0.01,0.007,2
2285086.729,2.114,5.47,-8.284,0.012,0.009,0.006,2
2285086.739,2.123,5.471,-8.289,0.01,0.01,0.005,2
2285086.749,2.133,5.474,-8.293,0.012,0.009,0.007,2
2285086.759,2.128,5.476,-8.295,0.012,0.009,0.007,2
2285086.769,2.131,5.476,-8.304,0.012,0.008,0.007,2
2285086.779,2.13,5.483,-8.297,0.01,0.007,0.006,2
2285086.79,2.136,5.487,-8.302,0.011,0.01,0.007,2
2285086.799,2.113,5.464,-8.295,0.011,0.009,0.006,2
2285086.81,2.111,5.475,-8.302,0.01,0.007,0.005,2
2285086.82,2.115,5.477,-8.312,0.012,0.009,0.006,2
2285086.829,2.118,5.48,-8.314,0.01,0.008,0.005,2
2285086.839,2.122,5.476,-8.295,0.011,0.007,0.005,2
2285086.85,2.133,5.48,-8.302,0.011,0.007,0.006,2
2285086.86,2.133,5.464,-8.281,0.012,0.008,0.006,2
2285086.87,2.134,5.453,-8.285,0.012,0.009,0.007,2
2285086.883,2.136,5.446,-8.295,0.012,0.009,0.007,2
2285086.899,2.128,5.463,-8.279,0.012,0.007,0.005,2
2285086.909,2.117,5.469,-8.276,0.013,0.007,0.007,2
2285086.92,2.108,5.481,-8.286,0.013,0.005,0.006,2
2285086.93,2.128,5.491,-8.29,0.012,0.007,0.008,2
2285086.94,2.124,5.485,-8.286,0.015,0.007,0.009,2
2285086.95,2.126,5.476,-8.29,0.014,0.008,0.009,2
2285086.96,2.124,5.468,-8.309,0.015,0.008,0.01,2
2285086.969,2.131,5.458,-8.317,0.013,0.007,0.009,2
2285086.979,2.12,5.458,-8.309,0.012,0.008,0.008,2
2285086.99,2.111,5.472,-8.298,0.01,0.007,0.007,2
2285087,2.104,5.485,-8.296,0.011,0.007,0.006,2
2285087.01,2.101,5.519,-8.281,0.012,0.007,0.007,2
2285087.02,2.117,5.531,-8.273,0.013,0.008,0.007,2
2285087.03,2.113,5.54,-8.27,0.013,0.006,0.007,2
2285087.04,2.117,5.526,-8.275,0.013,0.008,0.007,2
2285087.05,2.109,5.504,-8.286,0.013,0.007,0.006,2
2285087.059,2.111,5.463,-8.282,0.012,0.006,0.005,2
2285087.069,2.114,5.453,-8.274,0.013,0.005,0.006,2
2285087.08,2.129,5.427,-8.278,0.012,0.007,0.006,2
2285087.089,2.129,5.427,-8.278,0.013,0.006,0.006,2
2285087.1,2.125,5.438,-8.279,0.013,0.005,0.006,2
2285087.109,2.144,5.443,-8.291,0.012,0.005,0.006,2
2285087.119,2.14,5.453,-8.304,0.012,0.006,0.007,2
2285087.129,2.126,5.465,-8.287,0.013,0.006,0.006,2
2285087.14,2.134,5.453,-8.298,0.013,0.007,0.006,2
2285087.149,2.126,5.452,-8.291,0.013,0.005,0.007,2
2285087.16,2.136,5.455,-8.3,0.014,0.005,0.007,2
2285087.169,2.128,5.466,-8.296,0.013,0.005,0.007,2
2285087.18,2.129,5.483,-8.313,0.013,0.005,0.008,2
2285087.19,2.126,5.479,-8.3,0.011,0.005,0.007,2
2285087.199,2.129,5.486,-8.295,0.013,0.004,0.007,2
2285087.209,2.128,5.475,-8.295,0.013,0.005,0.007,2
2285087.219,2.119,5.464,-8.291,0.012,0.006,0.007,2
2285087.23,2.107,5.468,-8.295,0.01,0.006,0.006,2
2285087.239,2.114,5.47,-8.281,0.013,0.008,0.007,2
2285087.25,2.115,5.466,-8.284,0.012,0.006,0.005,2
2285087.26,2.123,5.474,-8.284,0.015,0.007,0.007,2
2285087.27,2.124,5.471,-8.276,0.013,0.007,0.007,2
2285087.28,2.124,5.491,-8.282,0.013,0.007,0.007,2
2285087.29,2.129,5.487,-8.287,0.013,0.005,0.006,2
2285087.299,2.124,5.48,-8.298,0.013,0.005,0.007,2
2285087.309,2.119,5.48,-8.289,0.013,0.005,0.008,2
2285087.32,2.131,5.48,-8.307,0.013,0.005,0.008,2
2285087.34,2.148,5.45,-8.309,0.013,0.005,0.007,2
2285087.35,2.146,5.459,-8.313,0.012,0.003,0.007,2
2285087.36,2.137,5.458,-8.307,0.013,0.004,0.007,2
2285087.37,2.128,5.459,-8.281,0.012,0.004,0.008,2
2285087.38,2.107,5.454,-8.293,0.012,0.003,0.007,2
2285087.39,2.091,5.46,-8.291,0.011,0.004,0.007,2
2285087.399,2.098,5.458,-8.287,0.013,0.005,0.007,2
2285087.409,2.086,5.452,-8.285,0.012,0.005,0.008,2
2285087.42,2.102,5.447,-8.293,0.013,0.005,0.008,2
2285087.43,2.107,5.449,-8.303,0.014,0.005,0.008,2
2285087.44,2.115,5.444,-8.293,0.013,0.006,0.009,2
2285087.449,2.124,5.464,-8.29,0.013,0.007,0.008,2
2285087.459,2.117,5.471,-8.307,0.012,0.006,0.009,2
2285087.47,2.124,5.477,-8.293,0.012,0.007,0.01,2
2285087.481,2.122,5.493,-8.29,0.012,0.006,0.009,2
2285087.49,2.125,5.485,-8.29,0.012,0.007,0.009,2
2285087.499,2.122,5.492,-8.279,0.013,0.005,0.009,2
2285087.509,2.136,5.496,-8.286,0.013,0.005,0.009,2
2285087.52,2.12,5.487,-8.281,0.015,0.006,0.009,2
2285087.529,2.126,5.46,-8.284,0.013,0.005,0.008,2
2285087.54,2.123,5.476,-8.285,0.015,0.004,0.008,2
2285087.55,2.125,5.469,-8.303,0.013,0.004,0.009,2
2285087.56,2.118,5.468,-8.301,0.015,0.004,0.009,2
2285087.57,2.115,5.472,-8.313,0.015,0.004,0.009,2
2285087.58,2.119,5.449,-8.312,0.013,0.005,0.009,2
2285087.59,2.113,5.449,-8.318,0.015,0.004,0.01,2
2285087.6,2.114,5.448,-8.311,0.014,0.004,0.008,2
2285087.61,2.118,5.439,-8.303,0.013,0.005,0.009,2
2285087.62,2.113,5.438,-8.302,0.014,0.005,0.008,2
2285087.63,2.113,5.441,-8.308,0.013,0.004,0.009,2
2285087.64,2.139,5.449,-8.315,0.013,0.005,0.008,2
2285087.65,2.133,5.444,-8.298,0.014,0.006,0.007,2
2285087.66,2.124,5.47,-8.295,0.012,0.005,0.007,2
2285087.67,2.113,5.463,-8.291,0.013,0.005,0.008,2
2285087.681,2.107,5.47,-8.308,0.014,0.005,0.008,2
2285087.699,2.114,5.454,-8.306,0.013,0.004,0.009,2
2285087.71,2.118,5.46,-8.307,0.014,0.004,0.009,2
2285087.72,2.102,5.444,-8.302,0.012,0.005,0.009,2
2285087.73,2.111,5.446,-8.301,0.012,0.006,0.009,2
2285087.74,2.117,5.449,-8.3,0.012,0.004,0.009,2
2285087.75,2.106,5.444,-8.295,0.013,0.005,0.009,2
2285087.76,2.101,5.439,-8.286,0.014,0.006,0.008,2
2285087.77,2.108,5.45,-8.3,0.013,0.006,0.009,2
2285087.78,2.108,5.449,-8.296,0.013,0.005,0.007,2
2285087.789,2.106,5.466,-8.313,0.014,0.005,0.009,2
2285087.799,2.118,5.468,-8.32,0.015,0.005,0.008,2
2285087.81,2.129,5.475,-8.312,0.015,0.005,0.007,2
2285087.819,2.131,5.475,-8.32,0.013,0.005,0.008,2
2285087.829,2.137,5.457,-8.318,0.015,0.005,0.009,2
2285087.839,2.125,5.433,-8.307,0.014,0.006,0.008,2
2285087.863,2.098,5.426,-8.304,0.013,0.005,0.009,2
2285087.879,2.123,5.461,-8.315,0.012,0.006,0.009,2
2285087.889,2.129,5.474,-8.303,0.013,0.005,0.009,2
2285087.899,2.126,5.496,-8.309,0.012,0.005,0.007,2
2285087.909,2.123,5.491,-8.312,0.012,0.005,0.007,2
2285087.92,2.112,5.472,-8.328,0.012,0.005,0.006,2
2285087.93,2.108,5.453,-8.326,0.013,0.007,0.005,2
2285087.94,2.098,5.417,-8.341,0.013,0.007,0.006,2
2285087.95,2.091,5.396,-8.322,0.014,0.005,0.005,2
2285087.96,2.107,5.396,-8.314,0.012,0.006,0.005,2
2285087.97,2.109,5.396,-8.308,0.013,0.006,0.005,2
2285087.98,2.128,5.404,-8.313,0.012,0.005,0.005,2
2285087.989,2.123,5.422,-8.309,0.011,0.006,0.006,2
2285087.999,2.129,5.42,-8.313,0.01,0.007,0.006,2
2285088.009,2.136,5.437,-8.323,0.011,0.006,0.007,2
2285088.02,2.133,5.436,-8.328,0.01,0.008,0.008,2
2285088.03,2.125,5.446,-8.317,0.01,0.007,0.006,2
2285088.04,2.115,5.465,-8.312,0.01,0.005,0.007,2
2285088.05,2.122,5.469,-8.314,0.011,0.005,0.005,2
2285088.059,2.113,5.464,-8.308,0.01,0.005,0.005,2
2285088.07,2.111,5.469,-8.324,0.011,0.004,0.005,2
2285088.08,2.112,5.474,-8.308,0.011,0.006,0.005,2
2285088.09,2.098,5.468,-8.312,0.012,0.006,0.005,2
2285088.099,2.102,5.465,-8.309,0.011,0.009,0.005,2
2285088.109,2.091,5.441,-8.309,0.012,0.007,0.006,2
2285088.12,2.087,5.436,-8.291,0.012,0.008,0.005,2
2285088.129,2.102,5.433,-8.323,0.012,0.009,0.005,2
2285088.139,2.106,5.45,-8.312,0.009,0.01,0.005,2
2285088.149,2.133,5.459,-8.307,0.01,0.009,0.004,2
2285088.16,2.137,5.461,-8.312,0.012,0.007,0.005,2
2285088.169,2.131,5.465,-8.322,0.01,0.007,0.005,2
2285088.179,2.117,5.47,-8.322,0.01,0.009,0.005,2
2285088.189,2.111,5.459,-8.306,0.01,0.007,0.006,2
2285088.199,2.111,5.452,-8.309,0.01,0.009,0.005,2
2285088.209,2.103,5.444,-8.311,0.012,0.008,0.005,2
2285088.221,2.107,5.442,-8.306,0.012,0.009,0.005,2
2285088.229,2.119,5.436,-8.322,0.012,0.008,0.005,2
2285088.239,2.124,5.431,-8.324,0.013,0.009,0.005,2
2285088.25,2.117,5.432,-8.318,0.012,0.008,0.005,2
2285088.259,2.136,5.426,-8.331,0.011,0.009,0.005,2
2285088.269,2.136,5.432,-8.324,0.011,0.007,0.005,2
2285088.28,2.13,5.431,-8.33,0.01,0.009,0.005,2
2285088.29,2.125,5.43,-8.317,0.01,0.008,0.005,2
2285088.3,2.118,5.449,-8.309,0.01,0.007,0.005,2
2285088.31,2.112,5.444,-8.304,0.01,0.007,0.005,2
2285088.32,2.111,5.455,-8.313,0.01,0.007,0.004,2
2285088.33,2.096,5.448,-8.308,0.011,0.007,0.006,2
2285088.34,2.102,5.438,-8.301,0.01,0.008,0.006,2
2285088.35,2.097,5.438,-8.309,0.01,0.009,0.005,2
2285088.36,2.096,5.441,-8.311,0.011,0.01,0.005,2
2285088.37,2.112,5.45,-8.304,0.011,0.008,0.005,2
2285088.38,2.112,5.455,-8.304,0.01,0.01,0.005,2
2285088.389,2.119,5.459,-8.297,0.012,0.009,0.005,2
2285088.399,2.112,5.468,-8.312,0.011,0.009,0.005,2
2285088.41,2.118,5.453,-8.304,0.012,0.01,0.005,2
2285088.42,2.129,5.458,-8.323,0.011,0.01,0.006,2
2285088.43,2.134,5.455,-8.315,0.012,0.01,0.005,2
2285088.44,2.141,5.449,-8.325,0.012,0.009,0.005,2
2285088.449,2.15,5.439,-8.33,0.009,0.007,0.004,2
2285088.46,2.14,5.461,-8.344,0.009,0.007,0.004,2
2285088.47,2.133,5.454,-8.323,0.012,0.005,0.004,2
2285088.479,2.118,5.464,-8.315,0.011,0.007,0.004,2
2285088.49,2.104,5.448,-8.322,0.012,0.007,0.004,2
2285088.5,2.107,5.442,-8.303,0.01,0.007,0.005,2
2285088.51,2.094,5.437,-8.3,0.011,0.008,0.005,2
2285088.52,2.086,5.432,-8.296,0.012,0.007,0.005,2
2285088.53,2.107,5.427,-8.308,0.012,0.008,0.005,2
2285088.54,2.107,5.424,-8.308,0.011,0.009,0.007,2
2285088.55,2.113,5.428,-8.302,0.011,0.008,0.005,2
2285088.56,2.124,5.43,-8.334,0.012,0.009,0.005,2
2285088.57,2.118,5.441,-8.337,0.011,0.009,0.005,2
2285088.58,2.109,5.449,-8.313,0.011,0.009,0.005,2
2285088.61,2.103,5.457,-8.319,0.01,0.009,0.006,2
2285088.62,2.111,5.449,-8.313,0.01,0.008,0.005,2
2285088.63,2.113,5.452,-8.311,0.01,0.009,0.005,2
2285088.64,2.12,5.455,-8.307,0.01,0.008,0.005,2
2285088.65,2.124,5.459,-8.308,0.011,0.009,0.005,2
2285088.66,2.12,5.459,-8.303,0.012,0.009,0.005,2
2285088.67,2.122,5.458,-8.309,0.012,0.01,0.005,2
2285088.679,2.125,5.455,-8.304,0.012,0.009,0.005,2
2285088.689,2.125,5.43,-8.308,0.012,0.01,0.005,2
2285088.699,2.125,5.421,-8.308,0.01,0.009,0.006,2
2285088.71,2.136,5.404,-8.324,0.01,0.007,0.007,2
2285088.72,2.131,5.416,-8.32,0.009,0.008,0.006,2
2285088.73,2.122,5.437,-8.329,0.009,0.008,0.004,2
2285088.74,2.139,5.457,-8.319,0.009,0.007,0.004,2
2285088.75,2.123,5.486,-8.311,0.008,0.007,0.002,2
2285088.76,2.142,5.498,-8.318,0.009,0.007,0.002,2
2285088.77,2.13,5.494,-8.307,0.01,0.005,0.002,2
2285088.78,2.103,5.476,-8.313,0.01,0.005,0.001,2
2285088.789,2.097,5.437,-8.317,0.009,0.005,0.001,2
2285088.8,2.078,5.427,-8.304,0.009,0.006,-0.001,2
2285088.81,2.072,5.404,-8.3,0.009,0.009,0,2
2285088.82,2.054,5.393,-8.304,0.009,0.01,0,2
2285088.83,2.091,5.385,-8.317,0.009,0.01,0.001,2
2285088.84,2.112,5.411,-8.308,0.007,0.011,0.002,2
2285088.85,2.134,5.415,-8.336,0.007,0.011,0.002,2
2285088.86,2.136,5.436,-8.346,0.006,0.012,0.003,2
2285088.87,2.147,5.448,-8.339,0.007,0.01,0.002,2
2285088.879,2.159,5.46,-8.336,0.006,0.011,0.002,2
2285088.889,2.155,5.46,-8.329,0.005,0.011,0.002,2
2285088.899,2.124,5.465,-8.302,0.005,0.01,0.004,2
2285088.919,2.092,5.48,-8.278,0.005,0.01,0.002,2
2285088.931,2.102,5.486,-8.28,0.007,0.007,0.002,2
2285088.939,2.104,5.486,-8.267,0.007,0.007,0.002,2
2285088.949,2.107,5.488,-8.271,0.009,0.01,0.002,2
2285088.96,2.102,5.469,-8.295,0.009,0.01,0.004,2
2285088.97,2.097,5.474,-8.293,0.007,0.01,0.003,2
2285088.98,2.102,5.48,-8.304,0.009,0.01,0.003,2
2285088.99,2.092,5.479,-8.306,0.009,0.009,0.005,2
2285088.999,2.104,5.472,-8.304,0.009,0.01,0.005,2
2285089.009,2.103,5.465,-8.289,0.008,0.011,0.004,2
2285089.02,2.109,5.464,-8.291,0.009,0.01,0.004,2
2285089.03,2.106,5.469,-8.287,0.008,0.01,0.004,2
2285089.04,2.108,5.475,-8.3,0.009,0.01,0.004,2
2285089.05,2.112,5.471,-8.302,0.01,0.011,0.004,2
2285089.06,2.109,5.474,-8.309,0.009,0.011,0.005,2
2285089.07,2.122,5.463,-8.3,0.009,0.01,0.004,2
2285089.08,2.119,5.466,-8.298,0.009,0.011,0.004,2
2285089.089,2.125,5.48,-8.303,0.01,0.01,0.004,2
2285089.1,2.13,5.465,-8.291,0.01,0.009,0.004,2
2285089.11,2.133,5.465,-8.296,0.01,0.009,0.005,2
2285089.12,2.141,5.463,-8.308,0.01,0.01,0.004,2
2285089.13,2.129,5.457,-8.295,0.011,0.009,0.004,2
2285089.14,2.142,5.457,-8.322,0.01,0.007,0.002,2
2285089.15,2.118,5.457,-8.295,0.012,0.009,0.005,2
2285089.16,2.119,5.453,-8.302,0.012,0.007,0.006,2
2285089.17,2.096,5.437,-8.296,0.012,0.009,0.005,2
2285089.179,2.09,5.45,-8.287,0.012,0.009,0.006,2
2285089.19,2.085,5.446,-8.278,0.01,0.011,0.007,2
2285089.2,2.081,5.455,-8.269,0.01,0.011,0.008,2
2285089.21,2.087,5.459,-8.268,0.011,0.012,0.008,2
2285089.22,2.091,5.464,-8.286,0.01,0.012,0.008,2
2285089.23,2.12,5.465,-8.28,0.01,0.012,0.008,2
2285089.24,2.128,5.468,-8.302,0.01,0.011,0.007,2
2285089.25,2.139,5.485,-8.319,0.01,0.012,0.007,2
2285089.26,2.151,5.497,-8.331,0.01,0.009,0.005,2
2285089.27,2.148,5.508,-8.322,0.009,0.009,0.004,2
2285089.28,2.144,5.507,-8.318,0.009,0.008,0.004,2
2285089.294,2.14,5.5,-8.306,0.01,0.007,0.004,2
2285089.31,2.112,5.485,-8.267,0.012,0.008,0.005,2
2285089.32,2.091,5.474,-8.264,0.012,0.009,0.005,2
2285089.33,2.094,5.459,-8.253,0.012,0.009,0.005,2
2285089.34,2.103,5.469,-8.267,0.012,0.007,0.007,2
2285089.35,2.096,5.457,-8.287,0.011,0.009,0.007,2
2285089.36,2.1,5.45,-8.289,0.012,0.009,0.007,2
2285089.37,2.117,5.464,-8.293,0.012,0.01,0.01,2
2285089.379,2.115,5.474,-8.302,0.012,0.008,0.008,2
2285089.4,2.13,5.503,-8.313,0.013,0.01,0.009,2
2285089.41,2.129,5.5,-8.304,0.012,0.01,0.008,2
2285089.42,2.12,5.491,-8.287,0.013,0.008,0.008,2
2285089.43,2.112,5.481,-8.289,0.012,0.008,0.007,2
2285089.44,2.115,5.485,-8.284,0.012,0.009,0.007,2
2285089.45,2.119,5.48,-8.293,0.012,0.008,0.006,2
2285089.46,2.124,5.472,-8.289,0.012,0.008,0.007,2
2285089.47,2.134,5.47,-8.291,0.013,0.009,0.007,2
2285089.48,2.137,5.464,-8.3,0.011,0.009,0.007,2
2285089.49,2.137,5.47,-8.301,0.012,0.01,0.006,2
2285089.5,2.142,5.463,-8.307,0.013,0.009,0.007,2
2285089.51,2.13,5.466,-8.293,0.012,0.01,0.007,2
2285089.52,2.115,5.457,-8.293,0.01,0.009,0.006,2
2285089.53,2.12,5.457,-8.286,0.012,0.009,0.007,2
2285089.54,2.108,5.454,-8.292,0.012,0.009,0.007,2
2285089.55,2.115,5.474,-8.284,0.011,0.009,0.007,2
2285089.56,2.126,5.459,-8.292,0.011,0.009,0.007,2
2285089.57,2.117,5.479,-8.293,0.012,0.008,0.007,2
2285089.579,2.118,5.481,-8.303,0.012,0.009,0.006,2
2285089.59,2.115,5.47,-8.297,0.013,0.008,0.007,2
2285089.6,2.133,5.475,-8.293,0.011,0.009,0.006,2
2285089.61,2.136,5.471,-8.29,0.012,0.007,0.005,2
2285089.62,2.135,5.481,-8.292,0.012,0.009,0.006,2
2285089.63,2.13,5.485,-8.295,0.013,0.009,0.005,2
2285089.64,2.123,5.48,-8.286,0.012,0.01,0.006,2
2285089.649,2.136,5.481,-8.291,0.012,0.008,0.005,2
2285089.66,2.142,5.458,-8.297,0.012,0.009,0.007,2
2285089.67,2.14,5.459,-8.314,0.012,0.008,0.007,2
2285089.68,2.128,5.45,-8.301,0.01,0.009,0.006,2
2285089.691,2.124,5.464,-8.289,0.01,0.009,0.005,2
2285089.7,2.123,5.487,-8.278,0.009,0.009,0.005,2
2285089.71,2.134,5.503,-8.276,0.01,0.009,0.004,2
2285089.72,2.136,5.502,-8.298,0.011,0.01,0.004,2
2285089.73,2.136,5.503,-8.301,0.01,0.009,0.004,2
2285089.74,2.144,5.499,-8.298,0.01,0.008,0.004,2
2285089.75,2.14,5.487,-8.297,0.01,0.007,0.004,2
2285089.76,2.114,5.476,-8.287,0.009,0.007,0.005,2
2285089.77,2.118,5.459,-8.271,0.011,0.007,0.006,2
2285089.789,2.133,5.459,-8.27,0.01,0.008,0.005,2
2285089.8,2.126,5.443,-8.271,0.012,0.008,0.006,2
2285089.81,2.133,5.46,-8.278,0.011,0.007,0.005,2
2285089.819,2.135,5.453,-8.293,0.01,0.007,0.006,2
2285089.83,2.141,5.457,-8.293,0.011,0.007,0.007,2
2285089.84,2.145,5.461,-8.298,0.012,0.007,0.006,2
2285089.85,2.142,5.471,-8.307,0.01,0.008,0.005,2
2285089.86,2.131,5.48,-8.301,0.011,0.007,0.006,2
2285089.87,2.134,5.496,-8.311,0.012,0.007,0.005,2
2285089.879,2.126,5.483,-8.296,0.01,0.007,0.004,2
2285089.89,2.114,5.493,-8.282,0.009,0.009,0.004,2
2285089.9,2.113,5.5,-8.274,0.011,0.008,0.005,2
2285089.91,2.111,5.503,-8.27,0.01,0.008,0.005,2
2285089.92,2.109,5.494,-8.274,0.011,0.009,0.007,2
2285089.93,2.103,5.481,-8.271,0.01,0.01,0.006,2
2285089.94,2.117,5.49,-8.28,0.011,0.01,0.006,2
2285089.95,2.113,5.475,-8.291,0.009,0.01,0.006,2
2285089.96,2.114,5.488,-8.282,0.01,0.009,0.005,2
2285089.97,2.134,5.476,-8.291,0.011,0.01,0.005,2
2285089.98,2.147,5.492,-8.278,0.01,0.01,0.006,2
2285089.99,2.137,5.483,-8.301,0.011,0.01,0.006,2
2285090,2.14,5.48,-8.289,0.011,0.009,0.005,2
2285090.01,2.141,5.487,-8.289,0.009,0.009,0.004,2
2285090.02,2.134,5.492,-8.289,0.01,0.009,0.006,2
2285090.03,2.126,5.492,-8.275,0.009,0.009,0.007,2
2285090.04,2.101,5.492,-8.282,0.01,0.008,0.009,2
2285090.05,2.089,5.511,-8.268,0.009,0.009,0.009,2
2285090.06,2.1,5.494,-8.282,0.01,0.009,0.012,2
2285090.07,2.092,5.491,-8.281,0.011,0.01,0.012,2
2285090.08,2.124,5.497,-8.269,0.012,0.011,0.013,2
2285090.089,2.125,5.481,-8.28,0.012,0.011,0.012,2
2285090.1,2.164,5.488,-8.287,0.012,0.012,0.01,2
2285090.11,2.183,5.491,-8.298,0.01,0.012,0.01,2
2285090.12,2.184,5.472,-8.323,0.009,0.01,0.007,2
2285090.13,2.161,5.477,-8.309,0.009,0.01,0.007,2
2285090.14,2.145,5.474,-8.281,0.008,0.01,0.008,2
2285090.15,2.13,5.479,-8.256,0.009,0.008,0.01,2
2285090.16,2.124,5.477,-8.252,0.011,0.009,0.009,2
2285090.17,2.122,5.492,-8.256,0.011,0.009,0.009,2
2285090.18,2.119,5.488,-8.256,0.011,0.009,0.007,2
2285090.19,2.131,5.497,-8.256,0.012,0.009,0.006,2
2285090.2,2.142,5.504,-8.275,0.013,0.007,0.005,2
2285090.21,2.129,5.49,-8.282,0.013,0.007,0.004,2
2285090.219,2.142,5.494,-8.291,0.012,0.009,0.005,2
2285090.23,2.124,5.499,-8.29,0.012,0.009,0.005,2
2285090.24,2.124,5.486,-8.287,0.013,0.009,0.006,2
2285090.25,2.122,5.49,-8.282,0.013,0.009,0.007,2
2285090.26,2.135,5.486,-8.297,0.011,0.007,0.006,2
2285090.269,2.163,5.485,-8.296,0.012,0.008,0.007,2
2285090.28,2.155,5.482,-8.298,0.011,0.007,0.005,2
2285090.29,2.161,5.477,-8.295,0.01,0.008,0.005,2
2285090.3,2.156,5.492,-8.273,0.01,0.007,0.005,2
2285090.31,2.157,5.497,-8.282,0.01,0.008,0.005,2
2285090.319,2.147,5.503,-8.269,0.01,0.009,0.006,2
2285090.33,2.136,5.496,-8.276,0.012,0.007,0.005,2
2285090.34,2.126,5.491,-8.26,0.012,0.009,0.007,2
2285090.35,2.145,5.494,-8.271,0.011,0.008,0.005,2
2285090.36,2.146,5.49,-8.273,0.013,0.007,0.007,2
2285090.37,2.147,5.491,-8.274,0.014,0.007,0.004,2
2285090.38,2.152,5.494,-8.268,0.012,0.006,0.005,2
2285090.39,2.159,5.504,-8.285,0.013,0.007,0.005,2
2285090.399,2.163,5.505,-8.282,0.012,0.005,0.005,2
2285090.41,2.157,5.504,-8.291,0.012,0.007,0.006,2
2285090.42,2.153,5.491,-8.286,0.013,0.007,0.005,2
2285090.43,2.139,5.492,-8.29,0.013,0.007,0.005,2
2285090.44,2.134,5.485,-8.275,0.012,0.007,0.005,2
2285090.45,2.131,5.476,-8.286,0.012,0.007,0.005,2
2285090.46,2.136,5.486,-8.273,0.012,0.007,0.005,2
2285090.47,2.145,5.482,-8.273,0.012,0.006,0.006,2
2285090.479,2.142,5.483,-8.285,0.01,0.006,0.006,2
2285090.489,2.148,5.499,-8.273,0.013,0.004,0.006,2
2285090.5,2.141,5.488,-8.28,0.011,0.006,0.007,2
2285090.51,2.141,5.491,-8.273,0.012,0.007,0.006,2
2285090.52,2.13,5.491,-8.274,0.012,0.007,0.007,2
2285090.53,2.144,5.5,-8.284,0.013,0.007,0.007,2
2285090.54,2.14,5.508,-8.279,0.012,0.008,0.007,2
2285090.55,2.145,5.511,-8.274,0.012,0.008,0.006,2
2285090.56,2.153,5.49,-8.279,0.012,0.007,0.007,2
2285090.57,2.151,5.468,-8.28,0.013,0.008,0.007,2
2285090.58,2.139,5.448,-8.295,0.014,0.007,0.007,2
2285090.59,2.134,5.464,-8.279,0.013,0.009,0.006,2
2285090.599,2.126,5.46,-8.276,0.012,0.009,0.006,2
2285090.61,2.117,5.485,-8.281,0.013,0.009,0.005,2
2285090.62,2.131,5.502,-8.286,0.013,0.009,0.004,2
2285090.629,2.148,5.522,-8.274,0.012,0.007,0.005,2
2285090.64,2.155,5.513,-8.291,0.012,0.007,0.005,2
2285090.65,2.163,5.514,-8.29,0.012,0.007,0.005,2
2285090.66,2.159,5.51,-8.285,0.012,0.007,0.005,2
2285090.67,2.162,5.503,-8.285,0.013,0.005,0.005,2
2285090.679,2.13,5.477,-8.275,0.013,0.006,0.005,2
2285090.69,2.125,5.471,-8.257,0.011,0.007,0.006,2
2285090.7,2.133,5.464,-8.26,0.012,0.007,0.005,2
2285090.71,2.135,5.464,-8.263,0.011,0.007,0.006,2
2285090.72,2.146,5.45,-8.262,0.012,0.009,0.006,2
2285090.73,2.145,5.46,-8.271,0.01,0.009,0.006,2
2285090.74,2.162,5.455,-8.278,0.01,0.007,0.006,2
2285090.75,2.17,5.469,-8.293,0.01,0.007,0.006,2
2285090.76,2.179,5.47,-8.298,0.01,0.008,0.006,2
2285090.77,2.186,5.499,-8.307,0.01,0.007,0.006,2
2285090.779,2.168,5.488,-8.292,0.01,0.007,0.005,2
2285090.79,2.14,5.508,-8.286,0.01,0.006,0.005,2
2285090.799,2.129,5.515,-8.276,0.01,0.005,0.004,2
2285090.81,2.126,5.52,-8.262,0.01,0.007,0.004,2
2285090.82,2.114,5.51,-8.262,0.012,0.005,0.004,2
2285090.83,2.119,5.491,-8.284,0.01,0.005,0.004,2
2285090.84,2.125,5.485,-8.273,0.011,0.007,0.004,2
2285090.85,2.129,5.485,-8.263,0.011,0.008,0.004,2
2285090.86,2.134,5.497,-8.271,0.011,0.007,0.005,2
2285090.87,2.135,5.498,-8.271,0.012,0.008,0.006,2
2285090.88,2.135,5.498,-8.276,0.01,0.008,0.005,2
2285090.889,2.133,5.502,-8.271,0.01,0.009,0.007,2
2285090.9,2.142,5.492,-8.27,0.01,0.009,0.007,2
2285090.91,2.14,5.52,-8.268,0.01,0.007,0.006,2
2285090.92,2.15,5.519,-8.27,0.012,0.009,0.006,2
2285090.93,2.166,5.519,-8.276,0.01,0.007,0.006,2
2285090.94,2.174,5.524,-8.279,0.011,0.006,0.007,2
2285090.95,2.177,5.536,-8.279,0.012,0.005,0.006,2
2285090.96,2.161,5.524,-8.28,0.012,0.004,0.005,2
2285090.97,2.152,5.507,-8.278,0.012,0.004,0.005,2
2285090.98,2.141,5.499,-8.284,0.013,0.004,0.005,2
2285090.99,2.126,5.487,-8.276,0.013,0.004,0.005,2
2285090.999,2.113,5.479,-8.265,0.013,0.005,0.006,2
2285091.01,2.122,5.474,-8.273,0.013,0.005,0.006,2
2285091.02,2.123,5.474,-8.278,0.013,0.005,0.006,2
2285091.03,2.123,5.47,-8.264,0.012,0.005,0.006,2
2285091.04,2.12,5.488,-8.284,0.012,0.007,0.006,2
2285091.05,2.129,5.498,-8.27,0.011,0.008,0.006,2
2285091.06,2.136,5.483,-8.282,0.013,0.009,0.007,2
2285091.07,2.136,5.485,-8.282,0.012,0.009,0.007,2
2285091.08,2.128,5.481,-8.279,0.012,0.009,0.007,2
2285091.09,2.155,5.493,-8.265,0.012,0.009,0.005,2
2285091.1,2.161,5.499,-8.28,0.012,0.007,0.006,2
2285091.11,2.147,5.513,-8.281,0.013,0.007,0.007,2
2285091.12,2.157,5.503,-8.268,0.012,0.007,0.006,2
2285091.13,2.144,5.509,-8.28,0.012,0.007,0.007,2
2285091.14,2.147,5.505,-8.28,0.013,0.007,0.007,2
2285091.15,2.151,5.492,-8.276,0.012,0.007,0.006,2
2285091.16,2.142,5.494,-8.275,0.013,0.005,0.007,2
2285091.17,2.144,5.487,-8.276,0.012,0.005,0.007,2
2285091.18,2.125,5.485,-8.268,0.012,0.005,0.007,2
2285091.19,2.124,5.499,-8.259,0.012,0.006,0.007,2
2285091.199,2.128,5.496,-8.263,0.013,0.005,0.008,2
2285091.21,2.117,5.499,-8.259,0.013,0.007,0.009,2
2285091.22,2.115,5.505,-8.281,0.012,0.005,0.009,2
2285091.23,2.13,5.5,-8.281,0.014,0.007,0.009,2
2285091.24,2.131,5.498,-8.293,0.012,0.007,0.008,2
2285091.25,2.13,5.491,-8.289,0.014,0.007,0.009,2
2285091.26,2.135,5.497,-8.291,0.013,0.007,0.007,2
2285091.27,2.133,5.502,-8.276,0.013,0.008,0.008,2
2285091.28,2.142,5.5,-8.281,0.013,0.009,0.008,2
2285091.29,2.141,5.505,-8.274,0.011,0.008,0.009,2
2285091.299,2.134,5.505,-8.264,0.012,0.009,0.008,2
2285091.31,2.148,5.504,-8.27,0.012,0.009,0.007,2
2285091.32,2.141,5.481,-8.282,0.013,0.008,0.007,2
2285091.33,2.14,5.482,-8.274,0.013,0.008,0.007,2
2285091.34,2.15,5.482,-8.273,0.013,0.008,0.007,2
2285091.35,2.15,5.479,-8.295,0.014,0.007,0.008,2
2285091.36,2.155,5.474,-8.29,0.013,0.008,0.008,2
2285091.37,2.152,5.475,-8.29,0.013,0.007,0.008,2
2285091.38,2.14,5.486,-8.28,0.014,0.007,0.007,2
2285091.391,2.139,5.475,-8.292,0.012,0.005,0.007,2
2285091.4,2.139,5.475,-8.292,0.013,0.006,0.008,2
2285091.41,2.136,5.49,-8.287,0.014,0.007,0.007,2
2285091.42,2.147,5.499,-8.279,0.013,0.007,0.008,2
2285091.43,2.15,5.503,-8.281,0.014,0.007,0.008,2
2285091.439,2.15,5.488,-8.273,0.014,0.006,0.009,2
2285091.45,2.137,5.483,-8.274,0.015,0.007,0.009,2
2285091.46,2.148,5.477,-8.287,0.014,0.009,0.008,2
2285091.47,2.163,5.45,-8.295,0.013,0.007,0.008,2
2285091.48,2.151,5.449,-8.308,0.013,0.007,0.007,2
2285091.49,2.156,5.455,-8.293,0.013,0.007,0.007,2
2285091.5,2.151,5.476,-8.292,0.01,0.007,0.007,2
2285091.51,2.15,5.521,-8.274,0.012,0.007,0.007,2
2285091.519,2.173,5.54,-8.284,0.01,0.007,0.007,2
2285091.53,2.174,5.535,-8.286,0.012,0.005,0.007,2
2285091.539,2.163,5.529,-8.296,0.012,0.004,0.007,2
2285091.55,2.145,5.51,-8.3,0.013,0.004,0.007,2
2285091.56,2.135,5.486,-8.286,0.012,0.005,0.006,2
2285091.57,2.136,5.465,-8.297,0.014,0.004,0.007,2
2285091.58,2.137,5.444,-8.289,0.012,0.003,0.006,2
2285091.591,2.145,5.431,-8.292,0.012,0.005,0.007,2
2285091.599,2.145,5.431,-8.292,0.012,0.004,0.007,2
2285091.61,2.146,5.444,-8.286,0.013,0.005,0.006,2
2285091.63,2.166,5.458,-8.303,0.012,0.005,0.007,2
2285091.639,2.173,5.455,-8.32,0.012,0.004,0.007,2
2285091.65,2.167,5.464,-8.293,0.011,0.005,0.006,2
2285091.66,2.157,5.472,-8.3,0.011,0.004,0.006,2
2285091.67,2.137,5.465,-8.293,0.012,0.004,0.006,2
2285091.68,2.133,5.483,-8.3,0.011,0.002,0.005,2
2285091.69,2.128,5.496,-8.292,0.01,0.004,0.005,2
2285091.7,2.119,5.497,-8.273,0.013,0.004,0.005,2
2285091.709,2.109,5.498,-8.267,0.01,0.004,0.004,2
2285091.72,2.094,5.488,-8.276,0.012,0.006,0.004,2
2285091.73,2.086,5.477,-8.278,0.012,0.007,0.005,2
2285091.739,2.108,5.474,-8.279,0.011,0.009,0.005,2
2285091.749,2.124,5.468,-8.284,0.012,0.009,0.005,2
2285091.759,2.135,5.471,-8.285,0.011,0.008,0.006,2
2285091.769,2.137,5.48,-8.293,0.013,0.009,0.008,2
2285091.78,2.151,5.496,-8.284,0.011,0.008,0.009,2
2285091.792,2.141,5.507,-8.291,0.012,0.009,0.008,2
2285091.8,2.141,5.507,-8.291,0.012,0.007,0.007,2
2285091.81,2.135,5.508,-8.297,0.012,0.007,0.007,2
2285091.82,2.14,5.498,-8.303,0.012,0.007,0.007,2
2285091.83,2.151,5.488,-8.307,0.013,0.005,0.006,2
2285091.84,2.142,5.475,-8.306,0.013,0.005,0.005,2
2285091.85,2.128,5.481,-8.293,0.012,0.004,0.004,2
2285091.86,2.122,5.463,-8.289,0.013,0.005,0.004,2
2285091.87,2.108,5.465,-8.279,0.012,0.005,0.005,2
2285091.88,2.098,5.468,-8.279,0.013,0.007,0.005,2
2285091.892,2.09,5.444,-8.285,0.013,0.008,0.006,2
2285091.909,2.109,5.441,-8.302,0.012,0.01,0.005,2
2285091.92,2.144,5.452,-8.308,0.012,0.011,0.005,2
2285091.93,2.155,5.461,-8.32,0.012,0.01,0.005,2
2285091.94,2.175,5.453,-8.333,0.011,0.011,0.005,2
2285091.95,2.172,5.477,-8.315,0.012,0.01,0.005,2
2285091.959,2.17,5.479,-8.298,0.01,0.009,0.005,2
2285091.97,2.147,5.476,-8.291,0.01,0.009,0.006,2
2285091.98,2.159,5.466,-8.284,0.01,0.007,0.005,2
2285091.992,2.144,5.471,-8.28,0.01,0.008,0.004,2
2285092.01,2.14,5.502,-8.273,0.011,0.007,0.004,2
2285092.02,2.147,5.494,-8.279,0.012,0.008,0.005,2
2285092.03,2.152,5.498,-8.282,0.012,0.008,0.005,2
2285092.04,2.148,5.499,-8.28,0.013,0.007,0.005,2
2285092.05,2.114,5.483,-8.28,0.013,0.007,0.005,2
2285092.06,2.122,5.476,-8.282,0.013,0.008,0.005,2
2285092.07,2.126,5.482,-8.29,0.013,0.008,0.005,2
2285092.08,2.137,5.488,-8.303,0.013,0.009,0.005,2
2285092.09,2.144,5.475,-8.301,0.012,0.01,0.005,2
2285092.1,2.152,5.471,-8.292,0.013,0.01,0.005,2
2285092.11,2.151,5.48,-8.292,0.011,0.009,0.005,2
2285092.12,2.129,5.48,-8.306,0.01,0.008,0.005,2
2285092.13,2.136,5.469,-8.291,0.012,0.008,0.006,2
2285092.14,2.148,5.466,-8.292,0.011,0.009,0.005,2
2285092.15,2.14,5.459,-8.285,0.012,0.006,0.005,2
2285092.16,2.147,5.459,-8.295,0.012,0.007,0.005,2
2285092.17,2.144,5.468,-8.281,0.012,0.009,0.005,2
2285092.18,2.136,5.464,-8.298,0.013,0.008,0.005,2
2285092.19,2.136,5.465,-8.295,0.011,0.009,0.006,2
2285092.2,2.135,5.479,-8.295,0.011,0.007,0.007,2
2285092.209,2.142,5.468,-8.302,0.011,0.007,0.006,2
2285092.22,2.133,5.476,-8.304,0.01,0.007,0.006,2
2285092.23,2.115,5.48,-8.306,0.012,0.008,0.005,2
2285092.24,2.128,5.49,-8.306,0.013,0.012,0.007,2
2285092.25,2.139,5.504,-8.328,0.015,0.014,0.007,2
2285092.26,2.144,5.522,-8.351,0.016,0.016,0.008,2
2285092.27,2.19,5.542,-8.34,0.017,0.02,0.01,2
2285092.28,2.206,5.531,-8.318,0.017,0.019,0.009,2
2285092.29,2.167,5.516,-8.274,0.017,0.018,0.009,2
2285092.3,2.144,5.471,-8.243,0.015,0.016,0.007,2
2285092.309,2.144,5.42,-8.234,0.012,0.013,0.005,2
2285092.32,2.125,5.361,-8.24,0.013,0.012,0.005,2
2285092.33,2.133,5.348,-8.248,0.011,0.007,0.004,2
2285092.34,2.142,5.377,-8.291,0.01,0.008,0.004,2
2285092.359,2.158,5.494,-8.28,0.01,0.01,0.005,2
2285092.37,2.15,5.513,-8.287,0.011,0.009,0.005,2
2285092.38,2.147,5.538,-8.312,0.011,0.009,0.004,2
2285092.39,2.15,5.529,-8.313,0.01,0.007,0.004,2
2285092.399,2.141,5.511,-8.307,0.011,0.008,0.004,2
2285092.411,2.145,5.486,-8.317,0.01,0.007,0.005,2
2285092.419,2.142,5.447,-8.297,0.01,0.009,0.005,2
2285092.429,2.155,5.427,-8.291,0.01,0.01,0.007,2
2285092.44,2.15,5.437,-8.274,0.011,0.01,0.005,2
2285092.45,2.169,5.428,-8.27,0.009,0.01,0.004,2
2285092.46,2.168,5.431,-8.274,0.009,0.007,0.003,2
2285092.47,2.172,5.43,-8.282,0.007,0.007,0.004,2
2285092.48,2.159,5.452,-8.295,0.008,0.007,0.004,2
2285092.49,2.155,5.472,-8.302,0.008,0.009,0.004,2
2285092.5,2.157,5.47,-8.291,0.009,0.009,0.005,2
2285092.509,2.139,5.481,-8.289,0.008,0.01,0.004,2
2285092.52,2.142,5.492,-8.281,0.009,0.009,0.004,2
2285092.53,2.13,5.477,-8.286,0.01,0.01,0.004,2
2285092.54,2.14,5.47,-8.297,0.01,0.008,0.004,2
2285092.55,2.142,5.479,-8.301,0.01,0.009,0.004,2
2285092.56,2.15,5.476,-8.298,0.01,0.009,0.006,2
2285092.57,2.158,5.475,-8.295,0.008,0.01,0.006,2
2285092.58,2.167,5.48,-8.287,0.009,0.009,0.006,2
2285092.59,2.141,5.488,-8.285,0.009,0.008,0.005,2
2285092.599,2.14,5.492,-8.281,0.008,0.01,0.004,2
2285092.61,2.14,5.486,-8.269,0.01,0.009,0.005,2
2285092.619,2.139,5.483,-8.263,0.009,0.009,0.005,2
2285092.63,2.144,5.48,-8.264,0.011,0.01,0.005,2
2285092.64,2.144,5.479,-8.268,0.01,0.011,0.005,2
2285092.65,2.156,5.469,-8.285,0.011,0.011,0.004,2
2285092.66,2.174,5.459,-8.298,0.01,0.009,0.004,2
2285092.67,2.174,5.475,-8.285,0.011,0.01,0.004,2
2285092.68,2.181,5.485,-8.301,0.012,0.009,0.006,2
2285092.69,2.179,5.492,-8.306,0.01,0.007,0.004,2
2285092.7,2.167,5.475,-8.281,0.009,0.007,0.005,2
2285092.71,2.172,5.471,-8.271,0.011,0.006,0.004,2
2285092.72,2.167,5.458,-8.289,0.01,0.003,0.003,2
2285092.729,2.173,5.468,-8.286,0.011,0.004,0.002,2
2285092.74,2.158,5.475,-8.285,0.009,0.002,0.002,2
2285092.75,2.158,5.482,-8.307,0.012,0.004,0.002,2
2285092.76,2.148,5.491,-8.309,0.011,0.005,0.002,2
2285092.77,2.142,5.494,-8.313,0.012,0.007,0.003,2
2285092.78,2.135,5.493,-8.311,0.013,0.008,0.004,2
2285092.79,2.128,5.471,-8.29,0.01,0.009,0.004,2
2285092.8,2.124,5.465,-8.279,0.009,0.009,0.005,2
2285092.81,2.13,5.463,-8.273,0.009,0.007,0.005,2
2285092.82,2.119,5.458,-8.279,0.009,0.009,0.004,2
2285092.829,2.141,5.466,-8.281,0.009,0.009,0.005,2
2285092.84,2.131,5.49,-8.275,0.011,0.009,0.006,2
2285092.85,2.141,5.49,-8.289,0.009,0.01,0.005,2
2285092.859,2.146,5.511,-8.279,0.01,0.011,0.007,2
2285092.87,2.134,5.525,-8.269,0.01,0.011,0.007,2
2285092.88,2.148,5.519,-8.286,0.01,0.011,0.007,2
2285092.89,2.15,5.514,-8.282,0.01,0.012,0.005,2
2285092.899,2.162,5.499,-8.271,0.012,0.01,0.005,2
2285092.909,2.178,5.496,-8.285,0.01,0.008,0.006,2
2285092.92,2.166,5.475,-8.279,0.011,0.009,0.005,2
2285092.93,2.172,5.483,-8.287,0.012,0.007,0.005,2
2285092.94,2.162,5.481,-8.279,0.011,0.006,0.005,2
2285092.95,2.17,5.471,-8.295,0.011,0.006,0.005,2
2285092.96,2.177,5.498,-8.28,0.012,0.005,0.005,2
2285092.97,2.166,5.499,-8.282,0.012,0.004,0.005,2
2285092.98,2.145,5.496,-8.303,0.012,0.005,0.004,2
2285092.99,2.136,5.471,-8.286,0.012,0.007,0.004,2
2285093,2.152,5.447,-8.3,0.013,0.007,0.003,2
2285093.01,2.169,5.455,-8.307,0.012,0.007,0.002,2
2285093.02,2.168,5.448,-8.309,0.01,0.006,0.004,2
2285093.03,2.168,5.449,-8.314,0.009,0.007,0.002,2
2285093.04,2.167,5.466,-8.311,0.01,0.006,0.003,2
2285093.05,2.164,5.475,-8.304,0.008,0.007,0.003,2
2285093.06,2.142,5.474,-8.298,0.009,0.008,0.002,2
2285093.07,2.148,5.493,-8.28,0.009,0.009,0.005,2
2285093.08,2.142,5.505,-8.276,0.009,0.009,0.006,2
2285093.09,2.135,5.491,-8.28,0.01,0.01,0.005,2
2285093.1,2.146,5.483,-8.268,0.01,0.007,0.006,2
2285093.11,2.152,5.48,-8.271,0.009,0.007,0.005,2
2285093.12,2.157,5.483,-8.28,0.012,0.009,0.005,2
2285093.129,2.167,5.474,-8.287,0.01,0.007,0.005,2
2285093.14,2.163,5.499,-8.293,0.012,0.007,0.004,2
2285093.15,2.157,5.505,-8.292,0.011,0.008,0.004,2
2285093.16,2.148,5.504,-8.292,0.009,0.007,0.005,2
2285093.17,2.146,5.511,-8.282,0.01,0.006,0.005,2
2285093.18,2.135,5.509,-8.268,0.01,0.008,0.005,2
2285093.19,2.139,5.465,-8.287,0.011,0.008,0.005,2
2285093.2,2.128,5.464,-8.273,0.01,0.008,0.005,2
2285093.21,2.139,5.455,-8.287,0.01,0.008,0.005,2
2285093.219,2.137,5.479,-8.3,0.01,0.009,0.004,2
2285093.229,2.158,5.494,-8.279,0.009,0.008,0.004,2
2285093.24,2.173,5.511,-8.296,0.01,0.007,0.004,2
2285093.25,2.178,5.519,-8.291,0.012,0.008,0.004,2
2285093.26,2.159,5.533,-8.281,0.01,0.008,0.005,2
2285093.27,2.136,5.514,-8.28,0.01,0.008,0.005,2
2285093.28,2.139,5.502,-8.273,0.01,0.007,0.005,2
2285093.29,2.117,5.476,-8.269,0.01,0.007,0.005,2
2285093.3,2.129,5.452,-8.268,0.01,0.008,0.005,2
2285093.309,2.142,5.464,-8.278,0.01,0.006,0.004,2
2285093.32,2.125,5.449,-8.285,0.01,0.008,0.005,2
2285093.329,2.155,5.46,-8.275,0.009,0.009,0.005,2
2285093.34,2.161,5.466,-8.281,0.01,0.007,0.005,2
2285093.35,2.166,5.492,-8.303,0.01,0.008,0.005,2
2285093.36,2.158,5.49,-8.296,0.01,0.008,0.005,2
2285093.37,2.159,5.491,-8.296,0.011,0.009,0.006,2
2285093.38,2.137,5.492,-8.297,0.011,0.008,0.007,2
2285093.39,2.133,5.49,-8.291,0.01,0.009,0.007,2
2285093.4,2.126,5.485,-8.284,0.012,0.01,0.007,2
2285093.41,2.145,5.502,-8.286,0.012,0.01,0.007,2
2285093.42,2.15,5.493,-8.264,0.012,0.009,0.008,2
2285093.429,2.162,5.503,-8.274,0.011,0.01,0.007,2
2285093.439,2.162,5.496,-8.285,0.011,0.011,0.007,2
2285093.449,2.179,5.494,-8.295,0.01,0.011,0.007,2
2285093.46,2.179,5.493,-8.289,0.012,0.008,0.007,2
2285093.49,2.17,5.5,-8.291,0.011,0.009,0.005,2
2285093.5,2.168,5.493,-8.282,0.009,0.009,0.005,2
2285093.509,2.166,5.491,-8.275,0.012,0.007,0.005,2
2285093.52,2.139,5.483,-8.275,0.01,0.007,0.006,2
2285093.54,2.141,5.481,-8.271,0.012,0.007,0.007,2
2285093.55,2.139,5.48,-8.273,0.012,0.009,0.007,2
2285093.56,2.136,5.492,-8.279,0.012,0.006,0.008,2
2285093.569,2.136,5.497,-8.278,0.011,0.007,0.008,2
2285093.58,2.164,5.5,-8.281,0.012,0.007,0.009,2
2285093.59,2.166,5.503,-8.268,0.012,0.006,0.009,2
2285093.6,2.167,5.504,-8.274,0.011,0.008,0.008,2
2285093.61,2.169,5.493,-8.29,0.012,0.008,0.009,2
2285093.62,2.168,5.492,-8.292,0.013,0.007,0.008,2
2285093.629,2.161,5.505,-8.282,0.013,0.006,0.009,2
2285093.64,2.162,5.497,-8.282,0.012,0.006,0.009,2
2285093.65,2.156,5.51,-8.281,0.012,0.006,0.007,2
2285093.659,2.158,5.503,-8.281,0.011,0.005,0.007,2
2285093.67,2.152,5.488,-8.282,0.012,0.005,0.007,2
2285093.68,2.144,5.493,-8.285,0.011,0.005,0.007,2
2285093.69,2.144,5.487,-8.289,0.01,0.005,0.007,2
2285093.7,2.14,5.492,-8.274,0.011,0.005,0.007,2
2285093.719,2.133,5.479,-8.281,0.011,0.006,0.009,2
2285093.73,2.125,5.477,-8.278,0.011,0.007,0.008,2
2285093.739,2.137,5.5,-8.282,0.012,0.008,0.007,2
2285093.749,2.142,5.492,-8.282,0.012,0.007,0.008,2
2285093.76,2.135,5.491,-8.278,0.012,0.007,0.007,2
2285093.77,2.141,5.486,-8.285,0.012,0.007,0.007,2
2285093.78,2.151,5.485,-8.286,0.01,0.007,0.007,2
2285093.79,2.157,5.502,-8.278,0.012,0.007,0.007,2
2285093.8,2.157,5.507,-8.274,0.012,0.007,0.008,2
2285093.81,2.148,5.509,-8.276,0.012,0.008,0.008,2
2285093.82,2.159,5.509,-8.267,0.012,0.007,0.007,2
2285093.83,2.164,5.496,-8.286,0.012,0.007,0.008,2
2285093.84,2.169,5.496,-8.297,0.012,0.007,0.007,2
2285093.85,2.164,5.5,-8.281,0.013,0.005,0.007,2
2285093.86,2.15,5.49,-8.285,0.012,0.005,0.008,2
2285093.869,2.15,5.49,-8.278,0.012,0.005,0.008,2
2285093.879,2.141,5.487,-8.268,0.012,0.005,0.009,2
2285093.889,2.133,5.488,-8.274,0.014,0.005,0.009,2
2285093.901,2.144,5.476,-8.298,0.012,0.005,0.009,2
2285093.919,2.146,5.472,-8.292,0.013,0.007,0.007,2
2285093.929,2.145,5.466,-8.29,0.012,0.008,0.007,2
2285093.94,2.148,5.468,-8.295,0.012,0.007,0.009,2
2285093.95,2.148,5.476,-8.29,0.011,0.005,0.009,2
2285093.959,2.142,5.49,-8.28,0.011,0.005,0.009,2
2285093.97,2.142,5.49,-8.28,0.012,0.005,0.009,2
2285093.98,2.148,5.488,-8.289,0.012,0.006,0.01,2
2285093.99,2.144,5.482,-8.281,0.013,0.006,0.01,2
2285094,2.144,5.488,-8.281,0.015,0.007,0.009,2
2285094.01,2.142,5.481,-8.281,0.013,0.007,0.009,2
2285094.02,2.144,5.491,-8.286,0.014,0.005,0.009,2
2285094.031,2.15,5.498,-8.285,0.014,0.004,0.008,2
2285094.04,2.152,5.505,-8.28,0.014,0.006,0.009,2
2285094.05,2.153,5.493,-8.282,0.014,0.007,0.009,2
2285094.06,2.141,5.482,-8.285,0.013,0.007,0.01,2
2285094.07,2.142,5.463,-8.298,0.013,0.007,0.01,2
2285094.08,2.125,5.459,-8.296,0.014,0.007,0.01,2
2285094.09,2.142,5.459,-8.313,0.012,0.009,0.01,2
2285094.1,2.142,5.468,-8.296,0.012,0.007,0.009,2
2285094.11,2.151,5.492,-8.293,0.012,0.009,0.009,2
2285094.12,2.155,5.511,-8.274,0.011,0.007,0.009,2
2285094.13,2.151,5.508,-8.29,0.012,0.008,0.009,2
2285094.139,2.146,5.503,-8.298,0.012,0.008,0.009,2
2285094.149,2.151,5.492,-8.29,0.012,0.008,0.007,2
2285094.16,2.145,5.482,-8.282,0.013,0.008,0.007,2
2285094.17,2.158,5.46,-8.284,0.014,0.007,0.007,2
2285094.18,2.141,5.443,-8.291,0.012,0.007,0.007,2
2285094.19,2.159,5.442,-8.295,0.013,0.006,0.008,2
2285094.2,2.162,5.453,-8.282,0.013,0.006,0.007,2
2285094.21,2.167,5.469,-8.273,0.011,0.005,0.006,2
2285094.22,2.166,5.465,-8.275,0.011,0.005,0.007,2
2285094.23,2.158,5.466,-8.281,0.011,0.007,0.007,2
2285094.24,2.162,5.463,-8.284,0.01,0.007,0.007,2
2285094.25,2.163,5.463,-8.28,0.012,0.005,0.007,2
2285094.26,2.164,5.474,-8.282,0.013,0.005,0.005,2
2285094.27,2.152,5.483,-8.304,0.011,0.005,0.007,2
2285094.28,2.134,5.485,-8.308,0.012,0.005,0.007,2
2285094.29,2.133,5.505,-8.306,0.012,0.005,0.007,2
2285094.3,2.128,5.518,-8.289,0.01,0.005,0.007,2
2285094.31,2.118,5.515,-8.276,0.011,0.007,0.007,2
2285094.321,2.14,5.5,-8.281,0.011,0.007,0.008,2
2285094.33,2.136,5.491,-8.27,0.012,0.007,0.007,2
2285094.339,2.135,5.477,-8.279,0.012,0.007,0.008,2
2285094.349,2.14,5.45,-8.289,0.013,0.008,0.007,2
2285094.36,2.152,5.453,-8.29,0.011,0.007,0.008,2
2285094.37,2.174,5.461,-8.306,0.013,0.007,0.008,2
2285094.38,2.159,5.481,-8.293,0.012,0.005,0.007,2
2285094.39,2.151,5.491,-8.29,0.011,0.005,0.007,2
2285094.4,2.163,5.499,-8.287,0.012,0.007,0.009,2
2285094.41,2.152,5.51,-8.281,0.012,0.007,0.008,2
2285094.42,2.141,5.49,-8.289,0.012,0.005,0.009,2
2285094.43,2.144,5.474,-8.286,0.01,0.007,0.007,2
2285094.44,2.153,5.476,-8.286,0.012,0.006,0.009,2
2285094.45,2.164,5.468,-8.28,0.012,0.005,0.007,2
2285094.46,2.162,5.466,-8.276,0.012,0.007,0.007,2
2285094.47,2.153,5.466,-8.286,0.012,0.005,0.007,2
2285094.48,2.157,5.463,-8.286,0.012,0.007,0.007,2
2285094.49,2.152,5.474,-8.308,0.012,0.006,0.007,2
2285094.5,2.157,5.474,-8.304,0.011,0.005,0.007,2
2285094.509,2.147,5.472,-8.308,0.011,0.007,0.005,2
2285094.519,2.157,5.465,-8.303,0.012,0.005,0.004,2
2285094.529,2.144,5.472,-8.318,0.011,0.005,0.005,2
2285094.54,2.134,5.479,-8.302,0.011,0.005,0.005,2
2285094.55,2.117,5.482,-8.281,0.012,0.005,0.005,2
2285094.56,2.113,5.496,-8.287,0.013,0.005,0.007,2
2285094.57,2.095,5.479,-8.292,0.013,0.004,0.005,2
2285094.58,2.104,5.492,-8.296,0.013,0.005,0.007,2
2285094.59,2.126,5.491,-8.293,0.013,0.007,0.007,2
2285094.6,2.128,5.479,-8.286,0.012,0.009,0.007,2
2285094.61,2.148,5.479,-8.3,0.012,0.009,0.007,2
2285094.62,2.147,5.482,-8.282,0.012,0.008,0.007,2
2285094.63,2.163,5.47,-8.293,0.01,0.009,0.007,2
2285094.64,2.151,5.475,-8.282,0.01,0.008,0.007,2
2285094.65,2.142,5.475,-8.298,0.012,0.008,0.008,2
2285094.66,2.139,5.475,-8.291,0.01,0.007,0.008,2
2285094.67,2.135,5.483,-8.285,0.013,0.007,0.008,2
2285094.68,2.117,5.482,-8.303,0.012,0.008,0.007,2
2285094.69,2.128,5.476,-8.307,0.012,0.007,0.006,2
2285094.699,2.147,5.468,-8.302,0.012,0.007,0.006,2
2285094.709,2.159,5.466,-8.323,0.011,0.005,0.006,2
2285094.719,2.144,5.476,-8.318,0.01,0.006,0.007,2
2285094.729,2.13,5.471,-8.303,0.011,0.007,0.004,2
2285094.74,2.142,5.453,-8.296,0.011,0.007,0.005,2
2285094.75,2.137,5.463,-8.276,0.01,0.007,0.005,2
2285094.76,2.126,5.449,-8.289,0.01,0.009,0.005,2
2285094.77,2.114,5.447,-8.293,0.01,0.01,0.006,2
2285094.78,2.128,5.468,-8.276,0.01,0.009,0.005,2
2285094.79,2.13,5.475,-8.296,0.012,0.01,0.005,2
2285094.8,2.144,5.481,-8.313,0.01,0.01,0.006,2
2285094.81,2.155,5.475,-8.291,0.012,0.009,0.006,2
2285094.82,2.161,5.472,-8.287,0.01,0.009,0.005,2
2285094.83,2.161,5.468,-8.295,0.011,0.009,0.005,2
2285094.84,2.14,5.476,-8.3,0.012,0.008,0.004,2
2285094.85,2.151,5.47,-8.285,0.012,0.007,0.003,2
2285094.859,2.159,5.475,-8.284,0.013,0.007,0.002,2
2285094.87,2.153,5.487,-8.311,0.012,0.007,0.004,2
2285094.879,2.155,5.505,-8.302,0.012,0.007,0.003,2
2285094.89,2.157,5.493,-8.293,0.013,0.008,0.004,2
2285094.9,2.155,5.483,-8.29,0.014,0.007,0.005,2
2285094.91,2.128,5.479,-8.284,0.013,0.008,0.005,2
2285094.922,2.129,5.46,-8.275,0.015,0.007,0.005,2
2285094.939,2.13,5.459,-8.286,0.013,0.008,0.004,2
2285094.949,2.142,5.487,-8.287,0.013,0.007,0.005,2
2285094.96,2.159,5.493,-8.313,0.013,0.007,0.005,2
2285094.97,2.156,5.508,-8.323,0.013,0.007,0.005,2
2285094.98,2.151,5.511,-8.313,0.013,0.007,0.004,2
2285094.99,2.137,5.491,-8.322,0.012,0.006,0.005,2
2285095,2.107,5.479,-8.317,0.01,0.007,0.005,2
2285095.009,2.113,5.447,-8.301,0.01,0.007,0.004,2
2285095.02,2.107,5.437,-8.313,0.01,0.007,0.004,2
2285095.03,2.118,5.427,-8.289,0.011,0.007,0.005,2
2285095.04,2.123,5.427,-8.292,0.01,0.007,0.005,2
2285095.05,2.12,5.415,-8.291,0.01,0.007,0.006,2
2285095.06,2.129,5.439,-8.301,0.01,0.009,0.007,2
2285095.07,2.153,5.45,-8.307,0.012,0.008,0.007,2
2285095.08,2.155,5.46,-8.314,0.009,0.009,0.006,2
2285095.09,2.147,5.466,-8.314,0.009,0.008,0.006,2
2285095.1,2.125,5.481,-8.309,0.009,0.009,0.005,2
2285095.109,2.12,5.482,-8.302,0.01,0.008,0.005,2
2285095.119,2.123,5.492,-8.303,0.01,0.009,0.004,2
2285095.13,2.128,5.502,-8.295,0.01,0.011,0.004,2
2285095.14,2.135,5.502,-8.282,0.01,0.009,0.005,2
2285095.15,2.13,5.494,-8.296,0.011,0.009,0.004,2
2285095.16,2.136,5.485,-8.289,0.01,0.01,0.004,2
2285095.17,2.125,5.472,-8.28,0.011,0.01,0.004,2
2285095.18,2.141,5.465,-8.295,0.009,0.01,0.005,2
2285095.19,2.139,5.461,-8.293,0.01,0.009,0.005,2
2285095.2,2.131,5.482,-8.282,0.01,0.01,0.006,2
2285095.21,2.131,5.474,-8.289,0.009,0.009,0.006,2
2285095.22,2.125,5.477,-8.285,0.012,0.009,0.006,2
2285095.23,2.136,5.471,-8.291,0.012,0.009,0.005,2
2285095.24,2.136,5.468,-8.298,0.01,0.009,0.005,2
2285095.25,2.124,5.468,-8.292,0.012,0.009,0.004,2
2285095.26,2.139,5.47,-8.304,0.012,0.008,0.005,2
2285095.27,2.141,5.479,-8.312,0.011,0.009,0.005,2
2285095.28,2.136,5.472,-8.313,0.011,0.009,0.005,2
2285095.29,2.152,5.464,-8.312,0.011,0.009,0.005,2
2285095.3,2.146,5.453,-8.296,0.012,0.009,0.005,2
2285095.309,2.136,5.452,-8.301,0.01,0.01,0.004,2
2285095.32,2.13,5.447,-8.285,0.01,0.008,0.005,2
2285095.33,2.147,5.461,-8.287,0.01,0.009,0.005,2
2285095.34,2.141,5.455,-8.29,0.01,0.01,0.005,2
2285095.349,2.152,5.461,-8.293,0.009,0.01,0.006,2
2285095.36,2.133,5.471,-8.298,0.009,0.01,0.006,2
2285095.37,2.15,5.465,-8.306,0.01,0.009,0.005,2
2285095.38,2.137,5.482,-8.308,0.009,0.009,0.005,2
2285095.39,2.139,5.479,-8.307,0.009,0.007,0.005,2
2285095.399,2.126,5.477,-8.314,0.01,0.008,0.004,2
2285095.409,2.12,5.48,-8.306,0.01,0.007,0.004,2
2285095.42,2.131,5.488,-8.298,0.01,0.009,0.005,2
2285095.43,2.129,5.49,-8.296,0.01,0.009,0.005,2
2285095.44,2.128,5.482,-8.289,0.01,0.01,0.005,2
2285095.45,2.134,5.492,-8.291,0.01,0.009,0.004,2
2285095.46,2.12,5.5,-8.265,0.012,0.009,0.004,2
2285095.47,2.123,5.477,-8.275,0.01,0.009,0.004,2
2285095.48,2.131,5.474,-8.282,0.01,0.009,0.005,2
2285095.49,2.13,5.477,-8.302,0.011,0.01,0.005,2
2285095.5,2.13,5.472,-8.295,0.012,0.009,0.005,2
