2285367.96,5.892,-1.689,-6.586,0.956,0.535,0.512,1
2285367.97,6.627,-1.313,-4.618,0.899,0.364,0.524,1
2285367.99,18.123,-3.596,-0.885,0.263,0.936,0.887,1
2285368,38.256,-6.573,0.862,-0.121,1.312,0.668,1
2285368.01,39.995,-9.188,5.774,-0.324,0.952,-0.153,1
2285368.02,39.995,-9.294,9.312,-0.318,0.905,-1.009,1
2285368.03,39.995,-8.928,7.041,-0.454,1.29,-1.446,1
2285368.04,39.995,-9.563,9.397,-0.481,1.036,-1.545,1
2285368.05,39.37,-9.941,8.324,-0.263,0.531,-1.235,1
2285368.06,33.284,-11.202,7.047,0.269,1.076,-0.174,1
2285368.07,24.788,-10.699,2.037,0.653,1.139,0.217,1
2285368.08,17.373,-8.834,-0.221,0.842,0.946,0.363,1
2285368.09,12.174,-5.873,-2.433,0.914,0.821,0.334,1
2285368.1,8.611,-2.866,-3.518,0.858,0.845,0.217,1
2285368.109,5.963,-0.573,-3.645,0.742,1.098,0.056,1
2285368.12,4.103,0.444,-4.03,0.701,1.211,0.013,1
2285368.139,0.173,1.497,-6.548,0.477,1.462,-0.112,1
2285368.15,-1.256,1.366,-7.477,0.376,1.147,-0.163,1
2285368.16,-1.481,0.627,-7.635,0.315,0.169,-0.279,1
2285368.17,-1.04,-0.223,-7.517,0.334,-0.381,-0.328,1
2285368.18,-1.097,-0.792,-7.253,0.389,-0.704,-0.326,1
2285368.19,-1.697,-0.88,-6.715,0.494,-0.816,-0.25,1
2285368.2,-1.716,-0.856,-5.82,0.591,-0.74,-0.155,1
2285368.21,-1.51,-0.613,-5.203,0.61,-0.567,-0.056,1
2285368.22,-0.94,-0.352,-4.797,0.531,-0.414,0.027,1
2285368.23,0.685,-0.249,-4.491,0.374,-0.293,0.057,1
2285368.25,2.965,-0.663,-3.457,0.037,-0.206,-0.035,1
2285368.26,2.991,-0.916,-3.079,-0.089,-0.304,-0.13,1
2285368.27,1.553,-1.569,-3.373,-0.298,-0.575,-0.268,1
2285368.28,0.798,-2.065,-3.364,-0.474,-0.779,-0.323,1
2285368.29,0.385,-2.616,-3.23,-0.668,-0.929,-0.336,1
2285368.3,0.365,-3.174,-2.922,-0.873,-0.958,-0.313,1
2285368.309,0.667,-3.674,-2.255,-1.173,-0.813,-0.256,1
2285368.319,1.144,-3.881,-1.173,-1.258,-0.74,-0.244,1
2285368.33,1.343,-3.749,0.089,-1.371,-0.597,-0.237,1
2285368.349,0.695,-3.088,2.375,-1.339,-0.552,-0.22,1
2285368.36,0.564,-2.661,3.263,-1.274,-0.682,-0.175,1
2285368.37,0.461,-2.34,3.895,-1.173,-0.874,-0.109,1
2285368.38,0.488,-1.996,3.873,-0.946,-1.143,0.03,1
2285368.39,1.184,-1.621,3.845,-0.731,-1.242,0.079,1
2285368.4,1.542,-1.301,3.672,-0.426,-1.092,0.058,1
2285368.41,1.24,-0.024,2.976,-0.08,-0.643,0.119,1
2285368.419,2.765,0.02,3.385,0.083,-0.698,0.206,1
2285368.429,5.021,-0.291,4.105,0.29,-0.84,0.203,1
2285368.44,9.626,-0.747,5.272,0.58,-0.87,0.124,1
2285368.45,15.018,-1.753,6.735,0.843,-0.989,0.106,1
2285368.46,22.091,-3.229,8.142,1.089,-0.98,0.349,1
2285368.47,32.108,-3.877,9.468,1.618,0.024,0.644,1
2285368.48,39.995,-4.625,7.341,2.321,2.178,0.864,1
2285368.49,39.995,-2.192,-8.323,2.969,3.2,0.315,1
2285368.5,39.995,0.314,-30.85,1.996,-0.841,-0.504,1
2285368.51,39.995,0.028,-2.487,1.039,-0.687,-0.394,1
2285368.52,37.928,-2.283,7.355,0.739,-0.11,0.031,1
2285368.53,34.9,-4.225,6.687,0.565,0.367,0.028,1
2285368.539,27.595,-3.777,5.397,0.426,0.664,-0.229,1
2285368.55,20.648,-3.03,3.413,0.358,0.728,-0.436,1
2285368.56,15.459,-2.753,1.311,0.285,0.908,-0.524,1
2285368.57,11.223,-2.906,-0.848,0.225,1.242,-0.568,1
2285368.58,7.036,-3.055,-3.663,0.162,1.589,-0.564,1
2285368.6,0.138,-3.145,-7.845,0.174,0.987,-0.228,1
2285368.61,0.182,-2.988,-6.545,0.208,0.6,-0.064,1
2285368.63,2.155,-2.866,-3.453,0.317,0.547,0.048,1
2285368.64,1.766,-3.074,-3.705,0.378,0.563,0.073,1
2285368.65,1.013,-3.409,-4.62,0.461,0.305,0.093,1
2285368.66,0.02,-3.708,-5.518,0.563,-0.215,0.104,1
2285368.67,-0.83,-3.5,-6.038,0.652,-0.711,0.122,1
2285368.68,-0.931,-2.706,-6.25,0.686,-0.981,0.141,1
2285368.689,-0.691,-1.654,-6.268,0.632,-1.03,0.158,1
2285368.699,-0.148,-0.565,-6.016,0.485,-0.938,0.18,1
2285368.71,1.503,0.499,-4.902,0.14,-0.732,0.183,1
2285368.719,2.3,0.165,-4.066,-0.078,-0.63,0.156,1
2285368.729,2.98,-0.562,-3.544,-0.233,-0.598,0.107,1
2285368.739,3.357,-1.304,-3.16,-0.339,-0.619,0.042,1
2285368.75,3.438,-1.843,-2.64,-0.42,-0.66,-0.027,1
2285368.76,3.037,-2.104,-2.009,-0.498,-0.696,-0.092,1
2285368.77,2.74,-2.102,-1.476,-0.587,-0.724,-0.133,1
2285368.78,2.585,-1.78,-0.723,-0.683,-0.725,-0.167,1
2285368.79,2.267,-1.349,0.093,-0.756,-0.695,-0.195,1
2285368.8,1.847,-0.857,0.886,-0.79,-0.655,-0.202,1
2285368.809,1.44,-0.436,1.688,-0.783,-0.649,-0.199,1
2285368.82,0.712,-0.055,2.325,-0.702,-0.676,-0.173,1
2285368.829,-0.869,0.398,2.701,-0.596,-0.614,-0.104,1
2285368.85,-1.781,0.363,2.748,-0.421,-0.422,-0.004,1
2285368.86,-2.99,0.131,2.506,-0.097,-0.384,0.06,1
2285368.87,-4.789,-0.234,0.232,0.542,-0.61,0.068,1
2285368.89,-1.787,-2.415,-2.46,1.211,-0.97,0.519,1
2285368.9,2.529,-1.395,-1.312,0.798,-0.849,0.903,1
2285368.91,12.476,0.648,4.547,0.348,-0.511,1.081,1
2285368.919,20.875,1.587,4.146,0.473,0.352,0.945,1
2285368.93,37.869,2.228,-3.767,0.93,0.6,0.622,1
2285368.939,39.995,3.323,-16.221,1.021,-0.239,0.288,1
2285368.949,39.995,1.141,-6.775,0.619,-0.553,0.126,1
2285368.96,39.995,-3.148,0.375,0.481,-0.282,-0.185,1
2285368.97,39.995,-6.483,0.619,0.448,0.009,-0.638,1
2285368.98,36.27,-7.77,1.278,0.257,0.255,-0.747,1
2285368.99,26.24,-7.285,1.735,0.045,0.424,-0.585,1
2285369,21.052,-6.72,1.683,-0.148,0.727,-0.423,1
2285369.01,18.13,-6.405,2.231,-0.33,1.164,-0.345,1
2285369.02,16.86,-6.198,4.358,-0.412,1.569,-0.276,1
2285369.029,16.19,-7.072,3.767,-0.256,1.723,-0.16,1
2285369.04,16.549,-7.687,2.561,-0.064,1.747,-0.127,1
2285369.05,15.188,-6.857,0.463,0.217,1.484,-0.095,1
2285369.06,13.767,-3.198,-2.22,0.459,1.141,-0.082,1
2285369.07,12.302,-0.396,-3.658,0.6,0.981,-0.103,1
2285369.08,10.952,1.001,-3.506,0.633,1.001,-0.125,1
2285369.09,9.572,1.575,-2.925,0.607,1.057,-0.161,1
2285369.1,8.074,1.429,-2.81,0.572,1.139,-0.24,1
2285369.11,6.138,1.287,-3.59,0.566,1.199,-0.377,1
2285369.12,3.358,1.312,-6.356,0.59,1.006,-0.552,1
2285369.129,-4.053,0.948,-15.446,0.578,0.354,-0.665,1
2285369.14,-3.676,0.042,-14.355,0.309,-0.783,-0.569,1
2285369.15,-1.218,-0.491,-10.797,0.033,-0.91,-0.473,1
2285369.16,0.752,-0.771,-7.344,-0.183,-0.698,-0.427,1
2285369.17,1.504,-0.996,-4.226,-0.311,-0.378,-0.427,1
2285369.18,1.591,-1.217,-1.891,-0.364,-0.111,-0.448,1
2285369.19,1.232,-1.416,-0.364,-0.385,0.013,-0.459,1
2285369.2,1.56,-1.775,-0.021,-0.412,-0.01,-0.434,1
2285369.21,2.537,-2.109,0.516,-0.474,-0.208,-0.429,1
2285369.22,3.306,-2.351,0.779,-0.525,-0.451,-0.468,1
2285369.25,2.474,-2.279,0.642,-0.771,-0.968,-0.624,1
2285369.26,1.844,-2.457,0.472,-0.876,-0.993,-0.585,1
2285369.27,1.32,-2.711,0.311,-0.999,-0.946,-0.52,1
2285369.28,0.894,-2.944,0.264,-1.125,-0.848,-0.434,1
2285369.29,0.416,-3.146,0.27,-1.233,-0.736,-0.338,1
2285369.3,0.029,-3.291,0.32,-1.31,-0.618,-0.254,1
2285369.31,-0.411,-3.394,0.399,-1.354,-0.484,-0.192,1
2285369.32,-1.093,-3.524,0.525,-1.35,-0.309,-0.139,1
2285369.331,-2.477,-3.293,1.005,-1.287,-0.087,-0.073,1
2285369.34,-2.509,-2.734,1.068,-1.136,0.139,-0.007,1
2285369.35,-2.38,-2.279,1.354,-0.755,0.257,0.009,1
2285369.36,-2.305,-1.798,2.321,-0.195,-0.223,-0.104,1
2285369.37,-2.905,-1.418,0.452,0.607,-0.993,-0.269,1
2285369.38,-3.23,-1.035,-1.584,0.868,-1.202,-0.144,1
2285369.39,-2.803,-0.57,-2.212,0.69,-0.977,0.156,1
2285369.4,-1.639,-0.348,-1.616,0.396,-0.737,0.474,1
2285369.41,0.271,-0.283,-0.426,0.148,-0.707,0.729,1
2285369.42,6.874,-1.489,1.439,0.021,-0.789,0.901,1
2285369.43,20.671,-3.828,2.762,-0.061,-1.032,1.02,1
2285369.44,33.059,-5.986,5.927,-0.116,-1.52,1.29,1
2285369.45,39.995,-6.115,4.666,0.016,-1.8,1.447,1
2285369.46,39.995,-5.575,4.346,1.031,0.095,0.995,1
2285369.47,39.995,-5.955,12.067,1.835,1.771,0.393,1
2285369.48,39.995,-5.355,16.683,2.704,1.023,-0.027,1
2285369.49,39.995,-2.467,4.121,2.822,1.571,0.172,1
2285369.5,39.995,-1.296,-13.6,1.891,2.383,0.372,1
2285369.51,39.995,-3.726,-21.876,0.388,1.145,0.223,1
2285369.53,25.194,-0.969,2.289,-0.27,0.242,0.051,1
2285369.55,10.63,-0.076,0.243,-0.021,0.522,0.049,1
2285369.56,7.596,0.498,-1.447,0.076,0.861,0.005,1
2285369.57,4.166,0.94,-3.488,0.115,1.298,-0.128,1
2285369.58,0.444,1.218,-6.033,0.08,1.384,-0.209,1
2285369.59,-2.968,0.739,-8.721,0.023,1.279,-0.258,1
2285369.6,-5.715,-0.37,-11.461,-0.027,0.986,-0.285,1
2285369.61,-7.369,-1.631,-12.915,-0.048,0.528,-0.284,1
2285369.62,-8.044,-2.372,-12.438,-0.015,0.018,-0.237,1
2285369.639,-5.756,-2.581,-10.229,0.118,-0.655,-0.06,1
2285369.65,-3.6,-2.416,-7.926,0.193,-0.727,0.005,1
2285369.66,-1.869,-2.257,-5.402,0.255,-0.65,0.081,1
2285369.67,-0.476,-2.053,-3.264,0.341,-0.528,0.29,1
2285369.68,1.582,-1.732,-1.526,0.381,-0.33,0.415,1
2285369.69,3.729,-1.545,-0.133,0.427,-0.297,0.45,1
2285369.7,5.127,-1.396,0.431,0.462,-0.438,0.416,1
2285369.71,6.165,-1.25,0.608,0.468,-0.667,0.334,1
2285369.75,4.138,-0.033,-0.061,0.478,-0.95,0.001,1
2285369.76,3.209,0.331,-0.182,0.431,-0.822,-0.064,1
2285369.77,0.842,0.618,-0.251,0.326,-0.722,-0.104,1
2285369.78,-0.405,0.812,-0.706,0.046,-0.643,-0.073,1
2285369.79,-1.23,0.809,-0.62,-0.211,-0.494,0.002,1
2285369.8,-1.705,0.803,-0.031,-0.439,-0.449,0.078,1
2285369.81,-1.934,0.615,0.573,-0.598,-0.486,0.133,1
2285369.82,-1.821,0.371,1.36,-0.688,-0.561,0.148,1
2285369.829,-1.604,0.278,2.238,-0.698,-0.614,0.134,1
2285369.84,-1.598,0.339,3.107,-0.626,-0.622,0.097,1
2285369.85,-1.891,0.47,4.023,-0.462,-0.603,0.046,1
2285369.86,-2.899,0.613,4.137,-0.156,-0.444,0.038,1
2285369.87,-4.346,2.458,-0.52,0.617,-0.143,0.014,1
2285369.88,-0.691,-1.028,-6.005,2.126,-0.463,0.089,1
2285369.89,3.296,-1.432,-4.604,2.696,-0.955,0.806,1
2285369.9,5.481,1.278,-2.928,1.635,-1.023,1.224,1
2285369.91,10.818,2.482,-0.344,0.685,-0.954,1.412,1
2285369.95,39.995,0.763,-9.028,1.092,-0.805,-1.226,1
2285369.959,39.995,-1.639,-2.66,0.512,-0.06,-1.013,1
2285369.97,39.995,-7.511,-0.465,0.214,0.6,-0.755,1
2285369.98,39.995,-12.103,0.479,0,0.897,-0.728,1
2285369.99,25.316,-10.092,1.437,-0.365,0.889,-0.824,1
2285370,18.347,-8.729,1.769,-0.63,1.052,-0.743,1
2285370.01,15.134,-8.367,1.726,-0.88,1.329,-0.594,1
2285370.019,13.575,-8.188,2.17,-1.062,1.591,-0.437,1
2285370.03,12.599,-7.921,2.958,-1.045,1.68,-0.259,1
2285370.04,12.208,-7.097,2.834,-0.739,1.431,-0.1,1
2285370.05,12.091,-4.856,1.462,-0.221,1.01,-0.042,1
2285370.06,11.659,-2.816,0.065,0.222,0.828,-0.084,1
2285370.07,10.668,-1.522,-0.752,0.443,0.935,-0.15,1
2285370.08,9.479,-0.669,-0.784,0.519,1.134,-0.207,1
2285370.09,8.081,0.028,-0.576,0.568,1.258,-0.271,1
2285370.1,7.107,0.646,-0.625,0.637,1.272,-0.338,1
2285370.11,5.657,1.064,-1.769,0.87,0.932,-0.574,1
2285370.12,1.091,1.976,-7.214,1.31,0.499,-0.833,1
2285370.139,-8.95,0.397,-17.001,1.813,-0.214,-0.798,1
2285370.16,-5.853,-1.387,-11.604,1.23,-0.436,-0.341,1
2285370.17,-2.672,-1.986,-9.375,0.761,-0.412,-0.19,1
2285370.18,0.317,-2.035,-7.48,0.302,-0.329,-0.137,1
2285370.19,2.325,-1.92,-5.977,-0.087,-0.252,-0.151,1
2285370.2,4.17,-1.666,-2.554,-0.37,-0.203,-0.198,1
2285370.209,4.305,-1.104,-1.062,-0.527,-0.144,-0.258,1
2285370.22,4.02,-1.057,-0.359,-0.622,-0.159,-0.315,1
2285370.24,4.375,-1.101,-0.319,-0.726,-0.656,-0.308,1
2285370.25,4.082,-1.221,-0.393,-0.791,-0.916,-0.316,1
2285370.26,3.281,-1.354,-0.378,-0.882,-1.017,-0.312,1
2285370.27,2.373,-1.378,-0.183,-0.996,-0.999,-0.299,1
2285370.28,1.539,-1.364,-0.228,-1.125,-0.92,-0.278,1
2285370.3,0.566,-1.431,-0.27,-1.42,-0.8,-0.223,1
2285370.31,0.192,-1.593,-0.198,-1.563,-0.767,-0.203,1
2285370.319,-0.156,-1.888,-0.079,-1.685,-0.734,-0.184,1
2285370.34,-1.394,-2.982,0.663,-1.826,-0.492,-0.073,1
2285370.35,-1.938,-3.307,1.112,-1.768,-0.307,0.028,1
2285370.36,-2.363,-3.39,1.3,-1.655,-0.121,0.148,1
2285370.37,-2.758,-3.362,1.453,-1.513,0.04,0.288,1
2285370.38,-2.682,-3.354,1.442,-1.299,0.181,0.401,1
2285370.39,-1.617,-3.112,3.181,-0.651,0.132,0.294,1
2285370.4,-1.378,-1.888,2.197,0.015,-0.184,0.174,1
2285370.41,-1.593,-0.854,0.759,0.285,-0.374,0.277,1
2285370.419,0.735,-0.63,-0.01,0.323,-0.473,0.39,1
2285370.43,6.807,-1.864,0.614,0.307,-0.657,0.34,1
2285370.44,19.895,-4.727,1.759,0.311,-0.81,0.103,1
2285370.45,32.391,-6.259,4.888,0.155,-1.357,0.42,1
2285370.46,39.995,-7.639,5.228,0.091,-2.286,1.231,1
2285370.47,39.995,-6.293,0.741,0.308,-1.55,1.817,1
2285370.48,39.995,-4.784,6.566,0.944,1.275,1.53,1
2285370.49,39.995,-4.407,14.055,1.866,2.481,0.858,1
2285370.5,39.995,-2.424,11.735,2.525,1.773,0.614,1
2285370.51,39.995,-0.312,3.357,2.508,1.032,0.738,1
2285370.52,39.995,0.989,-1.708,1.906,1.073,0.749,1
2285370.529,39.995,2.148,-2.72,1.326,1.483,0.527,1
2285370.54,32.286,2.671,-2.305,0.74,1.578,0.07,1
2285370.56,15.325,2.134,-7.009,0.23,1.646,-0.143,1
2285370.57,9.852,1.528,-10.068,-0.1,1.453,-0.152,1
2285370.59,5.328,0.035,-7.899,-0.598,-0.311,-0.258,1
2285370.6,5.142,-0.068,-5.66,-0.687,-0.84,-0.393,1
2285370.61,2.95,-0.364,-6.213,-0.748,-1.223,-0.485,1
2285370.619,-0.704,-1.035,-9.073,-0.809,-1.5,-0.505,1
2285370.629,-8.635,-3.733,-14.666,-0.795,-1.179,-0.447,1
2285370.649,-7.545,-3.041,-9.27,-0.365,-0.001,-0.17,1
2285370.66,-4.805,-2.517,-5.568,-0.161,-0.128,-0.103,1
2285370.67,-2.642,-1.866,-2.715,-0.008,-0.335,-0.043,1
2285370.68,-0.402,-1.239,-0.906,0.113,-0.409,0.009,1
2285370.69,1.841,-0.623,-0.236,0.153,-0.307,0.029,1
2285370.7,3.674,-0.236,-0.044,0.1,-0.067,0.028,1
2285370.71,4.795,0.056,0.98,0.029,0.142,0.026,1
2285370.72,5.037,0.394,1.833,0.02,0.082,0.017,1
2285370.74,4.675,0.931,2.632,0.137,-0.539,-0.011,1
2285370.76,3.046,0.876,2.186,0.254,-1.282,-0.193,1
2285370.77,1.759,0.57,1.448,0.164,-1.359,-0.241,1
2285370.78,0.61,0.333,0.646,-0.022,-1.306,-0.252,1
2285370.79,-0.377,0.248,0.245,-0.261,-1.147,-0.227,1
2285370.8,-1.008,0.133,0.389,-0.483,-0.944,-0.178,1
2285370.81,-1.675,-0.004,0.69,-0.641,-0.774,-0.114,1
2285370.82,-1.969,-0.216,1.012,-0.729,-0.662,-0.051,1
2285370.83,-2.141,-0.397,1.276,-0.756,-0.606,0.005,1
2285370.849,-2.78,-0.574,1.763,-0.687,-0.574,0.104,1
2285370.86,-3.085,-0.53,2.279,-0.517,-0.513,0.204,1
2285370.87,-3.344,-0.4,2.789,-0.295,-0.371,0.266,1
2285370.88,-4.148,0.674,2.616,0.147,0.139,0.297,1
2285370.89,-3.014,1.482,1.995,1.409,2.381,0.234,1
2285370.9,-0.596,-1.112,1.879,2.659,2.649,0.235,1
2285370.91,0.344,-1.528,1.01,3.271,1.1,0.691,1
2285370.92,1.865,-0.161,-0.105,3.242,-0.774,1.156,1
2285370.93,4.963,0.721,-1.085,2.746,-2.123,1.342,1
2285370.94,16.27,-0.651,-3.218,2.186,-2.237,1.238,1
2285370.96,39.995,-7.314,-21.901,3.27,0.756,0.86,1
2285370.97,39.995,-9.99,-4.061,1.305,0.585,-0.03,1
2285370.98,39.995,-11.76,1.752,-0.162,-0.518,-0.555,1
2285370.99,39.995,-11.006,4.727,-1.048,-0.96,-0.526,1
2285371,39.995,-7.976,4.355,-1.536,-0.719,-0.519,1
2285371.01,32.762,-5.806,2.938,-1.902,-0.205,-0.669,1
2285371.02,23.424,-4.99,1.289,-2.343,0.572,-0.745,1
2285371.03,16.483,-4.884,0.728,-2.794,1.443,-0.702,1
2285371.04,11.331,-4.758,2.227,-3.046,2.01,-0.561,1
2285371.05,8.835,-4.921,3.669,-3.035,2.158,-0.403,1
2285371.06,7.899,-4.559,5.186,-2.824,2.102,-0.263,1
2285371.07,8.466,-2.158,5.409,-2.517,1.856,-0.145,1
2285371.08,8.937,-1.052,5.2,-1.968,1.222,-0.075,1
2285371.09,8.572,-0.443,4.066,-1.608,0.836,-0.062,1
2285371.1,7.49,0.012,3.502,-1.289,0.533,-0.018,1
2285371.11,6.237,0.636,2.975,-0.997,0.28,0.039,1
2285371.12,4.943,1.08,2.318,-0.739,0.019,0.104,1
2285371.13,4.155,1.251,2.009,-0.45,-0.339,0.106,1
2285371.14,3.109,2.231,3.378,0.28,-0.652,-0.171,1
2285371.16,-4.092,0.765,-2.159,3.784,0.406,-1.302,1
2285371.17,-5.685,-2.015,-4.132,4.696,0.476,-1.273,1
2285371.179,-6.047,-4.144,-5.961,5.154,0.347,-1.013,1
2285371.19,-4.746,-5.465,-8.331,5.128,0.285,-0.507,1
2285371.2,-2.465,-5.997,-10.92,4.696,0.456,-0.237,1
2285371.21,0.613,-5.708,-13.151,4.01,0.656,-0.096,1
2285371.22,4.126,-4.54,-14.789,3.085,0.639,-0.095,1
2285371.23,6.14,-3.3,-15.214,2.015,0.25,-0.145,1
2285371.24,6.387,-2.413,-14.359,0.95,-0.303,-0.13,1
2285371.249,5.913,-1.892,-12.504,0.032,-0.762,-0.045,1
2285371.26,4.713,-1.515,-10.223,-0.679,-1.028,0.047,1
2285371.27,3.606,-1.409,-7.876,-1.191,-1.104,0.106,1
2285371.29,0.768,-1.471,-0.326,-1.798,-0.794,0.219,1
2285371.3,1.404,-1.244,2.101,-1.797,-0.521,0.2,1
2285371.31,1.505,-2.045,1.445,-1.79,-0.356,0.098,1
2285371.32,0.859,-1.915,0.447,-1.911,-0.443,0.005,1
2285371.331,0.38,-1.674,-0.029,-2.093,-0.637,-0.059,1
2285371.349,-0.38,-1.948,0.304,-2.395,-0.891,-0.114,1
2285371.36,-0.596,-2.136,0.674,-2.473,-0.868,-0.098,1
2285371.37,-0.985,-2.278,0.997,-2.509,-0.791,-0.06,1
2285371.379,-1.102,-2.45,1.366,-2.509,-0.667,-0.007,1
2285371.39,-1.285,-2.736,1.487,-2.465,-0.511,0.05,1
2285371.4,-1.605,-3.013,1.659,-2.31,-0.302,0.194,1
2285371.41,-1.892,-3.145,2.028,-2.128,-0.184,0.345,1
2285371.42,-1.567,-3.04,2.51,-1.835,-0.117,0.506,1
2285371.43,2.937,-0.963,6.243,-1.159,-0.42,0.736,1
2285371.439,2.937,-0.963,6.243,0.1,-1.424,1.057,1
2285371.45,15.947,-3.734,5.427,1.172,-1.379,0.984,1
2285371.46,38.822,-7.588,11.041,1.945,-1.133,0.582,1
2285371.47,39.995,-9.817,14.98,2.935,-1.12,0.374,1
2285371.489,39.995,-10.647,7.33,4.097,1.147,1.034,1
2285371.5,39.995,-3.827,-1.893,3.597,1.707,0.764,1
2285371.51,39.995,-1.295,-5.638,2.932,2.249,0.312,1
2285371.52,35.658,0.386,-5.632,2.228,2.506,-0.019,1
2285371.53,25.116,1.37,-5.876,1.649,2.366,-0.294,1
2285371.54,17.357,1.501,-6.995,1.167,2.088,-0.515,1
2285371.55,11.912,1.093,-7.272,0.778,1.677,-0.633,1
2285371.58,7.65,1.588,-3.32,0.067,0.395,-0.481,1
2285371.59,7.463,1.467,-3.402,-0.106,0.243,-0.476,1
2285371.61,2.041,0.271,-5.261,-0.252,-0.623,-0.632,1
2285371.62,-1.144,-0.914,-6.851,-0.163,-1.591,-0.602,1
2285371.629,-4.045,-2.476,-9.833,-0.024,-1.253,-0.547,1
2285371.64,-7.185,-4.596,-13.395,0.189,-0.237,-0.53,1
2285371.66,-6.702,-5.725,-9.946,0.729,0.843,-0.406,1
2285371.67,-4.88,-4.69,-6.316,0.922,0.742,-0.249,1
2285371.68,-3.497,-3.777,-3.324,1.062,0.594,-0.052,1
2285371.7,-0.349,-3.016,-1.448,0.907,0.453,0.315,1
2285371.71,4.128,-3.329,-1.676,0.63,0.37,0.428,1
2285371.72,5.613,-3.792,-1.461,0.187,0.142,0.377,1
2285371.73,5.531,-4.221,-1.387,0.005,-0.354,0.24,1
2285371.74,4.309,-4.122,-1.586,-0.048,-0.561,0.095,1
2285371.759,0.27,-2.292,-2.131,-0.119,-0.613,-0.04,1
2285371.769,-0.594,-1.415,-1.851,-0.246,-0.567,0.005,1
2285371.78,-0.822,-0.833,-1.4,-0.405,-0.55,0.075,1
2285371.79,-1.075,-0.507,-1.072,-0.563,-0.593,0.134,1
2285371.8,-1.238,-0.386,-0.908,-0.709,-0.67,0.181,1
2285371.81,-1.436,-0.265,-0.811,-0.841,-0.749,0.23,1
2285371.819,-1.602,-0.175,-0.657,-0.962,-0.81,0.279,1
2285371.83,-1.696,-0.081,-0.524,-1.118,-0.828,0.357,1
2285371.84,-1.848,0.002,-0.394,-1.213,-0.79,0.407,1
2285371.86,-1.786,0.172,-0.159,-1.397,-0.699,0.51,1
2285371.87,-1.605,0.282,-0.089,-1.486,-0.658,0.552,1
2285371.88,-1.304,0.37,0.05,-1.558,-0.641,0.582,1
2285371.89,-0.729,0.355,0.765,-1.567,-0.688,0.604,1
2285371.9,0.553,0.52,2.186,-1.439,-0.833,0.596,1
2285371.91,2.524,1.107,4.006,-1.138,-1.023,0.513,1
2285371.919,4.919,1.727,5.371,-0.728,-1.131,0.356,1
2285371.93,13.444,2.516,7.982,-0.296,-1.2,0.161,1
2285371.94,22.756,2.612,10.038,0.429,-1.23,-0.238,1
2285371.96,39.995,-3.062,3.391,0.993,-0.008,0.271,1
2285371.97,39.995,-4.016,6.565,1.567,2.841,1.121,1
2285371.98,39.995,-5.188,12.498,2.853,4.618,0.935,1
2285371.99,39.995,-7.023,8.495,3.989,2.635,0.213,1
2285372,39.995,-5.981,0.497,4.07,-0.009,-0.291,1
2285372.01,33.972,-4.961,-3.523,3.483,-0.909,-0.618,1
2285372.02,24.387,-4.861,-5.563,2.661,-0.528,-0.827,1
2285372.03,19.041,-4.396,-6.627,1.683,0.425,-0.961,1
2285372.04,15.762,-4.607,-5.939,0.211,1.739,-1.101,1
2285372.06,9.794,-5.249,-2.733,-0.634,2.239,-1.155,1
2285372.07,6.554,-5.419,-0.881,-0.206,1.304,-0.998,1
2285372.09,5.391,-1.754,-1.55,0.179,0.202,-0.611,1
2285372.1,7.04,-1.173,-1.941,0.02,0.197,-0.224,1
2285372.11,6.213,-0.688,-2.064,-0.034,0.161,-0.246,1
2285372.12,4.689,-0.317,-2.753,0.1,-0.149,-0.369,1
2285372.14,0.468,-0.985,-5.376,0.827,-0.486,-0.789,1
2285372.149,-3.905,-3.206,-8.292,1.167,-0.108,-0.954,1
2285372.16,-4.827,-3.624,-8.047,1.373,0.467,-1.007,1
2285372.17,-5.011,-3.663,-7.159,1.263,0.544,-0.864,1
2285372.18,-4.235,-3.569,-6.086,1.013,0.389,-0.627,1
2285372.19,-1.99,-3.364,-4.988,0.706,0.092,-0.364,1
2285372.2,0.717,-2.933,-3.987,0.437,-0.197,-0.147,1
2285372.21,2.605,-2.378,-3.159,0.25,-0.384,-0.005,1
2285372.22,3.674,-1.819,-2.717,0.13,-0.476,0.053,1
2285372.23,3.683,-1.473,-2.838,0.032,-0.545,0.081,1
2285372.25,3.042,-1.128,-2.96,-0.201,-0.707,0.054,1
2285372.26,2.035,-0.886,-2.466,-0.365,-0.724,0.071,1
2285372.27,1.377,-0.804,-1.893,-0.45,-0.704,0.112,1
2285372.28,1.066,-0.862,-1.448,-0.533,-0.684,0.142,1
2285372.29,0.885,-0.881,-1.222,-0.636,-0.661,0.155,1
2285372.3,0.721,-0.967,-1.145,-0.758,-0.652,0.155,1
2285372.31,0.531,-1.051,-1.088,-0.897,-0.687,0.146,1
2285372.32,0.293,-1.156,-1.012,-1.037,-0.756,0.132,1
2285372.33,-0.005,-1.237,-0.886,-1.182,-0.82,0.119,1
2285372.34,-0.217,-1.25,-0.726,-1.327,-0.856,0.105,1
2285372.349,-0.283,-1.302,-0.54,-1.469,-0.85,0.089,1
2285372.36,-0.529,-1.558,-0.022,-1.647,-0.74,0.07,1
2285372.37,-0.621,-1.731,0.292,-1.731,-0.596,0.059,1
2285372.38,-0.908,-1.982,0.552,-1.778,-0.451,0.054,1
2285372.39,-1.449,-2.726,1.603,-1.728,-0.451,0.075,1
2285372.4,-1.855,-4.402,4.249,-1.25,-1.097,0.191,1
2285372.41,-0.028,-4.995,3.268,-0.19,-1.57,0.396,1
2285372.42,1.29,-2.85,-0.162,0.641,-0.77,0.506,1
2285372.43,1.604,-1.334,-1.306,0.763,0.2,0.48,1
2285372.439,3.282,-1.23,-1.172,0.578,0.475,0.401,1
2285372.449,10.45,-3.374,-2.719,0.241,0.509,0.445,1
2285372.46,27.437,-4.784,-1.364,-0.411,0.775,1.172,1
2285372.47,39.995,-5.638,3.049,-0.027,0.901,2.564,1
2285372.48,39.995,-11.29,6.097,0.726,1.388,2.582,1
2285372.49,39.995,-12.711,13.923,0.799,-0.833,1.058,1
2285372.499,39.995,-7.744,9.449,0.611,-1.989,0.392,1
2285372.51,39.995,-3.264,5.131,0.316,-1.186,0.473,1
2285372.519,39.995,0.409,-1.3,-0.252,0.203,0.632,1
2285372.53,39.761,0.25,-2.743,-0.864,0.968,0.444,1
2285372.549,25.729,0.125,-0.062,-1.516,1.085,-0.125,1
2285372.56,19.677,0.57,0.792,-1.573,0.889,-0.227,1
2285372.569,15.394,1.335,1.708,-1.509,0.703,-0.23,1
2285372.58,10.59,2.915,1.018,-1.304,0.634,-0.145,1
2285372.59,8.499,3.073,0.077,-1.182,0.656,-0.115,1
2285372.599,5.657,2.924,-1.187,-1.078,0.813,-0.086,1
2285372.61,2.03,2.795,-4.364,-1.027,1.253,-0.047,1
2285372.619,-4.955,3.033,-15.066,-1.093,2.253,0.03,1
2285372.629,-11.855,1.637,-36.693,-1.785,-1.266,0.28,1
2285372.639,-11.909,0.122,-20.953,-1.914,-1.443,0.387,1
2285372.649,-8.322,-0.575,-12.297,-1.989,-0.474,0.52,1
2285372.66,-5.247,-0.753,-7.468,-1.949,0.069,0.522,1
2285372.67,-3.212,-0.505,-3.566,-1.804,0.127,0.432,1
2285372.68,-1.018,-0.234,1.388,-1.476,0.142,0.288,1
2285372.689,0.769,-0.371,5.984,-0.892,0.212,0.098,1
2285372.7,2.158,-0.103,4.993,-0.001,0.057,-0.154,1
2285372.71,2.941,0.325,2.998,0.329,-0.184,-0.236,1
2285372.72,3.092,0.659,2.605,0.599,-0.39,-0.219,1
2285372.73,3.882,0.905,2.944,0.872,-0.605,-0.2,1
2285372.74,4.738,0.93,3.065,1.127,-0.79,-0.222,1
2285372.75,4.62,0.754,2.341,1.306,-0.862,-0.274,1
2285372.76,3.568,0.575,1.332,1.376,-0.845,-0.324,1
2285372.77,2.222,0.581,0.583,1.345,-0.839,-0.34,1
2285372.78,1.023,0.57,0.134,1.242,-0.9,-0.331,1
2285372.79,-0.339,0.258,-0.701,0.983,-1.036,-0.291,1
2285372.8,-0.548,0.103,-0.914,0.761,-1.092,-0.253,1
2285372.81,-0.59,-0.046,-1.154,0.508,-1.101,-0.22,1
2285372.82,-0.579,-0.204,-1.332,0.227,-1.072,-0.194,1
2285372.83,-0.596,-0.289,-1.394,-0.068,-0.985,-0.177,1
2285372.84,-0.636,-0.316,-1.293,-0.365,-0.817,-0.166,1
2285372.849,-0.681,-0.272,-0.818,-0.626,-0.594,-0.161,1
2285372.86,-0.74,-0.19,-0.228,-0.802,-0.393,-0.161,1
2285372.87,-0.967,-0.172,0.178,-0.902,-0.245,-0.158,1
2285372.88,-1.351,-0.223,0.408,-0.943,-0.154,-0.133,1
2285372.89,-1.676,-0.294,0.682,-0.936,-0.109,-0.082,1
2285372.9,-1.948,-0.443,1.298,-0.853,-0.103,-0.002,1
2285372.91,-1.051,-3.047,1.765,0.867,0.643,-0.072,1
2285372.92,-0.12,-4.169,1.149,2.754,0.577,0.043,1
2285372.929,0.109,-2.421,1.296,3.183,-0.081,0.377,1
2285372.95,4.031,1.641,-0.088,2.461,-0.862,0.718,1
2285372.96,9.821,2.539,0.205,1.837,-1.039,0.728,1
2285372.97,23.457,1.703,1.842,1.162,-1.063,0.514,1
2285372.98,39.995,-2.544,3.289,0.409,-0.62,0.233,1
2285372.99,39.995,-5.742,2.14,0.194,1.376,0.082,1
2285373,39.995,-8.967,17.98,2.111,5.616,0.087,1
2285373.01,39.995,-7.902,9.053,2.465,-0.169,-0.216,1
2285373.02,39.995,-5.833,1.582,1.747,-1.894,-0.414,1
2285373.03,30.658,-4.21,-1.588,1.024,-1.581,-0.762,1
2285373.041,22.33,-3.65,-2.618,0.218,-0.546,-0.962,1
2285373.05,16.46,-3.434,-2.367,-0.597,0.6,-1.035,1
2285373.059,12.303,-3.778,-1.492,-1.3,1.449,-1.036,1
2285373.069,9.586,-4.178,-0.449,-1.79,1.908,-1.026,1
2285373.08,7.106,-4.175,1.414,-2.04,2.082,-0.979,1
2285373.09,4.637,-3.932,3.062,-2.024,2.137,-0.843,1
2285373.099,4.158,-3.444,3.49,-1.885,2.055,-0.657,1
2285373.11,4.333,-3.502,3.738,-1.67,1.739,-0.531,1
2285373.13,2.811,-3.208,3.943,-0.17,-0.931,-0.586,1
2285373.15,0.791,-1.553,1.608,0.605,-2.169,-0.587,1
2285373.16,-0.475,-1.56,1.378,1.137,-2.759,-0.654,1
2285373.17,-1.879,-2.231,0.767,2.3,-1.837,-0.971,1
2285373.18,-3.162,-4.078,-1.637,3.556,0.28,-1.375,1
2285373.19,-3.762,-6.014,-3.278,4.366,1.961,-1.462,1
2285373.2,-3.336,-7.676,-4.126,4.796,2.753,-1.249,1
2285373.21,-2.296,-9.165,-5.07,4.965,2.859,-0.859,1
2285373.22,1.375,-9.705,-9.094,4.663,2.409,-0.184,1
2285373.23,3.608,-8.749,-11.653,4.096,2.007,0.171,1
2285373.24,6.06,-7.44,-14.102,3.298,1.604,0.361,1
2285373.25,7.957,-6.002,-15.542,2.331,1.147,0.301,1
2285373.26,6.083,-4.216,-15.543,1.321,0.574,0.075,1
2285373.27,2.152,-2.065,-13.618,0.398,-0.092,-0.061,1
2285373.28,-0.243,-0.785,-10.916,-0.308,-0.565,-0.04,1
2285373.29,-1.364,0.006,-8.337,-0.82,-0.738,0.013,1
2285373.3,-1.471,0.061,-4.607,-1.226,-0.592,0.084,1
2285373.31,-1.053,-0.173,-1.931,-1.498,-0.204,0.171,1
2285373.32,-0.873,-0.453,0.468,-1.765,-0.199,0.261,1
2285373.339,-0.9,-0.554,0.535,-1.872,-0.368,0.239,1
2285373.35,-0.723,-0.664,0.422,-1.961,-0.492,0.206,1
2285373.36,-0.724,-0.718,0.463,-2.048,-0.589,0.179,1
2285373.38,-1.084,-0.842,1.06,-2.149,-0.575,0.19,1
2285373.39,-1.156,-1.008,0.984,-2.207,-0.509,0.195,1
2285373.4,-1.168,-1.359,0.541,-2.322,-0.421,0.189,1
2285373.41,-0.895,-1.62,0.333,-2.469,-0.293,0.169,1
2285373.42,-0.294,-1.641,0.662,-2.588,-0.146,0.155,1
2285373.45,25.953,-5.841,6.906,-3.053,-1.156,0.725,1
2285373.46,39.373,-8.411,9.662,-3.111,-2.315,1.358,1
2285373.47,39.995,-7.771,17.286,-2.696,-2.935,1.465,1
2285373.48,39.995,-6.299,17.629,-1.398,-2.569,0.858,1
2285373.49,39.995,-4.139,11.083,-0.175,-1.131,0.585,1
2285373.5,39.995,-1.99,9.382,0.839,0.488,0.76,1
2285373.51,39.995,-1.16,6.052,1.567,1.428,0.845,1
2285373.52,39.995,-1.399,2.769,1.8,1.79,0.726,1
2285373.529,39.995,-0.712,1.376,1.821,1.799,0.445,1
2285373.539,38.789,-0.165,0.519,1.789,1.844,0.139,1
2285373.55,30.044,0.507,0.493,1.726,1.849,-0.249,1
2285373.559,22.653,0.896,0.742,1.718,1.724,-0.406,1
2285373.569,17.395,1.157,0.298,1.691,1.618,-0.561,1
2285373.58,12.939,1.14,-0.258,1.645,1.546,-0.701,1
2285373.59,9.061,1.172,-0.897,1.604,1.567,-0.788,1
2285373.6,4.55,0.952,-4.113,1.63,2.21,-0.828,1
2285373.61,-2.778,-0.991,-24.611,2.127,3.353,-0.852,1
2285373.619,-6.124,-2.808,-35.223,2.811,0.615,-0.786,1
2285373.629,-6.769,-3.824,-15.255,2.612,-1.033,-0.65,1
2285373.65,-4.539,-2.634,-5.602,1.868,-0.993,-0.346,1
2285373.67,-2.941,-2.38,-3.323,1.475,-0.394,-0.237,1
2285373.68,-2.482,-2.319,-2.689,0.976,0.281,-0.059,1
2285373.7,-0.623,-2.91,-2.316,0.671,0.067,0.258,1
2285373.71,0.145,-3.307,-2.073,0.59,-0.067,0.393,1
2285373.72,1.471,-3.303,-1.714,0.505,-0.022,0.469,1
2285373.73,2.604,-3.395,-1.84,0.373,0.065,0.466,1
2285373.75,3.246,-3.756,-1.392,0.001,-0.218,0.286,1
2285373.769,1.206,-4.198,-0.809,-0.155,-0.464,0.162,1
2285373.78,0.41,-4.415,-0.833,-0.451,-0.94,0.098,1
2285373.79,-0.186,-4.457,-0.803,-0.567,-0.99,0.163,1
2285373.8,-0.544,-4.291,-0.809,-0.697,-0.955,0.244,1
2285373.81,-0.652,-4.08,-0.734,-0.834,-0.893,0.316,1
2285373.82,-0.604,-3.799,-0.549,-0.965,-0.834,0.376,1
2285373.83,-0.59,-3.331,-0.348,-1.082,-0.803,0.44,1
2285373.84,-0.438,-2.698,-0.205,-1.181,-0.78,0.514,1
2285373.85,-0.076,-1.985,-0.052,-1.272,-0.734,0.583,1
2285373.86,0.723,-0.63,1.11,-1.371,-0.674,0.635,1
2285373.869,0.255,-0.706,3.306,-0.863,-1.732,0.642,1
2285373.88,1.763,-1.749,-0.765,0.037,-2.601,0.777,1
2285373.89,5.337,-0.704,-3.027,-0.096,-1.266,0.779,1
2285373.9,6.423,1.047,-1.813,-0.779,-0.336,0.664,1
2285373.91,7.036,1.931,0.593,-1.483,0.089,0.619,1
2285373.92,9.111,3.159,4.321,-1.97,0.192,0.662,1
2285373.929,13.87,2.9,7.286,-2.202,-0.066,0.71,1
2285373.95,39.752,1.014,15.621,-2.002,-1.34,0.337,1
2285373.961,39.995,4.423,17.698,-0.062,0.897,0.708,1
2285373.969,39.995,-0.901,14.678,1.88,2.842,1.107,1
2285373.98,39.995,-0.596,10.308,1.997,-0.659,-0.222,1
2285373.99,39.995,0.436,3.109,1.836,-0.793,-0.429,1
2285374,39.995,-0.048,0.045,1.363,-0.474,-0.108,1
2285374.01,34.696,-0.707,-0.359,0.868,-0.227,-0.093,1
2285374.02,28.829,-1.482,-1.227,0.354,0.127,-0.379,1
2285374.03,23.027,-2.067,-2.454,-0.293,0.673,-0.651,1
2285374.05,15.612,-2.778,-2.05,-1.717,1.819,-0.927,1
2285374.06,13.418,-2.656,0.487,-1.998,1.926,-0.956,1
2285374.07,11.318,-2.629,4.349,-1.993,1.808,-0.853,1
2285374.08,10.688,-3.549,5.852,-1.72,1.762,-0.691,1
2285374.09,10.031,-3.116,6.859,0.051,2.613,-0.598,1
2285374.1,8.901,-2.095,3.8,1.571,2.214,-0.544,1
2285374.11,7.607,-1.696,1,2.31,1.038,-0.541,1
2285374.12,5.006,-1.954,-0.498,2.787,-0.29,-0.677,1
2285374.129,2.085,-2.694,-1.91,3.161,-1.354,-0.841,1
2285374.139,-1.272,-3.738,-4.408,3.52,-1.621,-0.997,1
2285374.21,-0.084,-6.569,-12.356,0.924,-0.059,0.206,1
2285374.229,2.538,-5.656,-9.391,-0.311,-0.835,0.58,1
2285374.25,4.258,-3.788,-4.91,-0.976,-1.167,0.629,1
2285374.259,4.839,-2.983,-2.997,-1.175,-1.291,0.524,1
2285374.269,4.565,-2.179,-1.815,-1.341,-1.391,0.413,1
2285374.28,3.71,-1.365,-0.314,-1.462,-1.346,0.355,1
2285374.29,2.393,-1.008,0.73,-1.538,-1.235,0.38,1
2285374.299,2.281,-1.331,0.184,-1.631,-1.291,0.423,1
2285374.31,2.053,-1.504,0.089,-1.777,-1.514,0.395,1
2285374.32,1.714,-1.642,0.131,-1.854,-1.556,0.371,1
2285374.339,0.856,-1.613,0.117,-1.989,-1.377,0.347,1
2285374.349,0.471,-1.497,0.135,-2.076,-1.18,0.362,1
2285374.359,0.226,-1.373,0.22,-2.163,-1.018,0.384,1
2285374.369,0.013,-1.442,0.295,-2.239,-0.902,0.402,1
2285374.38,-0.272,-1.667,0.43,-2.299,-0.796,0.421,1
2285374.39,-0.325,-1.848,0.852,-2.327,-0.667,0.443,1
2285374.399,-0.208,-1.775,1.385,-2.304,-0.517,0.451,1
2285374.41,-0.53,-1.377,1.984,-2.183,-0.31,0.462,1
2285374.42,-0.992,-0.891,2.372,-2.071,-0.049,0.513,1
2285374.429,0.012,-0.84,3.04,-1.954,-0.087,0.618,1
2285374.45,14.664,-2.981,5.277,-1.869,-0.776,0.786,1
2285374.46,34.261,-5.568,10.146,-1.808,-1.385,1.098,1
2285374.47,39.995,-6.417,15.24,-1.337,-1.949,1.156,1
2285374.48,39.995,-7.162,15.056,-0.673,-1.682,0.641,1
2285374.49,39.995,-5.699,13.682,0.012,-1.007,0.437,1
2285374.5,39.995,-3.416,10.149,0.486,0.146,0.801,1
2285374.51,39.995,-0.59,1.526,0.73,1.414,0.929,1
2285374.52,39.995,-0.352,0.215,0.802,2.535,0.497,1
2285374.53,34.17,-0.034,1.492,0.816,2.588,0.249,1
2285374.54,26.566,0.42,1.302,0.891,2.393,0.034,1
2285374.55,19.763,1.152,1.195,1.022,2.327,-0.168,1
2285374.56,13.958,1.641,-0.465,1.266,2.704,-0.272,1
2285374.57,10.647,1.523,-1.199,1.506,3.422,-0.277,1
2285374.59,4.891,0.787,-7.869,1.88,4.415,-0.17,1
2285374.6,1.295,1.759,-26.156,2.59,4.649,-0.115,1
2285374.61,0.094,-0.013,-12.822,3.026,0.841,-0.023,1
2285374.62,0.153,-0.438,-6.233,2.671,-2.135,0.099,1
2285374.63,-0.186,-0.525,-6.72,1.942,-3.107,0.255,1
2285374.65,-1.631,-3.158,-12.179,1.278,-1.13,0.238,1
2285374.669,-0.387,-2.69,-7.576,0.597,0.512,0.068,1
2285374.68,0.42,-2.719,-5.712,0.316,0.819,-0.013,1
2285374.69,1.533,-2.922,-4.441,0.117,0.84,-0.081,1
2285374.7,2.433,-2.819,-3.479,-0.054,0.734,-0.119,1
2285374.71,3.057,-2.733,-2.683,-0.222,0.502,-0.103,1
2285374.72,4.634,-3.126,-2.225,-0.349,0.131,-0.052,1
2285374.73,4.688,-3.683,-1.052,-0.415,-0.434,-0.028,1
2285374.74,3.43,-3.346,-0.781,-0.425,-0.666,-0.012,1
2285374.75,2.083,-3.099,-0.728,-0.434,-0.717,0.033,1
2285374.76,1.018,-2.938,-0.713,-0.451,-0.665,0.056,1
2285374.77,0.186,-2.675,-0.671,-0.478,-0.625,0.056,1
2285374.78,-0.358,-2.474,-0.618,-0.528,-0.612,0.053,1
2285374.79,-0.699,-2.483,-0.54,-0.62,-0.608,0.054,1
2285374.8,-0.957,-2.742,-0.47,-0.747,-0.635,0.071,1
2285374.81,-1.091,-3.057,-0.322,-0.877,-0.713,0.1,1
2285374.82,-1.199,-3.455,-0.182,-0.977,-0.859,0.142,1
2285374.83,-1.152,-3.676,-0.2,-1.056,-1.001,0.201,1
2285374.84,-1.012,-3.586,-0.417,-1.258,-1.039,0.271,1
2285374.85,-0.918,-3.361,-0.404,-1.473,-0.789,0.403,1
2285374.859,-0.621,-3.062,-0.127,-1.713,-0.546,0.484,1
2285374.869,0.057,-2.727,0.364,-1.923,-0.396,0.518,1
2285374.88,0.503,-2.726,1.294,-2.018,-0.407,0.504,1
2285374.889,0.465,-3.02,3.492,-1.702,-0.941,0.459,1
2285374.9,1.35,-2.938,2.483,-1.482,-1.112,0.4,1
2285374.91,3.374,-1.604,2.219,-1.581,-0.817,0.263,1
2285374.92,4.209,-0.808,3.317,-1.694,-0.625,0.191,1
2285374.929,5.726,0.144,5.752,-1.684,-0.701,0.233,1
2285374.94,17.294,2.397,12.181,-1.509,-1.087,0.282,1
2285374.95,36.171,2.86,16.285,-0.833,-2.096,0.219,1
2285374.959,39.995,6.926,12.196,0.473,-0.081,0.846,1
2285374.969,39.995,1.422,17.041,2.296,4.252,1.96,1
2285374.98,39.995,1.261,16.36,2.61,1.259,1.36,1
2285374.99,39.995,1.652,3.818,2.85,-0.09,0.599,1
2285375,39.995,1.276,0.413,2.668,0.666,0.287,1
2285375.01,39.595,0.343,-0.042,2.27,0.468,-0.092,1
2285375.02,30.417,-0.319,-1.575,1.818,0.31,-0.548,1
2285375.029,23.358,-0.221,-2.773,1.268,0.538,-0.927,1
2285375.039,18.209,0.146,-2.892,0.636,0.949,-1.158,1
2285375.05,14.502,0.125,-2.147,-0.15,1.484,-1.286,1
2285375.059,11.791,-0.081,-1.462,-0.429,1.775,-1.293,1
2285375.069,9.957,-0.206,-0.874,-0.508,2.081,-1.252,1
2285375.08,8.419,-0.448,-0.526,-0.366,2.557,-1.174,1
2285375.089,6.47,-1.852,-1.963,0.244,3.555,-1.122,1
2285375.1,4.224,-3.435,-4.083,2.249,3.492,-1.027,1
2285375.11,2.006,-4.6,-3.162,3.133,1.078,-0.753,1
2285375.12,0.126,-4.656,-3.519,3.092,-0.788,-0.465,1
2285375.129,-0.175,-5.14,-4.02,3.067,-1.679,-0.338,1
2285375.142,-0.631,-6.755,-7.939,3.194,-1.567,-0.38,1
2285375.15,-1.173,-5.948,-9.008,3.102,-0.651,-0.471,1
2285375.28,-0.802,-1.099,-0.334,-0.855,-0.863,0.108,1
2285375.29,-0.674,-1.182,-0.221,-0.968,-0.846,0.155,1
2285375.3,-0.466,-1.248,-0.077,-1.076,-0.831,0.213,1
2285375.32,0.066,-1.348,-0.044,-1.266,-0.88,0.377,1
2285375.33,0.575,-1.482,-0.181,-1.375,-0.963,0.464,1
2285375.34,1.03,-1.669,-0.334,-1.491,-1.043,0.532,1
2285375.35,1.564,-1.835,-0.468,-1.619,-1.08,0.578,1
2285375.37,3.318,-2.26,0.472,-1.937,-0.966,0.602,1
2285375.38,2.002,-1.757,5.187,-0.874,-2.903,0.428,1
2285375.39,1.744,-3.793,-4.175,0.398,-3.636,0.663,1
2285375.4,3.918,-5.403,-5.692,0.039,-1.426,0.968,1
2285375.41,5.828,-5.565,-4.296,-0.872,-0.216,1.442,1
2285375.42,9.315,-8.284,-3.42,-1.873,0.291,1.992,1
2285375.43,14.072,-12.367,-2.162,-2.916,0.577,2.458,1
2285375.439,19.636,-16.927,-0.167,-3.831,0.598,2.629,1
2285375.45,26.952,-22.251,2.369,-4.503,0.45,2.463,1
2285375.459,36.81,-18.439,12.83,-3.874,0.06,2.021,1
2285375.47,39.995,-20.858,5.413,-1.071,-0.57,1.902,1
2285375.48,39.995,-22.25,6.598,-1.327,-0.233,1.143,1
2285375.49,39.995,-21.674,8.123,-2.195,-0.748,1.14,1
2285375.5,39.995,-17.92,12.354,-2.453,-1.305,1.77,1
2285375.51,39.995,-12.802,14.187,-2.409,-1.583,2.147,1
2285375.52,39.995,-8.879,12.299,-2.159,-1.231,2.164,1
2285375.529,39.995,-6.215,9.911,-1.82,-0.541,1.904,1
2285375.54,39.995,-4.794,9.72,-1.368,-0.04,1.699,1
2285375.55,35.583,-3.365,9.202,-0.847,0.316,1.571,1
2285375.559,29.849,-2.537,8.674,-0.265,0.615,1.496,1
2285375.57,25.303,-2.177,6.869,0.263,1.026,1.468,1
2285375.58,14.452,0.691,-1.414,0.74,1.584,1.387,1
2285375.59,7.939,3.077,-7.766,0.997,3.104,1.412,1
2285375.77,-3.555,4.741,-1.753,0.326,-0.549,-0.04,1
2285375.78,-2.965,4.213,-1.558,0.265,-0.715,-0.062,1
2285375.79,-2.495,3.458,-0.502,0.239,-0.941,-0.145,1
2285375.799,-0.518,1.515,1.876,0.263,-1.151,-0.27,1
2285375.81,0.624,0.764,2.776,0.413,-1.343,-0.521,1
2285375.82,1.221,0.347,3.201,0.55,-1.445,-0.71,1
2285375.83,1.134,0.33,3.107,0.672,-1.52,-0.887,1
2285375.85,-0.128,0.542,2.377,0.837,-1.594,-1.144,1
2285375.859,-0.768,0.695,1.708,0.854,-1.529,-1.151,1
2285375.87,-1.16,0.621,0.795,0.754,-1.287,-1.054,1
2285375.88,-1.256,0.186,0.642,0.509,-0.872,-0.834,1
2285375.89,-0.884,-0.187,0.881,0.218,-0.476,-0.551,1
2285375.9,-0.496,-0.479,1.908,-0.059,-0.196,-0.288,1
2285375.91,-0.245,-0.706,2.904,-0.18,-0.095,-0.111,1
2285375.92,-0.339,-0.648,3.401,-0.125,-0.217,0.007,1
2285375.93,-0.806,-0.304,3.566,0.014,-0.339,0.056,1
2285375.94,-0.878,-0.101,3.09,0.159,-0.439,0.09,1
2285375.95,-0.452,-0.045,1.71,0.233,-0.609,0.104,1
2285375.97,7.546,-2.537,-13.392,-0.589,-0.843,-0.217,1
2285375.98,6.697,-2.635,-6.489,-0.509,0.723,-0.401,1
2285375.99,7.532,-6.902,-13.702,-0.425,1.568,-0.529,1
2285375.999,6.4,-5.868,-8.563,-0.436,0.374,-0.583,1
2285376.01,15.552,-5.437,2.971,-0.297,0.159,-0.695,1
2285376.02,25.559,-9.003,5.048,-0.062,0.78,-1.01,1
2285376.03,39.993,-11.01,6.313,0.333,1.532,-1.904,1
2285376.04,39.995,-10.245,4.532,0.563,1.056,-2.616,1
2285376.05,39.995,-8.472,3.632,0.33,1.433,-2.698,1
2285376.06,39.995,-8.184,9.994,-0.371,1.797,-2.038,1
2285376.07,39.995,-10.305,11.725,-0.903,1.695,-0.701,1
2285376.08,39.995,-16.984,10.917,-0.933,1.792,0.301,1
2285376.09,39.995,-19.623,9.407,-0.429,1.439,0.429,1
2285376.099,38.064,-15.269,6.687,0.264,1.054,0.418,1
2285376.11,22.739,-9.537,5.1,0.82,0.913,0.587,1
2285376.12,15.134,-5.393,2.572,1.235,0.838,0.753,1
2285376.13,10.314,-2.169,-0.227,1.61,0.88,0.905,1
2285376.14,7.25,0.361,-2.904,1.644,0.886,0.968,1
2285376.149,5.817,1.527,-4.873,1.556,0.867,0.933,1
2285376.159,5.77,1.824,-6.217,1.428,0.859,0.758,1
2285376.17,4.175,1.79,-8.568,1.274,0.711,0.543,1
2285376.18,1.602,1.217,-12.887,1.042,0.253,0.347,1
2285376.19,0.752,0.009,-15.066,0.798,-0.363,0.18,1
2285376.2,1.26,-1.213,-14.52,0.539,-0.666,0.055,1
2285376.21,1.346,-2.046,-12.312,0.271,-0.614,-0.008,1
2285376.22,1.729,-2.462,-9.52,0.055,-0.433,-0.07,1
2285376.23,1.719,-2.871,-6.44,-0.063,-0.295,-0.192,1
2285376.24,1.681,-2.755,-5.623,-0.37,-0.309,-0.405,1
2285376.25,1.113,-2.57,-3.716,-0.581,-0.327,-0.549,1
2285376.26,0.933,-2.313,-2.18,-0.731,-0.345,-0.644,1
2285376.27,0.626,-1.96,-1.176,-0.867,-0.382,-0.707,1
2285376.28,0.393,-1.595,-0.864,-1.01,-0.454,-0.738,1
2285376.29,0.392,-1.362,-0.758,-1.17,-0.567,-0.762,1
2285376.3,0.222,-1.29,-0.469,-1.316,-0.673,-0.799,1
2285376.31,-0.087,-1.267,-0.262,-1.421,-0.72,-0.833,1
2285376.32,-0.397,-1.262,-0.035,-1.491,-0.705,-0.847,1
2285376.33,-0.614,-1.394,0.695,-1.523,-0.661,-0.832,1
2285376.34,-0.615,-1.691,1.742,-1.502,-0.619,-0.797,1
2285376.35,-0.417,-2.006,2.931,-1.419,-0.595,-0.754,1
2285376.36,-0.564,-2.166,3.96,-1.2,-0.619,-0.664,1
2285376.38,-0.758,-1.982,5.317,-0.795,-0.743,-0.378,1
2285376.39,-0.72,-1.814,5.576,-0.548,-0.786,-0.192,1
2285376.4,-0.563,-1.542,5.316,-0.31,-0.736,-0.018,1
2285376.41,-0.486,-1.206,4.929,-0.074,-0.608,0.127,1
2285376.42,-0.27,-0.978,3.693,0.116,-0.436,0.219,1
2285376.43,0.031,-0.897,2.485,0.253,-0.25,0.258,1
2285376.44,0.344,-0.588,0.941,0.345,-0.082,0.254,1
2285376.45,0.082,-0.438,0.447,0.412,0.051,0.24,1
2285376.459,-0.288,-0.094,-0.283,0.494,0.142,0.236,1
2285376.47,-0.747,0.63,-1.726,0.536,0.07,0.23,1
2285376.49,-1.846,2.421,-6.072,0.533,-0.337,0.188,1
2285376.5,-2.128,5.674,-15.042,0.492,-0.808,0.138,1
2285376.51,0.061,8.278,-21.075,0.322,-1.712,0.032,1
2285376.52,3.285,4.714,-9.159,0.17,-1.539,-0.019,1
2285376.53,3.011,-0.125,5.63,0.28,-0.495,-0.004,1
2285376.56,6.171,-1.223,3.417,0.431,-0.924,-0.119,1
2285376.57,16.146,-3.756,2.963,0.386,-1.035,-0.334,1
2285376.58,31.226,-7.214,-2.428,0.204,1.06,-0.526,1
2285376.59,39.995,-7.477,3.051,0.265,2.78,-0.658,1
2285376.61,39.995,-1.674,6.978,1.386,2.347,-0.856,1
2285376.619,39.995,-0.887,-23.295,0.194,-0.183,-1.412,1
2285376.629,39.995,0.842,3.506,-0.117,-0.454,-0.712,1
2285376.65,39.995,-5.968,9.518,0.102,0.578,0.652,1
2285376.659,39.995,-9.708,6.022,0.241,1.025,0.6,1
2285376.669,27.043,-11.417,1.091,0.505,1.068,0.393,1
2285376.68,18.754,-8.954,0.686,1.284,0.67,0.214,1
2285376.69,13.621,-5.764,-0.1,1.687,0.497,0.24,1
2285376.7,11.321,-2.994,-1.541,1.781,0.478,0.312,1
2285376.71,8.905,-0.906,-2.373,1.618,0.792,0.375,1
2285376.72,7.139,0.17,-3.428,1.289,1.195,0.416,1
2285376.729,5.179,0.363,-4.65,0.911,1.443,0.353,1
2285376.74,2.175,0.1,-5.837,0.618,1.467,0.233,1
2285376.75,-1.442,-0.59,-8.936,0.512,1.184,0.098,1
2285376.76,-4.512,-1.841,-11.954,0.65,0.415,-0.064,1
2285376.77,-5.737,-2.551,-13.342,0.894,-0.54,-0.2,1
2285376.78,-5.946,-2.805,-13.622,1.024,-1.128,-0.222,1
2285376.79,-4.807,-2.883,-13.149,0.795,-0.836,-0.136,1
2285376.8,-3.241,-2.847,-11.646,0.363,-0.359,-0.033,1
2285376.829,1.077,-2.296,-4.918,-0.856,-0.176,-0.004,1
2285376.84,2.334,-1.572,-2.485,-1.012,-0.346,-0.059,1
2285376.849,3.745,0.12,1.185,-0.999,-0.45,-0.14,1
2285376.86,3.745,0.12,1.185,-0.867,-0.525,-0.225,1
2285376.87,2.339,1.111,1.93,-0.686,-0.591,-0.276,1
2285376.88,1.903,1.323,2.01,-0.533,-0.594,-0.307,1
2285376.89,1.667,1.343,1.975,-0.389,-0.528,-0.337,1
2285376.9,1.295,1.289,1.597,-0.376,-0.478,-0.36,1
2285376.91,0.715,1.033,0.992,-0.473,-0.441,-0.374,1
2285376.92,-0.011,0.681,0.793,-0.659,-0.421,-0.37,1
2285376.93,-0.793,0.314,0.92,-0.859,-0.432,-0.327,1
2285376.94,-1.196,-0.02,1.106,-1.029,-0.496,-0.252,1
2285376.95,-1.261,-0.317,1.216,-1.169,-0.601,-0.169,1
2285376.96,-1.017,-0.543,1.394,-1.272,-0.727,-0.093,1
2285376.98,-0.314,-0.974,1.727,-1.333,-0.9,0.005,1
2285376.99,-0.089,-1.165,1.927,-1.228,-0.875,0.049,1
2285377,0.056,-1.281,2.058,-1.08,-0.629,0.062,1
2285377.01,0.206,-1.277,2.029,-0.867,-0.304,0.054,1
2285377.02,0.273,-1.089,1.733,-0.613,0.11,0.027,1
2285377.03,0.164,-0.709,1.482,-0.354,0.434,-0.01,1
2285377.04,-0.116,-0.265,1.384,-0.181,0.463,-0.024,1
2285377.051,-0.439,0.04,1.216,-0.068,0.281,-0.009,1
2285377.06,-0.485,0.195,1.1,0.124,0.162,-0.026,1
2285377.07,-0.763,0.988,0.753,0.52,0.417,-0.06,1
2285377.08,-0.352,0.712,0.853,0.671,0.211,0.095,1
2285377.09,3.029,-1.01,1.947,0.66,-0.418,0.194,1
2285377.1,9.86,-1.505,4.949,0.825,-1.083,0.147,1
2285377.11,27.144,-5.045,6.915,1.232,-1.24,-0.173,1
2285377.12,39.995,-8.475,4.333,1.791,0.377,-0.166,1
2285377.129,39.995,-5.219,1.768,1.834,2.602,0.53,1
2285377.139,39.995,7.268,-37.488,1.432,-1.133,0.412,1
2285377.15,39.995,3.914,0.657,0.946,-1.119,0.282,1
2285377.159,39.995,2.904,14.578,0.809,0.719,0.455,1
2285377.17,39.995,-0.354,13.982,0.796,0.92,0.416,1
2285377.18,39.995,-2.446,9.515,0.802,1.239,0.307,1
2285377.19,32.659,-3.156,6.945,0.789,1.44,0.238,1
2285377.2,25.649,-2.809,5.049,0.875,1.365,0.14,1
2285377.21,20.112,-3.829,2.235,0.969,1.15,-0.03,1
2285377.22,15.808,-3.944,-0.32,0.958,1.159,-0.098,1
2285377.23,12.432,-3.783,-2.212,0.892,1.252,-0.121,1
2285377.24,9.885,-3.107,-2.955,0.819,1.354,-0.1,1
2285377.26,5.573,-1.963,-3.605,0.755,1.403,0.038,1
2285377.27,3.599,-2.161,-5.886,0.77,1.159,-0.017,1
2285377.28,-0.656,-2.977,-12.339,0.962,0.847,-0.18,1
2285377.29,-5.681,-4.403,-19.6,1.288,0.12,-0.337,1
2285377.3,-6.722,-4.551,-20.491,1.3,-0.62,-0.296,1
2285377.31,-2.44,-2.667,-15.105,0.662,-0.478,0.001,1
2285377.32,-0.021,-1.725,-12.104,0.022,-0.043,0.064,1
2285377.33,1.859,-0.756,-8.596,-0.58,0.209,-0.005,1
2285377.349,4.412,0.33,-4.355,-1.228,-0.079,-0.189,1
2285377.36,5.548,0.286,-2.808,-1.401,-0.33,-0.261,1
2285377.37,5.391,0.22,-1.481,-1.475,-0.542,-0.378,1
2285377.38,4.031,0.273,-0.869,-1.48,-0.71,-0.496,1
2285377.39,2.811,0.269,-0.736,-1.462,-0.778,-0.555,1
2285377.4,2.345,0.074,-0.394,-1.438,-0.748,-0.583,1
2285377.41,2.306,-0.297,0.144,-1.395,-0.645,-0.63,1
2285377.42,1.959,-0.769,0.537,-1.343,-0.527,-0.697,1
2285377.43,1.465,-1.379,0.792,-1.323,-0.425,-0.739,1
2285377.439,1.052,-1.956,1.149,-1.354,-0.458,-0.708,1
2285377.449,0.508,-2.457,1.527,-1.399,-0.526,-0.63,1
2285377.46,-0.074,-2.794,1.866,-1.442,-0.587,-0.508,1
2285377.47,-0.583,-2.972,2.097,-1.473,-0.626,-0.365,1
2285377.48,-0.923,-3.027,2.273,-1.48,-0.655,-0.229,1
2285377.49,-1.147,-2.981,2.401,-1.456,-0.682,-0.113,1
2285377.5,-1.266,-2.806,2.407,-1.408,-0.708,-0.016,1
2285377.51,-1.287,-2.559,2.322,-1.343,-0.724,0.065,1
2285377.52,-0.685,-2.323,2.583,-1.266,-0.699,0.133,1
2285377.55,-0.437,-1.472,2.693,-0.945,-0.376,0.236,1
2285377.57,-0.546,-0.669,3.894,-0.611,-0.334,0.256,1
2285377.579,-0.371,-0.302,3.522,-0.346,-0.493,0.255,1
2285377.59,-0.707,1.875,3.354,0.039,-0.437,0.228,1
2285377.6,0.46,2.197,2.922,1.111,1.45,0.364,1
2285377.61,2.336,-0.284,3.439,1.627,1.586,0.456,1
2285377.62,4.353,-0.707,4.22,1.825,0.635,0.39,1
2285377.63,10.42,-1.602,5.699,2.15,-0.169,0.214,1
2285377.639,27.411,-4.908,5.541,3.357,-0.637,-0.172,1
2285377.649,39.995,-5.024,-11.528,3.968,-2.671,0.19,1
2285377.66,39.995,-2.441,-19.552,3.462,-2.316,0.798,1
2285377.67,39.995,-1.028,-4.126,2.53,-0.789,1.038,1
2285377.679,39.995,1.274,4.474,1.827,-0.097,0.672,1
2285377.69,39.995,3.789,5.682,1.464,0.365,0.012,1
2285377.7,39.995,5.621,0.641,0.944,0.859,-0.067,1
2285377.71,34.818,3.259,-4.514,0.09,1.248,0.12,1
2285377.72,30.388,-0.834,-2.079,-0.503,1.365,0.101,1
2285377.729,27.262,-2.732,1.362,-0.682,1.279,-0.035,1
2285377.749,19.141,-3.114,1.387,-0.346,1.254,-0.151,1
2285377.759,17.222,-3.046,-0.198,-0.177,1.446,-0.171,1
2285377.77,13.181,-2.635,-1.836,-0.008,1.484,-0.159,1
2285377.779,9.746,-2.286,-3.201,0.142,1.447,-0.109,1
2285377.79,7.972,-1.952,-3.802,0.25,1.398,-0.097,1
2285377.8,6.284,-1.722,-4.314,0.333,1.288,-0.109,1
2285377.81,4.221,-1.504,-5.387,0.406,1.02,-0.081,1
2285377.82,1.558,-1.616,-7.128,0.5,0.54,-0.029,1
2285377.83,-1.633,-1.667,-10.308,0.659,-0.093,0.005,1
2285377.839,-3.68,-1.157,-12.803,0.8,-0.622,-0.006,1
2285377.85,-4.25,-0.396,-13.043,0.831,-0.926,-0.045,1
2285377.86,-3.584,0.229,-11.425,0.659,-0.883,-0.093,1
2285377.87,-2.356,0.206,-8.928,0.452,-0.591,-0.117,1
2285377.88,-0.649,-0.316,-6.661,0.211,-0.299,-0.137,1
2285377.89,1.311,-0.995,-4.946,-0.045,-0.16,-0.148,1
2285377.9,3.052,-1.589,-3.553,-0.296,-0.167,-0.17,1
2285377.91,4.661,-2.03,-2.314,-0.514,-0.28,-0.245,1
2285377.92,5.593,-2.306,-1.304,-0.695,-0.416,-0.36,1
2285377.93,5.251,-2.198,-0.525,-0.833,-0.543,-0.443,1
2285377.94,4.327,-1.833,0.034,-0.941,-0.649,-0.467,1
2285377.95,3.628,-1.512,0.546,-1.02,-0.699,-0.454,1
2285377.96,2.788,-1.281,0.916,-1.106,-0.711,-0.439,1
2285377.97,2.229,-1.317,1.008,-1.151,-0.691,-0.43,1
2285377.979,1.591,-1.4,0.957,-1.181,-0.697,-0.411,1
2285377.99,1.044,-1.461,0.835,-1.206,-0.721,-0.386,1
2285378,0.525,-1.558,0.638,-1.236,-0.736,-0.358,1
2285378.01,-0.011,-1.622,0.374,-1.28,-0.733,-0.325,1
2285378.02,-0.576,-1.678,0.135,-1.337,-0.693,-0.285,1
2285378.029,-1.125,-1.724,0.056,-1.385,-0.6,-0.243,1
2285378.04,-1.595,-1.658,0.093,-1.41,-0.461,-0.2,1
2285378.06,-2.131,-1.24,0.75,-1.326,-0.098,-0.117,1
2285378.07,-2.158,-0.891,1.27,-1.087,0.109,-0.045,1
2285378.08,-2.316,-0.422,1.783,-0.834,0.186,0.018,1
2285378.09,-2.397,0.146,2.103,-0.531,0.205,0.109,1
2285378.1,-2.332,0.704,2.247,-0.21,0.154,0.21,1
2285378.11,-2.386,1.576,1.979,0.221,0.222,0.296,1
2285378.12,-2.347,2.924,1.21,0.73,0.201,0.316,1
2285378.13,-1.206,2.733,1.202,1.116,-0.32,0.395,1
2285378.14,-1.206,2.733,1.202,1.162,-0.555,0.442,1
2285378.149,0.087,1.421,2.089,1.213,-1.06,0.489,1
2285378.16,0.988,1.01,2.445,1.351,-1.328,0.507,1
2285378.17,23.645,0.332,0.36,1.758,-1.015,0.563,1
2285378.18,39.995,-0.574,-25.776,2.296,-1.822,0.244,1
2285378.19,39.995,-0.443,-6.461,1.242,-1.848,0.225,1
2285378.2,39.995,-0.295,10.667,0.968,0.348,0.457,1
2285378.21,39.995,-2.084,14.67,1.277,1.04,0.228,1
2285378.22,39.995,-3.13,10.171,1.407,0.895,0.401,1
2285378.23,39.995,-5.171,4.78,1.061,1.062,0.558,1
2285378.24,39.873,-5.723,2.216,0.505,1.256,0.345,1
2285378.249,31.475,-4.767,1.881,0.024,1.315,0.09,1
2285378.26,23.988,-3.92,1.748,-0.297,1.321,-0.034,1
2285378.27,18.689,-3.223,1.342,-0.484,1.398,-0.079,1
2285378.28,14.869,-2.815,0.441,-0.573,1.528,-0.128,1
2285378.29,10.669,-3.418,-3.137,-0.597,1.388,-0.217,1
2285378.3,6.75,-3.702,-7.881,-0.544,0.639,-0.23,1
2285378.31,4.777,-3.024,-8.907,-0.418,0.261,-0.245,1
2285378.32,2.725,-2.445,-8.181,-0.216,0.238,-0.252,1
2285378.33,-0.458,-2.229,-9.094,0.06,0.137,-0.159,1
2285378.339,-4.292,-0.212,-14.559,0.48,-0.036,0.116,1
2285378.35,-4.292,-0.212,-14.559,0.565,-0.092,0.17,1
2285378.36,-3.031,0.734,-15.442,0.608,-0.178,0.207,1
2285378.37,-1.293,1.665,-13.931,0.485,-0.191,0.206,1
2285378.379,0.967,2.108,-10.724,0.273,-0.103,0.116,1
2285378.39,1.749,1.837,-4.673,-0.013,0.104,-0.082,1
2285378.4,1.125,1.6,-2.295,-0.086,0.201,-0.125,1
2285378.41,0.945,1.385,-0.763,-0.063,0.205,-0.087,1
2285378.42,1.917,1.003,0.236,-0.013,0.09,-0.025,1
2285378.43,3.635,0.521,1.422,0.063,-0.152,-0.018,1
2285378.44,4.958,0.215,1.951,0.166,-0.471,-0.096,1
2285378.449,4.984,0.164,1.481,0.241,-0.761,-0.197,1
2285378.47,3.51,0.111,0.361,0.196,-0.94,-0.281,1
2285378.48,2.657,-0.078,-0.05,0.103,-0.903,-0.269,1
2285378.49,1.918,-0.363,-0.441,-0.037,-0.808,-0.233,1
2285378.5,1.354,-0.636,-0.537,-0.284,-0.633,-0.17,1
2285378.51,0.874,-0.959,-0.594,-0.456,-0.534,-0.141,1
2285378.52,0.5,-1.251,-0.668,-0.632,-0.453,-0.128,1
2285378.53,0.099,-1.498,-0.725,-0.798,-0.379,-0.139,1
2285378.54,-0.293,-1.711,-0.703,-0.936,-0.283,-0.176,1
2285378.55,-0.67,-1.942,-0.579,-1.04,-0.17,-0.23,1
2285378.56,-0.972,-2.189,-0.283,-1.103,-0.061,-0.286,1
2285378.58,-1.918,-2.435,0.588,-1.094,0.084,-0.334,1
2285378.59,-2.382,-2.317,0.889,-1.048,0.075,-0.297,1
2285378.6,-2.791,-1.559,1.431,-0.99,0.002,-0.215,1
2285378.61,-2.642,-1.152,1.726,-0.874,-0.156,-0.049,1
2285378.62,-2.737,-1.105,2.059,-0.756,-0.318,0.098,1
2285378.639,-2.192,0.179,2.755,-0.264,-0.564,0.348,1
2285378.649,-1.674,0.503,3.276,0.221,-0.239,0.529,1
2285378.669,5.695,-0.742,5.027,0.922,-0.829,0.778,1
2285378.68,15.902,-1.676,7.83,1.328,-1.324,0.526,1
2285378.69,38.204,-6.011,9.724,1.865,-1.84,-0.142,1
2285378.7,39.995,-9.218,0.513,2.126,-1.308,-0.438,1
2285378.71,39.995,-4.104,-7.689,2.128,1.574,0.237,1
2285378.72,39.995,0.319,-14.384,2.271,2.197,0.626,1
2285378.73,39.995,-0.38,4.211,1.788,-0.092,0.483,1
2285378.74,39.995,-0.238,3.923,1.169,-0.119,0.261,1
2285378.76,32.189,-2.163,1.63,0.059,1.206,-0.214,1
2285378.78,18.324,-2.468,3.088,-0.365,1.174,-0.379,1
2285378.79,14.366,-2.412,1.941,-0.518,1.17,-0.324,1
2285378.8,11.39,-2.355,2.134,-0.588,1.186,-0.175,1
2285378.81,9.255,-2.715,2.653,-0.55,1.211,-0.003,1
2285378.82,4.897,-4.216,1.538,-0.261,1.082,0.169,1
2285378.83,2.546,-4.482,-0.201,0.116,0.032,0.194,1
2285378.84,0.4,-4.283,-2.646,0.689,-0.866,0.091,1
2285378.85,-2.966,-4.276,-7.488,1.522,-1.005,-0.216,1
2285378.86,-7.183,-4.171,-13.359,2.565,-0.173,-0.679,1
2285378.87,-9.518,-4.037,-17.075,3.272,0.502,-0.874,1
2285378.88,-9.116,-3.459,-19.751,3.286,0.571,-0.596,1
2285378.89,-5.687,-2.515,-20.829,2.632,0.369,-0.13,1
2285378.9,-0.995,-1.564,-19.193,1.616,0.154,0.211,1
2285378.91,3.291,-1.051,-15.258,0.576,-0.026,0.306,1
2285378.92,5.355,-0.69,-10.586,-0.215,-0.076,0.238,1
2285378.93,5.54,-0.385,-7.427,-0.93,-0.027,0.208,1
2285378.94,5.858,-0.442,-5.208,-1.214,-0.067,0.238,1
2285378.95,6.526,-0.693,-3.479,-1.388,-0.227,0.211,1
2285378.96,6.377,-0.771,-2.229,-1.472,-0.407,0.112,1
2285378.97,4.766,-0.686,-0.95,-1.47,-0.517,0.047,1
2285378.98,3.093,-0.579,0.079,-1.398,-0.55,0.047,1
2285378.99,2.117,-0.571,0.775,-1.298,-0.56,0.057,1
2285379,1.661,-0.695,1.189,-1.22,-0.614,0.045,1
2285379.01,1.25,-0.748,1.534,-1.175,-0.711,0.024,1
2285379.02,1.119,-0.715,2.047,-1.148,-0.836,-0.014,1
2285379.03,0.273,-1.071,2.101,-1.137,-0.988,-0.078,1
2285379.04,-0.41,-1.415,1.689,-1.211,-1.137,-0.153,1
2285379.049,-0.969,-1.792,1.388,-1.317,-1.128,-0.163,1
2285379.06,-1.332,-2.133,1.273,-1.442,-1.043,-0.151,1
2285379.069,-1.708,-2.467,1.44,-1.575,-0.89,-0.125,1
2285379.08,-1.998,-2.847,1.941,-1.696,-0.669,-0.081,1
2285379.09,-2.048,-3.162,2.543,-1.784,-0.405,-0.026,1
2285379.1,-1.818,-3.409,3.156,-1.845,-0.161,0.016,1
2285379.11,-1.886,-3.608,3.787,-1.875,0.011,0.047,1
2285379.12,-2.281,-3.862,4.801,-1.863,0.072,0.109,1
2285379.13,-2.461,-3.934,6.045,-1.779,0.033,0.222,1
2285379.14,-1.428,-3.489,7.13,-1.529,-0.181,0.337,1
2285379.15,0.076,-2.478,7.39,-0.855,-0.773,0.362,1
2285379.16,0.824,-0.891,7.169,-0.324,-1.177,0.307,1
2285379.17,1.443,-0.073,7.209,0.239,-1.43,0.323,1
2285379.18,3.689,-0.062,7.731,0.864,-1.597,0.332,1
2285379.19,9.113,-0.353,9.33,1.683,-1.452,0.21,1
2285379.199,21.621,-1.117,11.637,2.667,-0.833,-0.051,1
2285379.21,39.312,-2.769,7.664,3.577,1.288,0.197,1
2285379.22,39.995,-3.123,4.148,4.199,4.369,1.007,1
2285379.23,39.995,-4.153,8.173,4.946,6.1,1.469,1
2285379.24,39.995,-7.841,-8.466,6.953,3.25,1.352,1
2285379.25,39.995,-3.311,-10.858,6.156,-0.768,0.64,1
2285379.26,37.799,-2.045,-11.031,2.557,0.225,-0.478,1
2285379.269,26.571,-2.262,-9.723,0.691,0.999,-1.062,1
2285379.28,18.694,-2.891,-8.03,-0.67,1.559,-1.337,1
2285379.29,12.598,-4.073,-6.423,-1.531,2.032,-1.383,1
2285379.3,7.317,-7.744,-6.364,-1.763,1.993,-1.194,1
2285379.31,6.426,-8.008,-4.38,-1.266,0.553,-0.717,1
2285379.32,9.655,-4.517,-1.387,-0.878,0.213,-0.328,1
2285379.33,9.44,-3.666,-0.099,-0.814,0.566,-0.162,1
2285379.34,7.836,-3.292,-0.095,-0.84,0.757,-0.023,1
2285379.35,5.831,-3.359,-1.578,-0.751,0.352,0.064,1
2285379.38,-3.549,-0.555,-13.66,0.738,-0.477,-0.412,1
2285379.39,-4.031,-0.337,-12.944,0.733,0.001,-0.462,1
2285379.41,-2.815,0.527,-8.643,0.285,0.054,-0.437,1
2285379.42,-2.36,0.592,-6.687,-0.001,-0.161,-0.388,1
2285379.43,-2.113,0.472,-5.282,-0.263,-0.385,-0.297,1
2285379.46,4.449,-0.947,-4.188,-0.447,-0.681,-0.192,1
2285379.48,5.146,-0.951,-2.311,-0.571,-0.571,-0.492,1
2285379.49,4.386,-0.935,-1.306,-0.657,-0.563,-0.566,1
2285379.51,3.167,-0.936,-0.371,-0.868,-0.587,-0.575,1
2285379.52,2.589,-1.123,-0.111,-0.983,-0.586,-0.582,1
2285379.53,1.873,-1.283,-0.001,-1.114,-0.612,-0.591,1
2285379.54,1.15,-1.437,0.168,-1.262,-0.668,-0.589,1
2285379.55,0.471,-1.614,0.397,-1.412,-0.733,-0.567,1
2285379.56,-0.208,-1.857,0.614,-1.553,-0.775,-0.523,1
2285379.57,-0.696,-2.169,0.831,-1.684,-0.778,-0.452,1
2285379.58,-1.071,-2.644,1.09,-1.856,-0.696,-0.299,1
2285379.59,-1.257,-3.164,1.497,-1.936,-0.552,-0.175,1
2285379.61,-1.122,-4.227,2.272,-1.977,-0.156,0.06,1
2285379.62,-1.078,-4.585,2.588,-1.939,0.002,0.157,1
2285379.63,-1.305,-4.862,3.417,-1.838,0.137,0.246,1
2285379.64,-1.16,-4.96,4.065,-1.692,0.191,0.307,1
2285379.65,-0.361,-4.899,4.673,-1.516,0.136,0.341,1
2285379.66,0.36,-3.981,4.604,-1.277,-0.023,0.356,1
2285379.671,0.187,-3.333,5.522,-0.827,-0.435,0.322,1
2285379.689,2.664,-2.253,7.828,0.137,-0.903,0.268,1
2285379.7,8.848,-3.046,8.881,0.707,-1.252,0.128,1
2285379.71,19.924,-5.085,10.035,1.238,-1.786,-0.266,1
2285379.72,30.406,-6.713,10.454,1.648,-2.384,-0.335,1
2285379.73,36.852,-6.378,8.448,1.938,-2.83,0.374,1
2285379.739,39.995,-7.849,6.417,2.172,-1.834,1.31,1
2285379.75,39.995,-9.023,4.796,2.378,0.425,1.79,1
2285379.76,39.995,-7.889,7.448,2.517,2.316,1.711,1
2285379.78,39.995,-2.943,4.921,2.886,2.928,0.669,1
2285379.79,39.995,-1.337,2.264,2.751,2.522,0.406,1
2285379.8,39.995,-1.393,-6.381,2.512,3.897,0.176,1
2285379.81,31.926,-1.353,-15.812,1.994,6.106,0.049,1
2285379.82,22.429,-0.503,-21.537,1.299,5.888,-0.026,1
2285379.83,15.414,0.369,-23.345,0.534,1.661,-0.168,1
2285379.84,13.835,0.331,-2.793,0.229,-1.297,-0.331,1
2285379.85,11.715,1.149,-0.693,-0.06,-1.947,-0.445,1
2285379.86,7.439,1.117,-4.552,-0.421,-1.685,-0.475,1
2285379.879,-10.406,-5.261,-34.226,-1.502,-2.288,0.013,1
2285379.9,-4.025,-3.22,-12.997,-2.314,0.064,0.368,1
2285379.91,-1.033,-1.765,-5.424,-2.178,0.066,0.105,1
2285379.919,1.022,-0.533,-2.113,-1.874,-0.032,-0.162,1
2285379.93,1.764,0.259,-0.631,-1.569,-0.037,-0.236,1
2285379.94,2.406,0.58,0.278,-1.32,0.17,-0.102,1
2285379.95,4.113,0.598,1.27,-1.076,0.354,0.064,1
2285379.96,6.057,0.737,1.31,-0.836,0.167,0.054,1
2285379.98,4.949,0.813,0.803,-0.505,-0.732,-0.312,1
2285379.99,3.267,0.653,0.919,-0.42,-0.872,-0.421,1
2285380,1.598,0.359,0.77,-0.341,-0.853,-0.482,1
2285380.01,0.505,0.029,0.492,-0.244,-0.643,-0.528,1
2285380.02,0.004,-0.237,0.242,-0.2,-0.502,-0.569,1
2285380.03,-0.372,-0.54,0.149,-0.191,-0.413,-0.623,1
2285380.04,-0.835,-0.815,0.112,-0.221,-0.378,-0.676,1
2285380.05,-1.274,-1.04,0.165,-0.301,-0.396,-0.707,1
2285380.06,-1.692,-1.277,0.157,-0.446,-0.464,-0.69,1
2285380.079,-1.96,-1.743,0.684,-0.789,-0.606,-0.522,1
2285380.089,-1.898,-2.019,0.969,-0.936,-0.634,-0.378,1
2285380.1,-1.578,-2.573,1.328,-1.056,-0.603,-0.226,1
2285380.11,-1.326,-2.784,1.79,-1.134,-0.528,-0.086,1
2285380.12,-0.715,-2.905,2.349,-1.137,-0.4,0.087,1
2285380.13,0.107,-2.938,2.795,-1.06,-0.35,0.147,1
2285380.139,1.279,-2.814,3.13,-0.932,-0.362,0.139,1
2285380.15,2.263,-2.664,3.362,-0.776,-0.431,0.055,1
2285380.16,2.549,-2.466,3.481,-0.626,-0.519,-0.07,1
2285380.17,1.827,-2.242,3.696,-0.496,-0.616,-0.156,1
2285380.18,1.337,-2.073,4.342,-0.318,-0.77,-0.155,1
2285380.19,1.184,-1.826,4.769,-0.046,-0.996,-0.172,1
2285380.2,-0.199,-1.285,4.81,0.263,-1.067,-0.156,1
2285380.21,-0.669,-1.174,5.067,0.561,-0.881,0.007,1
2285380.22,2.212,-0.897,4.751,0.966,-0.724,0.217,1
2285380.23,5.972,-0.817,4.785,1.19,-0.732,0.193,1
2285380.24,14.174,-0.712,6.437,1.478,-0.737,-0.007,1
2285380.25,32.527,-1.727,8.215,1.996,-0.233,-0.262,1
2285380.26,39.995,-3.552,4.188,2.852,2.505,-0.058,1
2285380.27,39.995,2.123,-15.006,5.197,12.035,1.255,1
2285380.28,39.995,-6.958,7.5,6.174,6.669,1.412,1
2285380.29,39.995,-7.964,11.62,4.952,-2.049,1.655,1
2285380.3,39.995,-8.005,-3.347,3.129,-3.875,1.211,1
2285380.31,39.995,-7.496,-5.553,1.447,-1.875,0.294,1
2285380.32,28.28,-2.865,-1.805,0.177,-0.279,-0.351,1
2285380.33,21.667,-3.176,-0.774,-1.315,0.571,-0.731,1
2285380.34,16.743,-3.163,0.713,-1.907,1.046,-0.747,1
2285380.35,13.54,-2.952,1.425,-2.181,1.445,-0.675,1
2285380.36,11.992,-2.903,1.469,-2.296,1.716,-0.638,1
2285380.369,10.543,-1.986,1.689,-2.328,1.811,-0.611,1
2285380.38,9.064,-1.539,1.216,-2.304,1.757,-0.533,1
2285380.39,7.118,-1.11,0.962,-2.266,1.686,-0.453,1
2285380.4,4.918,-0.446,1.01,-2.177,1.635,-0.356,1
2285380.41,1.318,1.516,0.165,-0.742,-1.57,-0.475,1
2285380.42,-4.02,2.04,-6.023,1.279,-5.03,-0.562,1
2285380.43,-8.827,1.163,-12.502,2.59,-1.762,-0.542,1
2285380.45,-7.534,-0.205,-11.431,2.949,1.972,-0.3,1
2285380.471,-2.4,-0.25,-10.082,2.307,0.721,-0.209,1
2285380.479,0.253,-0.747,-8.85,1.766,0.127,-0.285,1
2285380.489,2.798,-0.909,-7.875,1.145,0.038,-0.355,1
2285380.5,3.967,-0.836,-7.446,0.524,0.122,-0.376,1
2285380.51,4.445,-0.508,-6.875,-0.029,0.069,-0.368,1
2285380.519,4.783,-0.198,-4.89,-0.385,-0.029,-0.365,1
2285380.53,4.531,0.035,-1.726,-0.497,-0.019,-0.386,1
2285380.54,2.421,-0.154,0.621,-0.431,-0.004,-0.426,1
2285380.55,0.994,-0.342,-0.792,-0.473,-0.475,-0.421,1
2285380.559,0.398,-0.3,-0.973,-0.628,-0.845,-0.375,1
2285380.569,-0.027,-0.238,-0.692,-0.777,-1.062,-0.33,1
2285380.589,-0.559,-0.338,-0.203,-0.994,-1.104,-0.251,1
2285380.6,-0.731,-0.525,-0.029,-1.076,-1.008,-0.221,1
2285380.61,-1.023,-0.76,0.018,-1.151,-0.861,-0.186,1
2285380.619,-1.229,-0.969,0.06,-1.235,-0.702,-0.132,1
2285380.63,-1.249,-1.16,0.066,-1.324,-0.558,-0.07,1
2285380.64,-1.151,-1.35,0.159,-1.414,-0.434,-0.07,1
2285380.65,-0.941,-1.494,0.31,-1.488,-0.32,0.043,1
2285380.671,-0.881,-1.752,0.834,-1.532,-0.07,0.139,1
2285380.68,-1.171,-1.895,1.152,-1.477,0.023,0.201,1
2285380.689,-1.577,-2,1.475,-1.384,0.122,0.288,1
2285380.7,-1.931,-2.058,1.727,-1.256,0.217,0.392,1
2285380.71,-2.069,-1.993,1.94,-1.108,0.29,0.493,1
2285380.72,-1.943,-1.896,1.997,-0.957,0.321,0.574,1
2285380.73,-1.848,-1.993,1.863,-0.824,0.307,0.637,1
2285380.739,-1.879,-2.257,1.718,-0.71,0.269,0.704,1
2285380.75,-1.067,-2.898,1.519,-0.607,0.228,0.77,1
2285380.759,0.745,-2.892,1.367,-0.508,0.17,0.806,1
2285380.77,3.719,-2.874,1.527,-0.372,-0.01,0.66,1
2285380.779,10.442,-3.646,2.529,-0.256,-0.193,0.34,1
2285380.789,25.743,-6.863,6.057,-0.011,-0.571,-0.469,1
2285380.8,39.995,-10.863,8.362,0.31,-1.354,-1.148,1
2285380.81,39.995,-5.117,3.394,0.83,-1.485,-0.439,1
2285380.82,39.995,-6.844,7.769,2.051,1.558,1.374,1
2285380.83,39.995,-8.599,16.925,2.209,0.656,1.631,1
2285380.839,39.995,-5.22,14.688,2.097,-1.211,1.755,1
2285380.85,39.995,-2.073,8.922,1.809,-1.619,1.968,1
2285380.87,39.995,0.852,0.377,0.671,0.909,0.809,1
2285380.88,39.995,2.502,0.598,0.254,1.427,0.36,1
2285380.89,32.1,2.935,1,-0.021,1.592,0.161,1
2285380.9,24.888,3.21,2.544,-0.135,1.519,0.07,1
2285380.91,19.835,3.464,1.204,-0.239,1.421,0.026,1
2285380.92,15.588,3.473,0.471,-0.337,1.384,0.005,1
2285380.93,11.644,3.372,0.305,-0.382,1.41,0.022,1
2285380.94,8.308,3.124,-0.081,-0.4,1.502,0.052,1
2285380.95,4.631,2.893,-2.006,-0.466,1.851,0.123,1
2285380.962,-7.208,1.797,-39.995,-2.054,2.258,0.493,1
2285380.97,-6.573,-0.839,-15.344,-4.95,-2.286,0.926,1
2285380.979,-5.36,-1.814,-9.275,-5.073,-1.351,1.14,1
2285380.989,-4.895,-0.763,-7.3,-4.975,-0.206,1.124,1
2285381,-2.103,0.875,-3.059,-4.576,0.797,0.856,1
2285381.01,-0.5,2.783,0.327,-3.802,1.165,0.323,1
2285381.019,0.426,3.9,3.087,-2.863,0.751,-0.174,1
2285381.03,1.602,3.425,4.832,-1.94,0.301,-0.494,1
2285381.04,2.646,2.841,5.483,-1.175,0.123,-0.635,1
2285381.05,4.556,2.708,6.268,-0.535,-0.04,-0.727,1
2285381.06,4.702,2.607,5.914,0.034,-0.332,-0.845,1
2285381.07,3.304,2.142,4.408,0.503,-0.554,-0.888,1
2285381.08,2.408,1.626,3.06,0.958,-0.591,-0.891,1
2285381.09,1.575,1.201,2.175,1.146,-0.534,-0.898,1
2285381.1,0.481,0.908,1.124,1.261,-0.497,-0.88,1
2285381.109,-0.488,0.256,-0.04,1.322,-0.456,-0.84,1
2285381.121,-0.488,0.256,-0.04,1.324,-0.445,-0.833,1
2285381.131,-0.62,-0.209,-0.154,1.301,-0.448,-0.828,1
2285381.15,-0.667,-0.382,-0.044,1.208,-0.533,-0.804,1
2285381.16,-0.677,-0.474,0.154,1.158,-0.606,-0.778,1
2285381.17,-0.665,-0.536,0.336,1.109,-0.662,-0.746,1
2285381.181,-0.623,-0.56,0.376,1.025,-0.694,-0.684,1
2285381.189,-0.555,-0.527,0.408,0.991,-0.697,-0.66,1
2285381.199,-0.586,-0.576,0.526,0.873,-0.713,-0.566,1
2285381.22,-0.398,-0.51,0.587,0.617,-0.724,-0.329,1
2285381.229,-0.404,-0.439,0.752,0.448,-0.672,-0.209,1
2285381.239,-0.406,-0.531,1.002,0.283,-0.561,-0.09,1
2285381.25,-0.45,-0.648,1.327,0.136,-0.435,0.026,1
2285381.26,-0.455,-0.825,1.758,0.027,-0.338,0.125,1
2285381.269,-0.562,-0.983,2.191,-0.012,-0.26,0.183,1
2285381.28,-0.635,-1.167,2.692,0.025,-0.191,0.223,1
2285381.289,-0.093,-1.324,2.993,0.139,-0.14,0.243,1
2285381.299,1.385,-1.676,2.767,0.385,-0.236,0.137,1
2285381.31,4.865,-2.625,2.123,0.754,0.125,-0.053,1
2285381.32,18.533,-6.737,-15.647,2.918,2.082,0.082,1
2285381.33,30.671,-7.08,-0.56,4.318,1.75,-0.286,1
2285381.34,39.995,-9.744,10.574,4.059,0.219,-1.097,1
2285381.35,39.995,-8.167,7.448,3.155,-0.685,-0.946,1
2285381.359,39.995,-1.37,2.599,2.35,1.188,0.342,1
2285381.37,39.995,-1.761,13.357,1.631,0.905,1.031,1
2285381.38,39.995,-5.353,9.449,0.77,0.352,0.77,1
2285381.389,39.995,-6.281,5.52,0.015,0.31,-0.056,1
2285381.4,28.688,-4.166,2.369,-0.63,0.367,-0.398,1
2285381.41,22.239,-3.766,2.623,-1.377,0.635,-0.256,1
2285381.42,19.003,-3.351,2.19,-1.691,0.913,-0.103,1
2285381.43,16.732,-2.82,1.969,-1.879,1.195,-0.034,1
2285381.44,13.993,-1.053,2.81,-1.918,1.447,-0.065,1
2285381.459,12.477,-0.104,2.749,-1.696,1.473,-0.197,1
2285381.47,9.518,0.537,1.831,-1.537,1.429,-0.243,1
2285381.489,4.198,0.869,0.525,-1.316,1.44,-0.148,1
2285381.5,1.685,2.01,0.535,-1.072,1.098,-0.15,1
2285381.51,-3.031,4.188,-9.808,2.205,-4.418,-0.529,1
2285381.52,-7.449,0.127,-13.37,4.313,-3.12,-0.808,1
2285381.53,-8.455,-4.06,-14.946,4.562,-0.131,-0.888,1
2285381.55,-5.417,-4.694,-13.689,3.762,2.962,-0.624,1
2285381.559,-2.993,-4.471,-13.234,3.159,2.775,-0.487,1
2285381.58,2.948,-3.32,-8.574,1.865,0.629,-0.475,1
2285381.589,4.276,-2.726,-6.262,1.115,0,-0.454,1
2285381.6,4.573,-1.782,-4.337,0.497,-0.158,-0.321,1
2285381.61,4.874,-0.833,-2.356,0.051,-0.148,-0.16,1
2285381.619,3.489,-1.053,-2.964,-0.329,-0.395,-0.061,1
2285381.63,2.393,-1.116,-2.192,-0.874,-1.04,-0.035,1
2285381.639,1.973,-0.906,-0.974,-1.113,-1.228,-0.044,1
2285381.65,1.364,-0.765,-0.146,-1.271,-1.252,-0.059,1
2285381.659,0.675,-0.758,0.087,-1.391,-1.211,-0.067,1
2285381.67,-0.129,-0.731,0.035,-1.5,-1.14,-0.066,1
2285381.69,-1.422,-0.768,-0.059,-1.707,-0.92,-0.005,1
2285381.7,-1.735,-0.874,0.081,-1.803,-0.776,0.046,1
2285381.71,-1.855,-1.008,0.375,-1.88,-0.625,0.101,1
2285381.72,-1.93,-1.121,0.69,-1.929,-0.478,0.159,1
2285381.739,-1.927,-1.19,1.222,-1.915,-0.194,0.307,1
2285381.75,-1.991,-1.189,1.359,-1.869,-0.138,0.366,1
2285381.77,-2.33,-1.218,2.384,-1.674,-0.016,0.499,1
2285381.78,-2.269,-1.228,3.286,-1.492,0.078,0.559,1
2285381.789,-1.888,-1.337,3.773,-1.284,0.125,0.582,1
2285381.8,-1.609,-1.644,4.12,-1.064,0.109,0.578,1
2285381.81,-1.741,-1.875,4.802,-0.816,0.083,0.575,1
2285381.82,-1.351,-1.357,3.662,-0.556,0.043,0.585,1
2285381.83,-0.323,-0.739,2.488,-0.345,-0.05,0.562,1
2285381.839,0.326,-0.259,2.268,-0.065,-0.244,0.453,1
2285381.85,1.191,-0.269,1.859,0.136,-0.356,0.357,1
2285381.87,8.939,-1.732,2.789,0.454,-0.661,-0.028,1
2285381.88,25.679,-4.354,6.807,0.692,-0.999,-0.77,1
2285381.889,39.995,-7.651,11.522,1.106,-1.481,-1.828,1
2285381.9,39.995,-1.064,-1.119,2.22,0.825,-1.32,1
2285381.91,39.995,-3.842,19.343,3.738,5.627,1.06,1
2285381.92,39.995,-1.937,21.044,3.465,0.392,1.932,1
2285381.93,39.995,-1.699,4.51,3.517,1.087,2.289,1
2285381.95,39.995,3.005,-1.66,1.05,0.098,0.136,1
2285381.97,25.052,1.835,-0.337,-0.795,-0.432,-0.243,1
2285381.98,21.559,0.681,0.52,-1.391,-0.395,-0.265,1
2285381.989,20.01,0.398,1.03,-1.784,-0.235,-0.297,1
2285382,18.39,0.365,1.926,-1.943,0.028,-0.324,1
2285382.01,16.487,0.699,1.581,-2.004,0.332,-0.337,1
2285382.02,15.177,0.615,1.372,-1.996,0.604,-0.375,1
2285382.03,13.593,0.69,0.922,-1.949,0.811,-0.405,1
2285382.04,7.758,0.916,-0.427,-1.891,1.072,-0.368,1
2285382.049,5.562,0.571,-0.547,-1.846,1.332,-0.335,1
2285382.075,-1.115,-2.253,-18.773,1.745,-0.798,-0.713,1
2285382.09,-6.742,-3.597,-9.208,2.784,-1.408,-0.722,1
2285382.099,-6.267,-2.971,-8.916,2.638,-0.454,-0.564,1
2285382.109,-5.785,-1.94,-8.734,2.345,0.358,-0.45,1
2285382.119,-4.476,-0.682,-7.937,2.004,0.956,-0.342,1
2285382.139,-0.793,0.746,-5.503,1.689,1.233,-0.269,1
2285382.149,0.521,1.143,-4.629,1.295,0.842,-0.234,1
2285382.159,1.719,1.522,-3.413,0.676,-0.189,-0.212,1
2285382.18,2.986,1.027,-1.627,0.015,-0.619,-0.158,1
2285382.189,1.604,0.701,-1.613,-0.25,-0.682,-0.079,1
2285382.2,0.912,0.46,-1.219,-0.436,-0.694,-0.022,1
2285382.209,0.415,0.284,-0.908,-0.562,-0.666,0.004,1
2285382.23,-0.077,-0.033,-0.405,-0.7,-0.553,-0.015,1
2285382.24,-0.331,-0.142,-0.228,-0.729,-0.509,-0.037,1
2285382.25,-0.603,-0.215,-0.072,-0.741,-0.48,-0.057,1
2285382.26,-0.688,-0.277,0.066,-0.743,-0.453,-0.073,1
2285382.269,-0.186,-0.475,0.11,-0.753,-0.432,-0.095,1
2285382.28,0.081,-0.593,0.116,-0.807,-0.432,-0.148,1
2285382.29,0.273,-0.684,0.135,-0.861,-0.452,-0.183,1
2285382.31,0.051,-0.844,0.232,-0.963,-0.447,-0.213,1
2285382.32,-0.208,-0.977,0.315,-1.003,-0.411,-0.191,1
2285382.33,-0.436,-1.215,0.411,-1.037,-0.357,-0.147,1
2285382.34,-0.636,-1.533,0.626,-1.058,-0.274,-0.089,1
2285382.35,-0.94,-1.791,0.875,-1.06,-0.169,-0.021,1
2285382.369,-1.559,-2.224,1.306,-1.005,0.062,0.134,1
2285382.38,-1.705,-2.607,1.581,-0.877,0.18,0.289,1
2285382.39,-1.824,-3.711,3.538,-0.355,-0.517,0.467,1
2285382.4,-0.463,-3.805,4.393,0.621,-1.65,0.739,1
2285382.41,3.181,-3.571,2.078,1.245,-1.828,0.74,1
2285382.42,7.844,-4.336,1.34,1.911,-1.2,0.538,1
2285382.43,17.841,-6.188,0.845,2.907,0.478,0.278,1
2285382.44,37.545,-10.894,2.479,3.091,1.219,-0.254,1
2285382.45,39.995,-12.344,1.857,2.384,0.817,-0.064,1
2285382.459,39.995,-6.936,-1.727,1.335,1.247,1.171,1
2285382.47,39.995,-1.246,15.957,0.498,0.649,1.846,1
2285382.479,39.995,-0.046,12.939,0.302,-2.293,1.238,1
2285382.489,39.995,2.169,2.308,0.1,-1.963,1.07,1
2285382.5,39.995,2.681,-1.443,-0.45,-1.002,0.728,1
2285382.51,36.172,2.716,-1.969,-0.978,0.07,0.376,1
2285382.52,29.901,2.601,-0.187,-1.417,0.94,0.108,1
2285382.53,24.438,2.294,0.354,-1.751,1.472,-0.071,1
2285382.54,19.645,2.24,1.361,-2,1.672,-0.127,1
2285382.55,16.074,2.429,2.494,-2.107,1.6,-0.114,1
2285382.57,11.202,2.535,1.669,-2.02,1.209,-0.058,1
2285382.58,8.477,2.126,0.84,-1.922,1.134,-0.061,1
2285382.59,5.773,1.753,0.389,-1.768,1.085,-0.076,1
2285382.6,3.484,1.372,0.117,-1.676,1.027,-0.077,1
2285382.61,1.72,1.005,0.029,-1.596,0.963,-0.087,1
2285382.62,0.249,0.54,-0.042,-1.531,0.886,-0.093,1
2285382.63,-6.774,2.782,-33.198,0.108,-0.467,-0.239,1
2285382.64,-9.246,4.036,-37.012,2.076,-2.678,-0.329,1
2285382.65,-12.338,-0.145,-16.467,2.315,-0.24,-0.263,1
2285382.661,-7.201,-0.886,-7.278,2.059,1.279,-0.249,1
2285382.67,-2.43,0.042,-1.844,1.765,1.556,-0.34,1
2285382.689,-0.911,0.573,0.659,1.837,0.582,-0.508,1
2285382.7,-0.669,0.989,-0.795,1.677,-0.17,-0.295,1
2285382.71,0.227,1.486,-1.082,1.407,-0.436,-0.087,1
2285382.73,1.725,1.52,-0.05,0.87,-0.767,0.189,1
2285382.74,2.065,1.119,-0.269,0.645,-0.823,0.222,1
2285382.749,1.494,0.848,-0.941,0.383,-0.887,0.199,1
2285382.76,0.897,0.625,-1.207,0.071,-0.956,0.17,1
2285382.779,0.19,0.039,-0.837,-0.398,-0.874,0.106,1
2285382.789,-0.201,-0.121,-0.697,-0.549,-0.774,0.072,1
2285382.8,-0.498,-0.203,-0.579,-0.721,-0.64,0.038,1
2285382.809,-0.654,-0.234,-0.461,-0.81,-0.588,0.031,1
2285382.819,-0.746,-0.221,-0.36,-0.887,-0.567,0.037,1
2285382.83,-0.776,-0.195,-0.243,-0.95,-0.56,0.051,1
2285382.84,-0.73,-0.181,-0.038,-0.991,-0.552,0.07,1
2285382.85,-0.601,-0.112,0.121,-1.005,-0.544,0.084,1
2285382.86,-0.597,-0.045,0.251,-1.002,-0.533,0.097,1
2285382.87,-0.8,0.007,0.403,-0.983,-0.513,0.116,1
2285382.889,-0.726,0.157,0.811,-0.943,-0.482,0.131,1
2285382.9,-1.002,0.022,1.438,-0.799,-0.436,0.136,1
2285382.91,-0.645,0.118,1.79,-0.677,-0.418,0.148,1
2285382.919,-0.35,0.103,2.217,-0.414,-0.442,0.123,1
2285382.93,1.218,-0.936,2.26,-0.138,-0.419,0.096,1
2285382.94,5.385,-3.409,-0.492,0.763,-0.023,0.187,1
2285382.949,9.849,-2.891,0.376,2.604,0.816,0.494,1
2285382.96,23.435,-2.479,8.379,3.115,1.166,0.217,1
2285382.97,39.995,-3.809,10.11,3.231,0.509,-0.745,1
2285382.989,39.995,3.037,5.817,2.103,-0.986,-0.015,1
2285382.999,39.995,2.67,9.128,1.685,0.508,1.202,1
2285383.009,39.995,-0.348,3.894,0.904,0.089,1.23,1
2285383.02,39.995,-1.831,-0.419,-0.461,0.359,-0.275,1
2285383.03,39.995,-0.842,-0.603,-1.079,0.752,-0.693,1
2285383.039,30.116,-0.527,0.317,-1.475,0.929,-0.649,1
2285383.05,22.86,-0.618,0.974,-1.709,1.07,-0.505,1
2285383.062,15.178,-0.972,2.439,-1.823,1.147,-0.367,1
2285383.07,15.178,-0.883,2.439,-1.777,1.157,-0.244,1
2285383.08,12.899,-0.802,3.363,-1.6,1.208,-0.162,1
2285383.09,11.427,-0.78,4.004,-1.334,1.323,-0.136,1
2285383.1,10.106,-0.449,3.353,-1.077,1.383,-0.115,1
2285383.109,8.577,0.099,2.151,-0.876,1.428,-0.091,1
2285383.12,4.032,-0.188,-0.756,-0.66,1.713,-0.114,1
2285383.13,1.573,-1.525,0.35,1.699,2.947,-0.643,1
2285383.139,-0.789,-4.592,-0.765,4.131,1.08,-0.958,1
2285383.15,-3.26,-6.095,-3.657,4.85,-0.269,-1.065,1
2285383.16,-4.669,-7.314,-6.174,4.993,-0.414,-1.057,1
2285383.17,-4.626,-8.588,-8.093,5.11,0.139,-1.002,1
2285383.179,-3.035,-8.672,-9.441,5.065,1.026,-0.877,1
2285383.19,-1.655,-7.911,-9.279,4.752,1.833,-0.661,1
2285383.199,-0.781,-6.564,-9.076,4.227,2.248,-0.33,1
2285383.209,0.272,-5.452,-9.336,3.546,2.044,0.067,1
2285383.22,1.696,-4.985,-10.582,2.822,1.126,0.426,1
2285383.23,3.279,-4.7,-12.102,2.071,-0.122,0.708,1
2285383.24,4.249,-4.177,-12.208,0.951,-1.167,0.93,1
2285383.25,3.676,-3.132,-10.024,0.252,-1.225,0.916,1
2285383.259,3.605,-2.31,-6.848,-0.264,-1.198,0.773,1
2285383.27,2.815,-1.646,-4.452,-0.602,-1.108,0.599,1
2285383.279,1.859,-1.035,-3.074,-0.84,-0.983,0.472,1
2285383.29,1.489,-0.519,-1.466,-0.973,-0.779,0.376,1
2285383.3,0.938,-0.437,-0.134,-1.026,-0.504,0.31,1
2285383.31,0.291,-0.564,0.603,-1.032,-0.267,0.272,1
2285383.32,-0.419,-0.811,0.696,-1.023,-0.197,0.274,1
2285383.33,-0.199,-1.382,0.015,-1.038,-0.38,0.286,1
2285383.34,0.359,-1.353,0.242,-1.103,-0.817,0.221,1
2285383.349,0.332,-1.451,0.162,-1.183,-0.967,0.14,1
2285383.39,-0.228,-2.56,-0.52,-2.032,-0.734,0.03,1
2285383.4,-0.573,-2.767,-0.237,-2.244,-0.531,0.077,1
2285383.41,-0.879,-2.761,0.068,-2.409,-0.327,0.139,1
2285383.42,-1.14,-2.926,0.433,-2.522,-0.161,0.205,1
2285383.43,-0.927,-3.627,1.007,-2.575,-0.043,0.282,1
2285383.44,-0.016,-3.766,2.008,-2.498,-0.085,0.337,1
2285383.45,1.013,-3.202,2.75,-2.177,-0.192,0.298,1
2285383.46,2.12,-2.598,4.55,-1.871,-0.145,0.257,1
2285383.47,4.635,-2.181,6.09,-1.505,-0.359,0.197,1
2285383.49,29.805,-4.161,18.582,-0.202,-2.884,-0.071,1
2285383.5,39.995,-1.689,22.833,1.748,-1.095,1.17,1
2285383.51,39.995,-2.638,22.443,3.025,-0.414,2.282,1
2285383.53,39.995,2.08,6.925,3.549,-0.639,1.781,1
2285383.54,39.995,3.063,-1.169,3.129,1.112,1.076,1
2285383.549,36.964,3.34,-2.347,2.443,1.5,0.434,1
2285383.56,27.821,3.615,-2.611,1.318,1.28,-0.261,1
2285383.571,20.688,3.077,-2.743,0.502,1.043,-0.525,1
2285383.589,12.507,2.358,-0.852,-0.814,0.77,-0.646,1
2285383.599,10.129,1.804,-0.061,-1.112,0.742,-0.587,1
2285383.61,8.24,1.718,0.1,-1.227,0.837,-0.527,1
2285383.62,7.25,1.858,-0.227,-1.237,1.067,-0.457,1
2285383.63,5.709,1.826,-1.1,-1.192,1.418,-0.411,1
2285383.64,2.043,1.677,-5.183,-1.122,2.056,-0.374,1
2285383.66,-5.739,1.077,-33.677,-0.609,2.371,-0.312,1
2285383.67,-6.754,-0.917,-12.264,-0.012,-1.816,-0.154,1
2285383.68,-5.084,-1.241,-6.116,0.14,-1.825,-0.027,1
2285383.69,-3.691,-1.227,-5.754,0.179,-1.244,-0.015,1
2285383.7,-3.323,-1.923,-4.851,0.291,-0.524,-0.024,1
2285383.71,-2.23,-2.046,-2.723,0.506,0.081,-0.021,1
2285383.73,1.599,-2.335,-0.236,1.048,0.624,-0.056,1
2285383.74,2.615,-2.14,-0.637,1.172,0.618,-0.034,1
2285383.75,3.513,-1.628,-0.814,1.206,0.466,0.026,1
2285383.76,5.428,-0.219,0.021,1.223,0.242,0.075,1
2285383.79,2.402,-0.547,-1.581,1.049,-0.704,-0.038,1
2285383.8,1.472,-0.607,-1.927,0.943,-0.859,-0.112,1
2285383.81,0.852,-0.46,-2.067,0.81,-0.902,-0.19,1
2285383.82,0.469,-0.441,-2.065,0.646,-0.899,-0.26,1
2285383.83,0.248,-0.51,-1.897,0.448,-0.9,-0.314,1
2285383.84,0.062,-0.623,-1.619,0.221,-0.907,-0.346,1
2285383.85,-0.135,-0.71,-1.411,-0.04,-0.905,-0.351,1
2285383.86,-0.306,-0.858,-1.323,-0.329,-0.893,-0.332,1
2285383.88,-0.511,-1.171,-1.04,-0.888,-0.782,-0.263,1
2285383.89,-0.598,-1.296,-0.859,-1.227,-0.61,-0.186,1
2285383.9,-0.856,-1.429,-0.739,-1.422,-0.482,-0.116,1
2285383.91,-1.016,-1.617,-0.46,-1.577,-0.37,-0.031,1
2285383.92,-1.265,-1.918,-0.096,-1.701,-0.257,0.067,1
2285383.93,-1.387,-2.103,0.421,-1.786,-0.132,0.159,1
2285383.94,-1.384,-2.332,0.942,-1.828,-0.029,0.231,1
2285383.95,-1.605,-2.776,1.656,-1.827,0.072,0.307,1
2285383.96,-1.665,-3.247,2.739,-1.73,0.234,0.389,1
2285383.97,-1.697,-3.489,4.088,-1.528,0.495,0.456,1
2285383.99,6.638,-3.163,8.464,-0.668,0.567,0.476,1
2285384,19.495,-3.224,13.729,-0.182,-0.12,0.15,1
2285384.01,39.995,-4.041,23.212,0.546,-1.563,-0.525,1
2285384.019,39.995,-3.735,22.264,1.299,-3.201,-0.674,1
2285384.03,39.995,-1.176,15.742,1.712,-3.423,0.192,1
2285384.04,39.995,0.151,9.285,2.214,-1.753,1.322,1
2285384.05,39.995,0.074,1.134,2.627,0.969,1.757,1
2285384.06,39.995,-0.559,-2.017,2.613,3.679,1.046,1
2285384.069,39.995,0.132,0.198,2.334,4.321,0.106,1
2285384.08,39.995,0.935,0.653,1.943,3.34,-0.208,1
2285384.09,31.394,0.776,0.684,1.562,2.244,-0.286,1
2285384.1,24.076,0.039,-1.069,1.289,1.96,-0.504,1
2285384.11,18.241,-0.05,-3.58,1.201,2.801,-0.6,1
2285384.12,15.074,0.184,-1.626,1.022,2.743,-0.591,1
2285384.13,12.639,0.525,-1.173,0.822,2.381,-0.534,1
2285384.14,10.454,0.667,-2.048,0.671,2.31,-0.489,1
2285384.15,6.98,0.184,-6.476,0.635,3.213,-0.476,1
2285384.16,1.959,-1.223,-14.965,1.307,1.818,-0.569,1
2285384.169,-1.929,-2.987,-16.586,2.175,-2.068,-0.581,1
2285384.189,-2.926,-4.116,-11.871,1.764,0.029,-0.133,1
2285384.2,-2.058,-5.813,-7.997,1.416,1.452,0.104,1
2285384.21,-1.182,-5.961,-6.017,1.319,0.897,0.259,1
2285384.22,1.085,-5.697,-4.927,1.212,-0.034,0.39,1
2285384.23,4.598,-5.493,-5.465,1.035,-0.423,0.447,1
2285384.24,7.681,-5.426,-6.154,0.783,-0.192,0.399,1
2285384.25,8.813,-5.258,-5.713,0.486,0.087,0.263,1
2285384.26,7.885,-4.951,-5.179,0.203,-0.021,0.089,1
2285384.27,5.157,-4.052,-5.364,-0.004,-0.327,-0.029,1
2285384.279,2.109,-2.968,-5.011,-0.177,-0.574,-0.017,1
2285384.289,0.535,-1.947,-3.002,-0.315,-0.748,0.085,1
2285384.299,0.282,-1.019,-1.072,-0.398,-0.91,0.213,1
2285384.309,0.614,-0.669,-0.217,-0.459,-1.037,0.3,1
2285384.32,0.924,-0.615,-0.402,-0.588,-1.183,0.311,1
2285384.33,1.005,-0.541,-0.525,-0.706,-1.26,0.268,1
2285384.339,0.828,-0.712,-0.648,-0.845,-1.296,0.224,1
2285384.35,0.616,-0.896,-0.638,-0.983,-1.297,0.19,1
2285384.36,0.491,-0.938,-0.491,-1.112,-1.25,0.164,1
2285384.369,0.441,-0.968,-0.262,-1.23,-1.178,0.142,1
2285384.379,0.353,-0.974,-0.186,-1.355,-1.117,0.127,1
2285384.39,0.173,-0.936,-0.162,-1.492,-1.073,0.122,1
2285384.4,0.098,-0.92,-0.143,-1.643,-1.043,0.122,1
2285384.41,0.349,-1.104,-0.006,-1.801,-1.016,0.116,1
2285384.42,0.4,-1.084,0.284,-2.014,-0.979,0.096,1
2285384.43,0.449,-0.94,0.669,-2.111,-0.954,0.086,1
2285384.44,0.675,-0.693,1.23,-2.156,-0.933,0.076,1
2285384.45,0.892,-0.542,1.908,-2.14,-0.94,0.06,1
2285384.46,0.844,-0.399,2.604,-2.062,-0.989,0.05,1
2285384.48,0.414,-0.625,3.843,-1.746,-1.087,0.109,1
2285384.49,0.869,-0.569,4.951,-1.492,-1.048,0.141,1
2285384.5,0.796,-0.862,6.51,-1.134,-0.908,0.131,1
2285384.51,3.325,-1.281,7.644,-0.674,-0.645,0.12,1
2285384.52,8.197,-1.064,8.047,-0.018,-0.589,-0.202,1
2285384.53,13.513,-1.173,9.63,0.342,-1.054,-0.577,1
2285384.54,29.189,-2.012,16.946,0.934,-1.628,-1.132,1
2285384.549,39.995,-2.438,18.573,1.467,-1.929,-0.949,1
2285384.56,39.995,0.359,13.823,1.867,-0.997,0.318,1
2285384.57,39.995,1.035,11.951,2.723,1.37,1.412,1
2285384.579,39.995,-0.602,9.009,3.286,2.469,1.328,1
2285384.59,39.995,-1.719,4.818,3.177,2.063,0.641,1
2285384.61,35.546,-0.862,-1.095,1.946,0.9,0.006,1
2285384.62,24.41,-0.579,-1.489,1.194,0.728,-0.128,1
2285384.63,20.861,-0.913,-0.881,0.436,0.803,-0.254,1
2285384.64,17.999,-0.867,-0.345,-0.439,1.037,-0.359,1
2285384.649,15.474,-0.597,-0.188,-0.81,1.169,-0.375,1
2285384.66,13.444,-0.016,0.111,-1.035,1.324,-0.354,1
2285384.67,11.676,0.233,0.146,-1.095,1.563,-0.336,1
2285384.68,9.131,0.282,-0.795,-0.979,2.087,-0.365,1
2285384.69,6.052,0.332,-1.815,-0.657,3.28,-0.468,1
2285384.71,-0.079,-2.198,1.311,1.795,4.423,-0.837,1
2285384.72,-3.575,-6.527,-2.823,4.742,-0.751,-0.944,1
2285384.73,-4.99,-6.775,-7.8,5.039,-1.765,-0.755,1
2285384.75,-1.721,-8.302,-9.882,4.343,2.095,-0.12,1
2285384.76,-0.862,-8.065,-10.498,3.856,1.292,0.232,1
2285384.77,0.242,-7.632,-14.712,3.227,-1.066,0.588,1
2285384.78,2.855,-6.304,-15.239,2.299,-1.572,0.859,1
2285384.79,6.284,-5.383,-14.985,1.257,-0.671,0.964,1
2285384.799,7.993,-5.206,-12.366,0.322,-0.167,0.841,1
2285384.81,7.429,-4.875,-8.777,-0.294,-0.136,0.578,1
2285384.82,4.769,-3.673,-6.506,-0.652,-0.164,0.328,1
2285384.83,2.462,-2.174,-4.799,-0.893,-0.18,0.153,1
2285384.84,-0.055,-0.087,-1.906,-1.071,-0.228,0.081,1
2285384.85,-0.308,0.077,-0.496,-1.277,-0.392,0.092,1
2285384.859,-0.37,0.189,1.498,-1.323,-0.611,0.095,1
2285384.88,-1.21,0.156,1.644,-1.175,-0.41,0.09,1
2285384.89,-1.053,-0.131,0.547,-1.186,-0.47,0.097,1
2285384.91,-0.994,-0.43,0.251,-1.273,-0.759,0.095,1
2285384.92,-0.807,-0.525,0.348,-1.284,-0.869,0.1,1
2285384.93,-0.67,-0.563,0.391,-1.277,-0.941,0.097,1
2285384.94,-0.411,-0.592,0.402,-1.263,-0.982,0.09,1
2285384.949,-0.32,-0.575,0.389,-1.254,-0.977,0.076,1
2285384.96,-0.269,-0.514,0.27,-1.261,-0.886,0.066,1
2285384.972,-0.208,-0.425,0.085,-1.293,-0.789,0.068,1
2285384.98,-0.052,-0.363,-0.039,-1.344,-0.681,0.071,1
2285384.99,0.09,-0.316,-0.052,-1.401,-0.564,0.068,1
2285385.01,0.516,-0.349,-0.051,-1.498,-0.4,0.014,1
2285385.02,0.813,-0.399,0.12,-1.52,-0.365,-0.035,1
2285385.03,1.108,-0.532,0.47,-1.519,-0.319,-0.101,1
2285385.04,1.322,-0.613,1.097,-1.484,-0.237,-0.173,1
2285385.049,1.305,-0.78,2.065,-1.406,-0.124,-0.202,1
2285385.059,6.141,-1.221,5.118,-1.293,-0.013,-0.169,1
2285385.069,18.608,-2.255,8.225,-1.164,-0.379,-0.142,1
2285385.09,39.995,-3.945,20.442,-1.162,-2.98,1.131,1
2285385.099,39.995,-4.004,18.826,-0.391,-3.053,1.349,1
2285385.13,39.995,-1.465,3.792,1.376,1.48,1.104,1
2285385.139,39.995,-1.543,1.825,1.272,2.017,0.417,1
2285385.149,39.995,-0.867,0.621,0.966,1.828,-0.032,1
2285385.16,30.526,-0.57,1.293,0.626,1.473,-0.164,1
2285385.17,22.66,-0.348,1.82,0.407,1.238,-0.177,1
2285385.179,17.358,0.275,1.342,0.203,1.059,-0.257,1
2285385.19,13.285,0.858,0.696,0.087,0.981,-0.32,1
2285385.199,9.919,1.158,0.282,0.022,0.958,-0.346,1
2285385.21,6.787,1.196,-0.486,0.183,1.712,-0.403,1
2285385.22,1.124,0.97,-8.148,1.478,7.712,-0.634,1
2285385.23,1.162,0.961,-0.978,1.401,7.237,-0.372,1
2285385.239,-2.384,-3.429,1.478,3.735,2.902,-0.299,1
2285385.26,-5.45,-9.47,-14.601,5.906,-0.565,0.192,1
2285385.269,-4.788,-8.668,-15.507,4.844,-0.469,0.633,1
2285385.279,-2.002,-6.232,-20.281,3.57,-1.154,0.978,1
2285385.29,0.535,-3.611,-16.099,1.449,-1.037,1.232,1
2285385.3,3.517,-2.675,-10.984,0.197,-0.527,1.164,1
2285385.309,6.139,-2.712,-6.228,-0.664,0.048,0.837,1
2285385.319,6.879,-2.758,-2.859,-1.148,0.409,0.395,1
2285385.33,5.876,-1.76,-1.24,-1.381,0.573,0.023,1
2285385.34,3.735,-0.476,0.297,-1.442,0.613,-0.155,1
2285385.349,1.65,0.797,1.017,-1.39,0.494,-0.139,1
2285385.36,0.541,1.94,1.401,-1.266,0.311,0.003,1
2285385.369,-0.505,2.283,0.983,-1.114,0.059,0.165,1
2285385.389,-1.146,1.719,0.325,-0.84,-0.469,0.424,1
2285385.399,-0.49,1.531,0.52,-0.676,-0.764,0.442,1
2285385.41,0.239,1.376,0.554,-0.58,-0.927,0.383,1
2285385.419,0.837,0.714,0.118,-0.514,-1.053,0.288,1
2285385.43,0.837,0.714,0.118,-0.484,-1.123,0.192,1
2285385.44,0.728,0.354,-0.061,-0.506,-1.134,0.137,1
2285385.449,0.651,0.057,-0.293,-0.61,-1.161,0.159,1
2285385.46,1.567,-0.205,-0.605,-0.82,-1.286,0.279,1
2285385.47,3.655,-0.691,-0.833,-1.069,-1.421,0.478,1
2285385.479,6.061,-1.537,-1.299,-1.193,-1.467,0.621,1
2285385.49,7.823,-2.524,-1.777,-1.129,-1.427,0.703,1
2285385.499,8.135,-3.405,-1.136,-1.116,-1.472,0.775,1
2285385.519,5.697,-0.61,-12,-0.697,-3.24,0.95,1
2285385.53,4.797,-4.908,-13.795,0.334,-4.53,0.991,1
2285385.539,11.492,-8.817,-8.717,0.188,-1.123,1.461,1
2285385.559,19.551,-12.019,-1.417,-0.902,0.449,1.574,1
2285385.569,20.238,-12.949,0.529,-1.33,-0.327,1.217,1
2285385.58,19.839,-12.935,1.628,-1.697,-0.968,0.957,1
2285385.6,21.376,-15.652,1.167,-2.545,-1.603,1.13,1
2285385.609,23.412,-15.77,-0.018,-2.982,-0.868,1.854,1
2285385.63,32.13,-17.546,-0.873,-3.006,1.861,2.283,1
2285385.64,37.496,-19.316,4.796,-2.992,1.318,1.918,1
2285385.65,38.622,-17.778,8.131,-2.797,0.111,1.356,1
2285385.66,33.823,-13.813,10.084,-2.34,-0.907,0.986,1
2285385.669,29.208,-9.9,11.478,-1.652,-1.489,0.858,1
2285385.68,26.979,-6.938,11.517,-0.848,-1.618,0.765,1
2285385.689,25.403,-5.037,10.093,-0.025,-1.069,0.735,1
2285385.699,24.626,-4.174,8.344,0.74,0.065,0.731,1
2285385.71,22.29,-6.222,3.982,1.665,1.88,0.712,1
2285385.719,20.98,-7.111,2.222,1.983,2.599,0.609,1
2285385.73,19.114,-7.502,1.063,2.131,2.916,0.452,1
2285385.749,12.395,-5.762,-5.804,2.028,3.77,0.183,1
2285385.759,9.824,-4.813,-10.914,1.752,5.143,0.181,1
2285385.769,3.354,-0.554,-36.189,0.629,5.413,0.276,1
2285385.779,7.704,-2.615,-21.075,-0.99,3.139,0.127,1
2285385.79,7.998,-4.011,-13.176,-1.698,1.58,-0.315,1
2285385.799,5.432,-4.193,-9.685,-2.009,0.902,-0.593,1
2285385.809,3.761,-3.954,-8.275,-2.166,0.764,-0.59,1
2285385.819,3.127,-3.325,-7.832,-2.244,0.656,-0.505,1
2285385.829,1.766,-2.007,-6.084,-2.14,0.175,-0.308,1
2285385.839,2.527,-0.756,-2.943,-1.831,-0.079,-0.222,1
2285385.851,2.4,0.009,1.211,-1.322,-0.358,-0.157,1
2285385.859,1.92,1.05,3.617,-0.724,-0.591,-0.067,1
2285385.869,2.839,2.419,3.37,-0.305,-0.533,-0.088,1
2285385.88,2.411,3.943,1.826,-0.149,-0.356,-0.138,1
2285385.89,0.995,4.832,0.522,-0.053,-0.414,-0.14,1
2285385.9,-0.289,5.087,-0.786,-0.019,-0.591,-0.082,1
2285385.91,-0.309,4.495,-1.039,0.054,-0.834,-0.027,1
2285385.92,1.562,2.982,-1.776,0.103,-0.977,-0.14,1
2285385.93,-1.187,2.552,-0.837,-0.013,-0.859,-0.274,1
2285385.94,-3.284,2.654,0.745,-0.066,-0.874,-0.155,1
2285385.95,-4.445,2.99,2.128,0.009,-1.043,0.021,1
2285385.959,-5.144,3.253,2.413,0.155,-1.247,0.171,1
2285385.969,-4.878,3.285,2.532,0.226,-1.261,0.247,1
2285385.99,-3.54,2.794,2.761,0.308,-1.083,0.112,1
2285386,-2.668,2.506,2.59,0.307,-1.022,-0.07,1
2285386.01,-2.036,2.202,2.8,0.291,-1.03,-0.294,1
2285386.02,-1.442,1.984,3.108,0.315,-1.125,-0.516,1
2285386.03,-1.259,1.661,3.346,0.447,-1.322,-0.794,1
2285386.04,-1.349,1.292,3.046,0.558,-1.389,-0.913,1
2285386.051,-1.556,1.044,2.419,0.656,-1.409,-0.983,1
2285386.06,-1.656,0.789,1.838,0.73,-1.385,-1.02,1
2285386.08,-1.851,0.133,0.345,0.696,-1.068,-0.944,1
2285386.089,-1.96,-0.265,-0.134,0.567,-0.715,-0.763,1
2285386.099,-1.703,-0.428,-0.347,0.392,-0.303,-0.535,1
2285386.109,-1.377,-0.798,-0.648,0.14,0.023,-0.315,1
2285386.119,-0.837,-4.423,-9.612,-0.147,0.134,-0.128,1
2285386.13,-0.837,-4.423,-9.612,-0.521,-0.578,0.052,1
2285386.14,5.198,-5.468,-8.578,-0.818,-0.833,0.131,1
2285386.149,4.568,-4.69,-5.354,-0.709,1.54,0.07,1
2285386.16,5.586,-4.961,-5.52,-0.563,1.776,0.039,1
2285386.17,14.596,-8.826,-9.69,-0.114,0.795,0.286,1
2285386.189,25.341,-12.203,-4.707,0.073,1.569,0.542,1
2285386.199,36.469,-14.713,1.405,0.057,1.553,0.29,1
2285386.209,39.995,-19.799,4.886,0.016,1.588,-0.615,1
2285386.219,39.995,-29.875,4.429,-0.178,0.965,-2.167,1
2285386.229,39.995,-28.969,8.223,-0.561,1.455,-3.173,1
2285386.24,39.995,-24.506,5.604,-1.074,2.216,-2.487,1
2285386.249,39.995,-20.786,10.011,-1.107,1.938,-0.927,1
2285386.259,39.995,-18.097,13.988,0.129,0.859,0.695,1
2285386.269,34.468,-12.463,11.566,0.814,0.503,0.723,1
2285386.279,24.88,-7.148,5.736,1.222,0.731,0.452,1
2285386.289,17.155,-2.661,0.891,1.4,1.068,0.227,1
2285386.3,12.173,1.328,-2.344,1.409,1.242,0.079,1
2285386.31,10.093,4.207,-5.491,1.23,1.306,-0.036,1
2285386.32,8.092,5.291,-6.903,0.918,1.212,-0.055,1
2285386.33,6.89,4.694,-7.302,0.593,1.147,-0.045,1
2285386.34,5.521,3.425,-7.847,0.333,1.12,-0.062,1
2285386.35,0.955,-0.138,-9.058,0.134,1.043,-0.042,1
2285386.36,-0.573,-1.499,-8.948,-0.04,0.575,0.099,1
2285386.369,-1.71,-2.25,-8.904,-0.005,0.015,0.194,1
2285386.38,-2.035,-2.139,-8.872,0.073,-0.589,0.247,1
2285386.389,-1.453,-1.471,-8.796,0.082,-0.935,0.25,1
2285386.399,-0.687,-0.775,-8.024,-0.095,-0.924,0.15,1
2285386.41,-0.415,-0.295,-6.616,-0.184,-0.836,0.103,1
2285386.42,-0.436,-0.039,-4.817,-0.363,-0.652,0.012,1
2285386.43,-0.472,-0.11,-2.871,-0.505,-0.537,-0.062,1
2285386.44,-0.709,-0.294,-1.584,-0.586,-0.522,-0.122,1
2285386.45,-0.991,-0.448,-1.138,-0.633,-0.574,-0.169,1
2285386.459,-1.138,-0.638,-1.294,-0.681,-0.625,-0.203,1
2285386.47,-1.017,-0.873,-1.362,-0.758,-0.675,-0.248,1
2285386.48,-0.697,-0.968,-1.176,-0.79,-0.736,-0.28,1
2285386.49,-0.353,-1.036,-1.073,-0.817,-0.783,-0.316,1
2285386.5,0.027,-1.151,-0.969,-0.858,-0.78,-0.353,1
2285386.51,0.331,-1.221,-0.485,-0.904,-0.74,-0.378,1
2285386.52,0.555,-1.288,0.323,-0.949,-0.661,-0.369,1
2285386.53,0.929,-1.464,1.534,-0.944,-0.555,-0.355,1
2285386.54,1.086,-1.676,2.933,-0.859,-0.431,-0.333,1
2285386.55,0.935,-1.803,4.393,-0.68,-0.304,-0.296,1
2285386.559,0.507,-1.874,5.2,-0.449,-0.178,-0.228,1
