2285472.32,9.696,-1.741,1.416,-0.102,-0.035,-0.007,3
2285472.33,9.717,-1.738,1.462,-0.092,-0.037,-0.007,3
2285472.34,9.719,-1.746,1.512,-0.078,-0.036,-0.007,3
2285472.359,9.708,-1.766,1.554,-0.043,-0.031,-0.009,3
2285472.369,9.686,-1.781,1.55,-0.026,-0.025,-0.009,3
2285472.38,9.669,-1.77,1.532,-0.007,-0.019,-0.009,3
2285472.389,9.647,-1.78,1.504,0.003,-0.015,-0.008,3
2285472.399,9.636,-1.796,1.445,0.005,-0.015,-0.007,3
2285472.409,9.631,-1.791,1.417,0.007,-0.014,-0.005,3
2285472.42,9.63,-1.788,1.388,0.006,-0.015,-0.005,3
2285472.429,9.628,-1.804,1.355,0.004,-0.012,-0.004,3
2285472.44,9.622,-1.775,1.359,0.002,-0.009,-0.003,3
2285472.45,9.612,-1.759,1.344,0,-0.004,-0.001,3
2285472.46,9.624,-1.741,1.351,-0.001,-0.002,-0.001,3
2285472.47,9.625,-1.725,1.371,-0.001,-0.002,0,3
2285472.48,9.635,-1.693,1.353,0.002,-0.001,0.002,3
2285472.51,9.587,-1.675,1.351,0.005,0.01,0.007,3
2285472.52,9.623,-1.676,1.333,0.006,0.015,0.009,3
2285472.54,9.658,-1.688,1.324,0.004,0.016,0.01,3
2285472.55,9.658,-1.677,1.309,0.004,0.019,0.009,3
2285472.57,9.653,-1.683,1.292,0.007,0.023,0.01,3
2285472.58,9.664,-1.685,1.277,0.012,0.022,0.011,3
2285472.619,9.74,-1.704,1.208,0.024,0.024,0.011,3
2285472.629,9.741,-1.71,1.19,0.025,0.026,0.01,3
2285472.639,9.713,-1.718,1.168,0.024,0.027,0.01,3
2285472.649,9.67,-1.711,1.144,0.021,0.027,0.009,3
2285472.659,9.669,-1.707,1.111,0.019,0.024,0.01,3
2285472.669,9.68,-1.719,1.095,0.016,0.02,0.01,3
2285472.679,9.702,-1.718,1.083,0.015,0.017,0.011,3
2285472.689,9.75,-1.705,1.047,0.012,0.015,0.011,3
2285472.699,9.75,-1.687,1.049,0.007,0.016,0.012,3
2285472.71,9.723,-1.666,1.046,0.004,0.019,0.013,3
2285472.73,9.674,-1.587,1.053,0.004,0.01,0.013,3
2285472.74,9.653,-1.548,1.061,0.004,0.005,0.013,3
2285472.75,9.674,-1.536,1.067,0.007,-0.001,0.013,3
2285472.76,9.69,-1.531,1.072,0.01,-0.001,0.012,3
2285472.77,9.711,-1.521,1.067,0.013,-0.004,0.012,3
2285472.78,9.747,-1.517,1.082,0.014,-0.005,0.012,3
2285472.79,9.752,-1.508,1.069,0.012,-0.003,0.01,3
2285472.8,9.761,-1.497,1.071,0.011,-0.007,0.009,3
2285472.81,9.736,-1.511,1.091,0.009,-0.009,0.009,3
2285472.83,9.708,-1.52,1.096,0.004,-0.011,0.007,3
2285472.84,9.701,-1.532,1.095,0.002,-0.009,0.004,3
2285472.85,9.709,-1.552,1.095,-0.001,-0.007,0.004,3
2285472.86,9.714,-1.558,1.1,-0.006,-0.005,0.001,3
2285472.87,9.731,-1.572,1.121,-0.013,-0.003,0.002,3
2285472.88,9.716,-1.593,1.129,-0.02,0.001,0,3
2285472.889,9.7,-1.621,1.165,-0.025,0.005,-0.001,3
2285472.9,9.694,-1.621,1.188,-0.025,0.006,0.001,3
2285472.91,9.69,-1.632,1.208,-0.023,0.005,-0.001,3
2285472.919,9.697,-1.633,1.202,-0.018,0.005,0,3
2285472.93,9.694,-1.646,1.222,-0.012,0.006,0.001,3
2285472.94,9.697,-1.646,1.223,-0.004,0.007,0.003,3
2285472.95,9.692,-1.656,1.227,0.005,0.005,0.004,3
2285472.96,9.696,-1.652,1.223,0.015,0.004,0.006,3
2285472.97,9.685,-1.654,1.226,0.024,0.002,0.007,3
2285472.98,9.668,-1.661,1.217,0.032,0.001,0.009,3
2285473,9.689,-1.66,1.178,0.045,-0.002,0.011,3
2285473.021,9.658,-1.675,1.141,0.047,-0.001,0.013,3
2285473.029,9.652,-1.672,1.117,0.046,-0.002,0.015,3
2285473.05,9.675,-1.646,1.073,0.034,-0.002,0.013,3
2285473.06,9.695,-1.642,1.067,0.027,-0.002,0.013,3
2285473.07,9.688,-1.647,1.072,0.02,-0.001,0.012,3
2285473.08,9.702,-1.649,1.095,0.011,0.001,0.012,3
2285473.09,9.69,-1.628,1.091,0.004,0.004,0.011,3
2285473.1,9.662,-1.632,1.108,-0.002,0.005,0.01,3
2285473.111,9.679,-1.646,1.132,-0.007,0.007,0.009,3
2285473.12,9.69,-1.641,1.172,-0.01,0.01,0.007,3
2285473.13,9.669,-1.632,1.176,-0.01,0.012,0.007,3
2285473.14,9.686,-1.627,1.21,-0.012,0.013,0.007,3
2285473.15,9.691,-1.627,1.218,-0.009,0.014,0.007,3
2285473.16,9.713,-1.637,1.238,-0.004,0.011,0.008,3
2285473.17,9.72,-1.637,1.228,0.002,0.012,0.007,3
2285473.18,9.72,-1.627,1.24,0.01,0.015,0.009,3
2285473.19,9.702,-1.62,1.233,0.016,0.018,0.009,3
2285473.2,9.691,-1.635,1.21,0.026,0.018,0.009,3
2285473.23,9.717,-1.646,1.141,0.04,0.015,0.012,3
2285473.25,9.694,-1.644,1.107,0.042,0.016,0.013,3
2285473.26,9.683,-1.643,1.071,0.042,0.014,0.012,3
2285473.27,9.692,-1.637,1.066,0.04,0.011,0.012,3
2285473.28,9.723,-1.636,1.055,0.038,0.01,0.012,3
2285473.29,9.74,-1.633,1.067,0.037,0.01,0.012,3
2285473.3,9.734,-1.61,1.056,0.036,0.01,0.012,3
2285473.312,9.73,-1.594,1.055,0.036,0.008,0.012,3
2285473.32,9.73,-1.594,1.055,0.035,0.004,0.012,3
2285473.33,9.701,-1.595,1.044,0.035,0.001,0.011,3
2285473.34,9.686,-1.598,1.029,0.029,-0.002,0.01,3
2285473.35,9.706,-1.604,1.049,0.027,-0.001,0.009,3
2285473.36,9.718,-1.613,1.028,0.021,-0.002,0.009,3
2285473.37,9.72,-1.627,1.038,0.015,-0.003,0.007,3
2285473.38,9.731,-1.624,1.068,0.007,-0.005,0.006,3
2285473.39,9.72,-1.627,1.08,0.001,-0.005,0.005,3
2285473.4,9.702,-1.632,1.089,-0.005,-0.005,0.004,3
2285473.41,9.714,-1.643,1.111,-0.01,-0.004,0.003,3
2285473.419,9.717,-1.647,1.124,-0.012,-0.002,0.001,3
2285473.43,9.724,-1.654,1.14,-0.015,-0.002,0.001,3
2285473.44,9.697,-1.654,1.163,-0.015,-0.001,0.001,3
2285473.45,9.702,-1.665,1.189,-0.016,-0.001,-0.001,3
2285473.46,9.692,-1.674,1.202,-0.013,-0.001,-0.001,3
2285473.47,9.694,-1.681,1.207,-0.01,0,0,3
2285473.48,9.686,-1.686,1.219,-0.006,0.001,0.001,3
2285473.49,9.675,-1.703,1.219,-0.002,0.002,0.002,3
2285473.499,9.669,-1.722,1.229,-0.001,0.002,0.003,3
2285473.51,9.669,-1.722,1.229,0.001,0.001,0.003,3
2285473.52,9.667,-1.735,1.216,0.004,0,0.004,3
2285473.529,9.666,-1.736,1.219,0.005,0.003,0.005,3
2285473.539,9.655,-1.731,1.216,0.005,0.005,0.006,3
2285473.55,9.635,-1.732,1.207,0.006,0.006,0.007,3
2285473.56,9.646,-1.726,1.215,0.009,0.005,0.009,3
2285473.57,9.657,-1.729,1.227,0.009,0.005,0.01,3
2285473.58,9.662,-1.702,1.224,0.011,0.006,0.012,3
2285473.59,9.657,-1.688,1.233,0.013,0.008,0.013,3
2285473.6,9.669,-1.678,1.23,0.017,0.01,0.013,3
2285473.609,9.675,-1.682,1.223,0.02,0.01,0.013,3
2285473.62,9.688,-1.674,1.215,0.022,0.01,0.015,3
2285473.63,9.697,-1.656,1.199,0.024,0.011,0.014,3
2285473.639,9.69,-1.648,1.182,0.024,0.011,0.014,3
2285473.65,9.69,-1.653,1.165,0.024,0.013,0.014,3
2285473.66,9.68,-1.647,1.155,0.021,0.013,0.013,3
2285473.67,9.705,-1.635,1.133,0.018,0.013,0.012,3
2285473.68,9.728,-1.63,1.122,0.016,0.014,0.012,3
2285473.69,9.729,-1.63,1.129,0.012,0.015,0.012,3
2285473.7,9.708,-1.632,1.118,0.01,0.018,0.012,3
2285473.709,9.673,-1.639,1.094,0.005,0.02,0.011,3
2285473.72,9.673,-1.639,1.094,0.002,0.02,0.01,3
2285473.73,9.698,-1.654,1.096,0.002,0.02,0.01,3
2285473.74,9.697,-1.658,1.075,-0.003,0.019,0.008,3
2285473.75,9.684,-1.632,1.082,-0.005,0.019,0.009,3
2285473.76,9.708,-1.609,1.123,-0.004,0.018,0.007,3
2285473.77,9.711,-1.62,1.13,-0.002,0.013,0.008,3
2285473.78,9.709,-1.622,1.14,0.003,0.01,0.01,3
2285473.79,9.713,-1.619,1.135,0.009,0.009,0.01,3
2285473.82,9.711,-1.604,1.108,0.024,0.004,0.009,3
2285473.83,9.709,-1.631,1.104,0.024,0.001,0.009,3
2285473.839,9.701,-1.643,1.101,0.023,0.001,0.01,3
2285473.85,9.688,-1.661,1.078,0.019,0.003,0.008,3
2285473.86,9.666,-1.671,1.074,0.013,0.005,0.007,3
2285473.87,9.669,-1.67,1.077,0.008,0.005,0.007,3
2285473.879,9.686,-1.678,1.068,0,0.003,0.006,3
2285473.89,9.701,-1.683,1.097,-0.009,0.004,0.007,3
2285473.9,9.678,-1.681,1.119,-0.013,0.008,0.006,3
2285473.909,9.681,-1.676,1.143,-0.013,0.009,0.006,3
2285473.92,9.679,-1.674,1.167,-0.011,0.01,0.006,3
2285473.93,9.672,-1.674,1.205,-0.009,0.007,0.006,3
2285473.94,9.681,-1.67,1.205,-0.004,0.007,0.007,3
2285473.95,9.683,-1.666,1.221,0.001,0.005,0.007,3
2285473.96,9.68,-1.681,1.232,0.007,0.008,0.008,3
2285473.97,9.685,-1.694,1.215,0.013,0.01,0.009,3
2285473.98,9.669,-1.705,1.207,0.015,0.011,0.009,3
2285474,9.666,-1.699,1.177,0.018,0.01,0.012,3
2285474.02,9.68,-1.683,1.154,0.016,0.013,0.012,3
2285474.03,9.684,-1.68,1.166,0.014,0.013,0.012,3
2285474.039,9.677,-1.658,1.163,0.015,0.013,0.012,3
2285474.05,9.681,-1.646,1.167,0.015,0.013,0.011,3
2285474.06,9.685,-1.639,1.169,0.018,0.013,0.012,3
2285474.07,9.7,-1.628,1.185,0.021,0.014,0.012,3
2285474.08,9.707,-1.631,1.178,0.023,0.013,0.013,3
2285474.09,9.711,-1.643,1.167,0.023,0.013,0.012,3
2285474.1,9.714,-1.648,1.144,0.022,0.014,0.011,3
2285474.11,9.708,-1.646,1.125,0.021,0.015,0.01,3
2285474.12,9.697,-1.642,1.13,0.019,0.013,0.01,3
2285474.13,9.7,-1.625,1.121,0.016,0.012,0.009,3
2285474.139,9.718,-1.616,1.097,0.015,0.012,0.01,3
2285474.15,9.722,-1.62,1.124,0.015,0.01,0.009,3
2285474.16,9.736,-1.624,1.11,0.014,0.01,0.007,3
2285474.17,9.729,-1.637,1.117,0.013,0.009,0.007,3
2285474.18,9.718,-1.625,1.101,0.012,0.009,0.007,3
2285474.2,9.712,-1.65,1.1,0.01,0.004,0.006,3
2285474.21,9.709,-1.655,1.105,0.009,0.001,0.005,3
2285474.22,9.694,-1.685,1.108,0.005,0,0.004,3
2285474.23,9.686,-1.698,1.108,0.002,0.001,0.004,3
2285474.239,9.659,-1.697,1.123,-0.002,0.001,0.004,3
2285474.25,9.641,-1.699,1.129,-0.005,-0.001,0.004,3
2285474.26,9.673,-1.704,1.156,-0.01,-0.002,0.004,3
2285474.27,9.681,-1.705,1.179,-0.012,-0.004,0.004,3
2285474.28,9.68,-1.714,1.201,-0.015,-0.004,0.004,3
2285474.289,9.651,-1.703,1.224,-0.013,0.001,0.005,3
2285474.3,9.652,-1.707,1.25,-0.012,0.001,0.005,3
2285474.32,9.675,-1.698,1.296,-0.001,-0.001,0.007,3
2285474.33,9.695,-1.716,1.309,0.005,-0.002,0.007,3
2285474.339,9.686,-1.715,1.301,0.009,0.001,0.008,3
2285474.35,9.657,-1.724,1.302,0.014,0.005,0.008,3
2285474.36,9.635,-1.73,1.278,0.016,0.01,0.01,3
2285474.37,9.628,-1.729,1.272,0.018,0.012,0.01,3
2285474.38,9.635,-1.738,1.252,0.016,0.01,0.012,3
2285474.39,9.652,-1.726,1.244,0.015,0.012,0.011,3
2285474.399,9.646,-1.716,1.233,0.013,0.016,0.01,3
2285474.42,9.698,-1.683,1.255,0.015,0.02,0.012,3
2285474.43,9.689,-1.678,1.233,0.019,0.02,0.013,3
2285474.44,9.695,-1.655,1.245,0.024,0.02,0.012,3
2285474.45,9.7,-1.644,1.233,0.028,0.02,0.012,3
2285474.46,9.706,-1.636,1.216,0.032,0.02,0.012,3
2285474.47,9.725,-1.646,1.2,0.035,0.018,0.012,3
2285474.48,9.724,-1.636,1.174,0.038,0.016,0.011,3
2285474.49,9.723,-1.652,1.144,0.038,0.016,0.01,3
2285474.5,9.686,-1.671,1.111,0.04,0.016,0.01,3
2285474.509,9.688,-1.688,1.08,0.035,0.017,0.009,3
2285474.52,9.697,-1.697,1.066,0.029,0.016,0.009,3
2285474.53,9.698,-1.691,1.046,0.018,0.014,0.007,3
2285474.54,9.696,-1.696,1.024,0.01,0.012,0.007,3
2285474.55,9.685,-1.696,1.041,0.004,0.01,0.007,3
2285474.559,9.684,-1.686,1.04,-0.002,0.009,0.006,3
2285474.569,9.683,-1.682,1.063,-0.006,0.007,0.005,3
2285474.579,9.69,-1.692,1.073,-0.008,0.004,0.005,3
2285474.59,9.675,-1.698,1.086,-0.009,0.001,0.006,3
2285474.599,9.677,-1.691,1.108,-0.01,0,0.004,3
2285474.609,9.663,-1.707,1.135,-0.011,0.002,0.007,3
2285474.62,9.673,-1.707,1.151,-0.012,0,0.008,3
2285474.63,9.674,-1.705,1.206,-0.011,0.001,0.007,3
2285474.64,9.675,-1.703,1.227,-0.009,-0.002,0.009,3
2285474.65,9.684,-1.71,1.251,-0.005,0.001,0.009,3
2285474.66,9.679,-1.703,1.279,-0.004,0.001,0.009,3
2285474.67,9.673,-1.689,1.27,0.001,0.003,0.009,3
2285474.679,9.669,-1.678,1.288,0.007,0.007,0.009,3
2285474.689,9.692,-1.658,1.298,0.008,0.007,0.009,3
2285474.7,9.69,-1.647,1.293,0.015,0.008,0.01,3
2285474.72,9.701,-1.643,1.296,0.026,0.009,0.01,3
2285474.729,9.7,-1.642,1.29,0.031,0.01,0.009,3
2285474.74,9.698,-1.648,1.265,0.037,0.011,0.008,3
2285474.75,9.703,-1.659,1.237,0.041,0.012,0.009,3
2285474.76,9.69,-1.66,1.207,0.041,0.011,0.008,3
2285474.77,9.695,-1.663,1.19,0.042,0.011,0.007,3
2285474.78,9.694,-1.659,1.173,0.039,0.012,0.007,3
2285474.79,9.702,-1.674,1.161,0.037,0.011,0.005,3
2285474.799,9.711,-1.67,1.123,0.033,0.011,0.005,3
2285474.82,9.707,-1.677,1.117,0.023,0.011,0.002,3
2285474.83,9.711,-1.683,1.096,0.017,0.01,0.002,3
2285474.84,9.705,-1.685,1.104,0.012,0.01,0,3
2285474.85,9.685,-1.7,1.093,0.004,0.008,0,3
2285474.859,9.685,-1.692,1.101,0.001,0.007,0,3
2285474.869,9.684,-1.682,1.112,-0.001,0.005,-0.001,3
2285474.88,9.68,-1.68,1.104,-0.003,0.004,0.001,3
2285474.89,9.677,-1.687,1.119,-0.004,0,-0.001,3
2285474.91,9.683,-1.671,1.154,-0.003,-0.004,0.001,3
2285474.92,9.685,-1.68,1.179,-0.004,-0.005,0.002,3
2285474.93,9.675,-1.675,1.187,-0.003,-0.005,0.002,3
2285474.94,9.703,-1.682,1.201,0,-0.005,0.003,3
2285474.99,9.651,-1.696,1.24,0.003,-0.001,0.004,3
2285475,9.661,-1.705,1.245,0.003,-0.003,0.004,3
2285475.03,9.679,-1.685,1.26,0.004,0.004,0.005,3
2285475.04,9.657,-1.683,1.267,0.005,0.005,0.004,3
2285475.05,9.648,-1.702,1.271,0.006,0.007,0.007,3
2285475.06,9.641,-1.698,1.268,0.009,0.007,0.007,3
2285475.07,9.633,-1.699,1.271,0.01,0.01,0.008,3
2285475.08,9.65,-1.693,1.285,0.013,0.01,0.009,3
2285475.09,9.668,-1.692,1.29,0.017,0.009,0.01,3
2285475.099,9.691,-1.692,1.298,0.02,0.007,0.011,3
2285475.113,9.697,-1.68,1.294,0.027,0.005,0.011,3
2285475.13,9.696,-1.67,1.284,0.037,0.009,0.01,3
2285475.139,9.706,-1.664,1.23,0.045,0.01,0.01,3
2285475.15,9.706,-1.664,1.23,0.045,0.01,0.01,3
2285475.159,9.695,-1.677,1.205,0.045,0.009,0.009,3
2285475.169,9.688,-1.691,1.161,0.043,0.007,0.007,3
2285475.179,9.685,-1.688,1.138,0.036,0.011,0.007,3
2285475.19,9.679,-1.708,1.116,0.029,0.012,0.006,3
2285475.2,9.685,-1.71,1.095,0.022,0.009,0.007,3
2285475.21,9.685,-1.726,1.08,0.016,0.01,0.006,3
2285475.22,9.675,-1.731,1.082,0.008,0.007,0.005,3
2285475.229,9.652,-1.709,1.097,0.001,0.007,0.005,3
2285475.24,9.655,-1.713,1.112,-0.003,0.008,0.006,3
2285475.25,9.674,-1.71,1.13,-0.006,0.004,0.006,3
2285475.259,9.675,-1.702,1.143,-0.006,0.002,0.006,3
2285475.27,9.698,-1.68,1.222,-0.003,-0.001,0.007,3
2285475.28,9.68,-1.675,1.212,-0.001,-0.001,0.007,3
2285475.29,9.677,-1.671,1.232,0.004,-0.001,0.008,3
2285475.3,9.68,-1.685,1.234,0.007,-0.001,0.007,3
2285475.309,9.669,-1.685,1.243,0.01,-0.002,0.007,3
2285475.32,9.68,-1.686,1.237,0.012,-0.002,0.008,3
2285475.34,9.707,-1.689,1.256,0.014,-0.001,0.008,3
2285475.349,9.695,-1.689,1.241,0.013,0.003,0.008,3
2285475.37,9.677,-1.672,1.237,0.014,0.005,0.008,3
2285475.38,9.679,-1.658,1.229,0.014,0.006,0.008,3
2285475.39,9.685,-1.665,1.244,0.017,0.006,0.007,3
2285475.4,9.696,-1.66,1.251,0.016,0.006,0.007,3
2285475.41,9.709,-1.666,1.249,0.018,0.009,0.006,3
2285475.42,9.705,-1.643,1.257,0.02,0.01,0.005,3
2285475.429,9.708,-1.643,1.249,0.023,0.01,0.005,3
2285475.44,9.691,-1.638,1.244,0.027,0.009,0.004,3
2285475.45,9.673,-1.641,1.234,0.028,0.01,0.004,3
2285475.459,9.669,-1.635,1.202,0.028,0.009,0.004,3
2285475.47,9.675,-1.648,1.174,0.026,0.012,0.004,3
2285475.48,9.677,-1.656,1.16,0.024,0.013,0.004,3
2285475.49,9.67,-1.676,1.125,0.021,0.015,0.004,3
2285475.5,9.684,-1.689,1.11,0.016,0.015,0.004,3
2285475.51,9.689,-1.699,1.117,0.013,0.013,0.004,3
2285475.52,9.691,-1.698,1.127,0.012,0.011,0.004,3
2285475.54,9.691,-1.691,1.135,0.012,0.007,0.005,3
2285475.55,9.681,-1.689,1.13,0.012,0.005,0.005,3
2285475.56,9.681,-1.696,1.144,0.01,0.005,0.006,3
2285475.57,9.65,-1.71,1.133,0.009,0.004,0.007,3
2285475.58,9.659,-1.721,1.141,0.008,0.004,0.005,3
2285475.59,9.659,-1.715,1.15,0.006,0.003,0.007,3
2285475.6,9.679,-1.708,1.152,0.005,0,0.007,3
2285475.61,9.691,-1.699,1.176,0.005,0.001,0.008,3
2285475.619,9.701,-1.687,1.18,0.005,0.001,0.009,3
2285475.64,9.688,-1.685,1.196,0.01,0.001,0.009,3
2285475.65,9.684,-1.687,1.205,0.012,-0.001,0.009,3
2285475.66,9.686,-1.688,1.202,0.012,0.001,0.009,3
2285475.669,9.712,-1.681,1.215,0.012,0,0.009,3
2285475.68,9.697,-1.671,1.211,0.011,0.002,0.009,3
2285475.69,9.67,-1.669,1.211,0.011,0.004,0.009,3
2285475.7,9.653,-1.647,1.213,0.011,0.004,0.011,3
2285475.71,9.673,-1.665,1.215,0.009,0.004,0.009,3
2285475.719,9.686,-1.655,1.208,0.01,0.006,0.009,3
2285475.739,9.664,-1.637,1.232,0.007,0.012,0.009,3
2285475.76,9.718,-1.65,1.222,0.009,0.009,0.009,3
2285475.78,9.713,-1.655,1.216,0.013,0.009,0.006,3
2285475.79,9.712,-1.653,1.205,0.016,0.015,0.006,3
2285475.799,9.696,-1.663,1.207,0.018,0.015,0.006,3
2285475.81,9.68,-1.663,1.182,0.018,0.012,0.005,3
2285475.82,9.673,-1.683,1.157,0.017,0.009,0.005,3
2285475.84,9.69,-1.692,1.125,0.013,0.011,0.005,3
2285475.85,9.694,-1.704,1.128,0.013,0.012,0.005,3
2285475.86,9.714,-1.691,1.108,0.01,0.009,0.007,3
2285475.869,9.68,-1.713,1.113,0.007,0.005,0.007,3
2285475.88,9.68,-1.713,1.113,0.006,0.004,0.008,3
2285475.889,9.662,-1.697,1.134,0.005,0.005,0.009,3
2285475.901,9.652,-1.681,1.155,0.007,0,0.007,3
2285475.909,9.652,-1.681,1.155,0.009,-0.001,0.008,3
2285475.919,9.678,-1.677,1.171,0.009,-0.003,0.009,3
2285475.929,9.688,-1.667,1.195,0.01,-0.003,0.009,3
2285475.939,9.685,-1.669,1.198,0.009,-0.001,0.009,3
2285475.949,9.684,-1.676,1.194,0.01,0,0.009,3
2285475.96,9.688,-1.675,1.2,0.009,-0.001,0.008,3
2285475.969,9.69,-1.654,1.213,0.008,0,0.009,3
2285475.979,9.69,-1.649,1.221,0.009,0,0.007,3
2285475.989,9.692,-1.654,1.235,0.009,0.001,0.007,3
2285476,9.698,-1.652,1.238,0.008,0.003,0.005,3
2285476.01,9.697,-1.665,1.233,0.01,0.004,0.006,3
2285476.019,9.684,-1.672,1.218,0.01,0.003,0.005,3
2285476.03,9.669,-1.686,1.233,0.009,0.007,0.006,3
2285476.039,9.684,-1.682,1.216,0.007,0.009,0.004,3
2285476.049,9.688,-1.689,1.21,0.007,0.011,0.004,3
2285476.059,9.672,-1.686,1.219,0.007,0.011,0.004,3
2285476.07,9.675,-1.691,1.21,0.011,0.01,0.005,3
2285476.079,9.673,-1.682,1.217,0.012,0.009,0.005,3
2285476.089,9.675,-1.699,1.206,0.015,0.011,0.005,3
2285476.099,9.672,-1.707,1.208,0.018,0.009,0.005,3
2285476.109,9.691,-1.721,1.199,0.02,0.009,0.007,3
2285476.119,9.674,-1.71,1.194,0.02,0.009,0.008,3
2285476.129,9.67,-1.715,1.162,0.022,0.007,0.009,3
2285476.139,9.668,-1.704,1.162,0.02,0.005,0.009,3
2285476.149,9.666,-1.693,1.162,0.018,0.004,0.009,3
2285476.159,9.677,-1.681,1.155,0.017,0.002,0.01,3
2285476.169,9.68,-1.661,1.174,0.018,0.001,0.011,3
2285476.179,9.698,-1.658,1.188,0.018,0.001,0.01,3
2285476.19,9.706,-1.658,1.177,0.018,0.002,0.009,3
2285476.199,9.708,-1.65,1.187,0.016,0.002,0.009,3
2285476.209,9.707,-1.658,1.189,0.016,0.002,0.009,3
2285476.229,9.698,-1.642,1.182,0.013,0.003,0.007,3
2285476.239,9.705,-1.644,1.198,0.012,0.004,0.006,3
2285476.249,9.713,-1.646,1.179,0.009,0.004,0.005,3
2285476.259,9.72,-1.652,1.179,0.007,0.005,0.004,3
2285476.27,9.701,-1.669,1.176,0.007,0.005,0.003,3
2285476.279,9.685,-1.677,1.173,0.005,0.006,0.003,3
2285476.289,9.652,-1.675,1.185,0.004,0.007,0.002,3
2285476.3,9.664,-1.686,1.178,0.004,0.005,0.003,3
2285476.309,9.673,-1.698,1.171,0.004,0.004,0.003,3
2285476.32,9.69,-1.703,1.184,0.005,0.003,0.004,3
2285476.329,9.684,-1.7,1.185,0.004,0.005,0.004,3
2285476.349,9.65,-1.725,1.19,0.005,0.004,0.005,3
2285476.359,9.653,-1.73,1.184,0.007,0.003,0.006,3
2285476.369,9.655,-1.722,1.188,0.004,0.002,0.005,3
2285476.379,9.645,-1.709,1.215,0.005,0.005,0.009,3
2285476.389,9.667,-1.686,1.222,0.008,0.006,0.009,3
2285476.399,9.69,-1.683,1.238,0.012,0.005,0.01,3
2285476.409,9.701,-1.667,1.254,0.016,0,0.01,3
2285476.419,9.72,-1.661,1.243,0.021,0,0.009,3
2285476.43,9.724,-1.644,1.246,0.027,0.001,0.009,3
2285476.439,9.698,-1.642,1.239,0.031,0.007,0.009,3
2285476.45,9.7,-1.621,1.207,0.034,0.01,0.008,3
2285476.469,9.701,-1.65,1.154,0.032,0.002,0.006,3
2285476.48,9.707,-1.641,1.139,0.027,0.005,0.005,3
2285476.489,9.684,-1.656,1.111,0.02,0.01,0.004,3
2285476.499,9.68,-1.664,1.096,0.016,0.01,0.004,3
2285476.509,9.683,-1.672,1.096,0.009,0.008,0.003,3
2285476.519,9.683,-1.682,1.089,0.005,0.006,0.004,3
2285476.53,9.686,-1.687,1.11,-0.001,0.003,0.002,3
2285476.539,9.686,-1.687,1.11,-0.003,0.003,0.003,3
2285476.549,9.674,-1.71,1.124,-0.004,0.004,0.004,3
2285476.57,9.675,-1.708,1.178,-0.005,0,0.004,3
2285476.581,9.664,-1.714,1.198,-0.001,-0.001,0.004,3
2285476.589,9.67,-1.711,1.201,-0.001,-0.002,0.005,3
2285476.599,9.685,-1.704,1.198,0.001,0,0.005,3
2285476.609,9.662,-1.71,1.208,0.005,0,0.005,3
2285476.62,9.651,-1.705,1.215,0.009,-0.003,0.007,3
2285476.63,9.664,-1.72,1.211,0.01,-0.003,0.007,3
2285476.639,9.666,-1.718,1.221,0.01,-0.004,0.009,3
2285476.65,9.667,-1.708,1.195,0.012,-0.002,0.01,3
2285476.659,9.662,-1.704,1.198,0.013,0.001,0.01,3
2285476.67,9.674,-1.682,1.212,0.013,0.001,0.01,3
2285476.679,9.674,-1.678,1.234,0.017,0.002,0.011,3
2285476.689,9.686,-1.666,1.238,0.021,0.003,0.011,3
2285476.7,9.698,-1.65,1.26,0.024,0.004,0.011,3
2285476.709,9.694,-1.632,1.249,0.029,0.008,0.012,3
2285476.719,9.692,-1.63,1.24,0.034,0.009,0.012,3
2285476.731,9.691,-1.605,1.223,0.034,0.009,0.012,3
2285476.739,9.695,-1.628,1.2,0.04,0.01,0.012,3
2285476.749,9.695,-1.609,1.183,0.038,0.01,0.009,3
2285476.769,9.697,-1.592,1.14,0.037,0.012,0.009,3
2285476.779,9.701,-1.606,1.118,0.035,0.011,0.007,3
2285476.789,9.717,-1.606,1.085,0.032,0.011,0.007,3
2285476.799,9.713,-1.619,1.079,0.028,0.012,0.005,3
2285476.809,9.688,-1.615,1.062,0.024,0.01,0.005,3
2285476.819,9.677,-1.619,1.05,0.019,0.009,0.004,3
2285476.831,9.681,-1.619,1.053,0.013,0.007,0.004,3
2285476.839,9.675,-1.627,1.053,0.008,0.006,0.004,3
2285476.859,9.694,-1.646,1.082,0.001,0.005,0.004,3
2285476.869,9.694,-1.663,1.095,-0.001,0.007,0.004,3
2285476.88,9.689,-1.669,1.107,-0.004,0.005,0.004,3
2285476.89,9.683,-1.671,1.116,-0.007,0.005,0.003,3
2285476.899,9.696,-1.687,1.143,-0.007,0.003,0.002,3
2285476.909,9.703,-1.676,1.16,-0.005,0.002,0.004,3
2285476.919,9.711,-1.691,1.176,-0.003,0.003,0.004,3
2285476.929,9.714,-1.682,1.182,0.001,0.003,0.004,3
2285476.939,9.691,-1.691,1.196,0.004,0.004,0.004,3
2285476.952,9.675,-1.693,1.193,0.01,0.004,0.007,3
2285476.97,9.686,-1.704,1.202,0.014,0.001,0.006,3
2285476.99,9.691,-1.71,1.189,0.015,0.002,0.007,3
2285477,9.642,-1.7,1.174,0.015,0.004,0.006,3
2285477.01,9.645,-1.725,1.167,0.012,0.006,0.008,3
2285477.03,9.661,-1.702,1.166,0.007,0.005,0.008,3
2285477.039,9.677,-1.688,1.178,0.008,0.009,0.009,3
2285477.049,9.678,-1.676,1.201,0.009,0.011,0.009,3
2285477.059,9.685,-1.667,1.195,0.01,0.012,0.01,3
2285477.069,9.685,-1.66,1.216,0.012,0.009,0.009,3
2285477.079,9.695,-1.667,1.206,0.015,0.007,0.01,3
2285477.089,9.697,-1.663,1.201,0.018,0.007,0.009,3
2285477.099,9.709,-1.647,1.194,0.02,0.01,0.01,3
2285477.12,9.72,-1.626,1.187,0.02,0.008,0.007,3
2285477.129,9.708,-1.647,1.18,0.018,0.006,0.006,3
2285477.139,9.701,-1.649,1.161,0.016,0.008,0.006,3
2285477.149,9.696,-1.667,1.133,0.014,0.011,0.004,3
2285477.159,9.679,-1.671,1.121,0.009,0.014,0.004,3
2285477.169,9.661,-1.68,1.106,0.005,0.013,0.004,3
2285477.179,9.664,-1.699,1.105,0,0.01,0.004,3
2285477.189,9.663,-1.703,1.101,-0.003,0.009,0.004,3
2285477.199,9.672,-1.699,1.112,-0.007,0.01,0.005,3
2285477.21,9.677,-1.698,1.151,-0.009,0.01,0.005,3
2285477.23,9.673,-1.698,1.206,-0.004,0.01,0.007,3
2285477.239,9.674,-1.682,1.21,0.006,0.004,0.009,3
2285477.25,9.668,-1.674,1.216,0.014,0.005,0.01,3
2285477.259,9.668,-1.691,1.217,0.017,0.007,0.011,3
2285477.27,9.68,-1.665,1.211,0.023,0.005,0.013,3
2285477.289,9.675,-1.672,1.182,0.026,0.005,0.012,3
2285477.299,9.677,-1.665,1.172,0.027,0.005,0.013,3
2285477.31,9.686,-1.664,1.158,0.025,0.007,0.012,3
2285477.319,9.683,-1.655,1.158,0.023,0.009,0.012,3
2285477.33,9.701,-1.658,1.167,0.019,0.011,0.012,3
2285477.34,9.684,-1.648,1.158,0.017,0.011,0.01,3
2285477.35,9.689,-1.636,1.157,0.014,0.012,0.01,3
2285477.359,9.706,-1.635,1.178,0.012,0.013,0.01,3
2285477.369,9.72,-1.642,1.16,0.01,0.013,0.01,3
2285477.38,9.723,-1.649,1.162,0.01,0.015,0.009,3
2285477.389,9.711,-1.648,1.162,0.009,0.015,0.009,3
2285477.399,9.702,-1.644,1.191,0.011,0.015,0.009,3
2285477.41,9.7,-1.648,1.184,0.013,0.014,0.008,3
2285477.419,9.689,-1.644,1.154,0.014,0.014,0.006,3
2285477.429,9.696,-1.648,1.158,0.015,0.012,0.006,3
2285477.44,9.708,-1.66,1.15,0.016,0.01,0.007,3
2285477.45,9.714,-1.666,1.135,0.016,0.009,0.007,3
2285477.46,9.709,-1.661,1.132,0.018,0.009,0.007,3
2285477.47,9.695,-1.66,1.125,0.016,0.008,0.007,3
2285477.48,9.677,-1.661,1.118,0.015,0.005,0.007,3
2285477.489,9.697,-1.666,1.118,0.015,0.001,0.007,3
2285477.51,9.701,-1.67,1.132,0.013,-0.002,0.007,3
2285477.519,9.695,-1.656,1.143,0.009,-0.001,0.006,3
2285477.529,9.698,-1.647,1.167,0.007,-0.001,0.005,3
2285477.54,9.695,-1.646,1.172,0.005,-0.002,0.005,3
2285477.549,9.69,-1.637,1.18,0.005,-0.002,0.004,3
2285477.559,9.686,-1.635,1.18,0.003,-0.005,0.004,3
2285477.569,9.683,-1.648,1.189,0.001,-0.003,0.003,3
2285477.579,9.675,-1.655,1.195,0.001,0,0.003,3
2285477.589,9.67,-1.669,1.213,-0.002,0.001,0.002,3
2285477.599,9.661,-1.692,1.223,-0.005,0.002,0.002,3
2285477.609,9.658,-1.704,1.218,-0.009,0.004,0.001,3
2285477.619,9.651,-1.724,1.243,-0.011,0.005,0.001,3
2285477.629,9.646,-1.73,1.249,-0.012,0.008,0.002,3
2285477.64,9.666,-1.746,1.292,-0.012,0.009,0.002,3
2285477.649,9.672,-1.74,1.302,-0.01,0.007,0.003,3
2285477.659,9.664,-1.752,1.312,-0.006,0.009,0.004,3
2285477.669,9.653,-1.771,1.32,-0.003,0.011,0.005,3
2285477.68,9.631,-1.757,1.306,0.002,0.013,0.005,3
2285477.689,9.637,-1.763,1.294,0.005,0.016,0.006,3
2285477.7,9.626,-1.777,1.287,0.01,0.017,0.008,3
2285477.711,9.622,-1.779,1.281,0.012,0.018,0.009,3
2285477.719,9.622,-1.768,1.295,0.016,0.019,0.01,3
2285477.729,9.619,-1.757,1.26,0.019,0.02,0.013,3
2285477.739,9.646,-1.743,1.25,0.023,0.018,0.014,3
2285477.749,9.667,-1.737,1.243,0.027,0.016,0.017,3
2285477.759,9.684,-1.719,1.24,0.032,0.016,0.017,3
2285477.769,9.691,-1.683,1.229,0.04,0.018,0.018,3
2285477.779,9.701,-1.661,1.239,0.046,0.02,0.02,3
2285477.79,9.709,-1.622,1.232,0.052,0.016,0.019,3
2285477.799,9.735,-1.613,1.213,0.054,0.014,0.018,3
2285477.809,9.731,-1.604,1.2,0.058,0.012,0.019,3
2285477.82,9.731,-1.61,1.16,0.059,0.013,0.016,3
2285477.829,9.72,-1.605,1.118,0.057,0.016,0.015,3
2285477.84,9.712,-1.597,1.089,0.053,0.015,0.013,3
2285477.849,9.711,-1.602,1.056,0.046,0.013,0.012,3
2285477.859,9.722,-1.6,1.041,0.038,0.009,0.011,3
2285477.869,9.73,-1.609,1.017,0.027,0.007,0.009,3
2285477.88,9.727,-1.616,1.016,0.012,0.005,0.006,3
2285477.889,9.725,-1.628,1.018,-0.001,0.007,0.003,3
2285477.9,9.723,-1.647,1.027,-0.012,0.005,0.001,3
2285477.909,9.706,-1.669,1.05,-0.021,0.005,-0.001,3
2285477.919,9.686,-1.68,1.067,-0.034,0.003,-0.001,3
2285477.929,9.677,-1.709,1.101,-0.04,0.003,-0.001,3
2285477.939,9.674,-1.72,1.134,-0.046,0.002,-0.002,3
2285477.949,9.663,-1.735,1.184,-0.049,0.001,-0.003,3
2285477.959,9.656,-1.742,1.23,-0.05,0.001,-0.002,3
2285477.969,9.644,-1.743,1.266,-0.046,0,-0.001,3
2285477.979,9.648,-1.764,1.305,-0.037,0,0.001,3
2285477.989,9.663,-1.754,1.331,-0.03,-0.004,0.002,3
2285477.999,9.646,-1.761,1.354,-0.021,-0.002,0.003,3
2285478.009,9.656,-1.764,1.375,-0.012,-0.004,0.005,3
2285478.019,9.656,-1.76,1.381,-0.002,-0.002,0.007,3
2285478.03,9.646,-1.752,1.373,0.004,0,0.008,3
2285478.04,9.657,-1.759,1.395,0.011,0.002,0.01,3
2285478.049,9.652,-1.748,1.375,0.019,0.003,0.011,3
2285478.07,9.661,-1.722,1.378,0.031,0.007,0.013,3
2285478.08,9.67,-1.682,1.338,0.037,0.01,0.014,3
2285478.09,9.68,-1.681,1.321,0.04,0.013,0.013,3
2285478.102,9.677,-1.65,1.285,0.043,0.013,0.013,3
2285478.11,9.684,-1.648,1.282,0.044,0.015,0.011,3
2285478.119,9.684,-1.627,1.254,0.044,0.016,0.011,3
2285478.13,9.692,-1.636,1.239,0.043,0.018,0.011,3
2285478.14,9.695,-1.632,1.212,0.04,0.021,0.01,3
2285478.149,9.695,-1.63,1.188,0.038,0.023,0.01,3
2285478.16,9.705,-1.65,1.18,0.034,0.022,0.008,3
2285478.17,9.675,-1.626,1.149,0.032,0.021,0.008,3
2285478.18,9.677,-1.653,1.124,0.027,0.021,0.008,3
2285478.189,9.68,-1.66,1.11,0.024,0.018,0.008,3
2285478.199,9.68,-1.66,1.11,0.022,0.015,0.008,3
2285478.21,9.681,-1.675,1.1,0.018,0.013,0.008,3
2285478.22,9.694,-1.689,1.111,0.015,0.01,0.007,3
2285478.23,9.678,-1.711,1.096,0.013,0.01,0.007,3
2285478.24,9.689,-1.718,1.097,0.01,0.007,0.007,3
2285478.25,9.695,-1.721,1.119,0.005,0.004,0.007,3
2285478.26,9.688,-1.727,1.11,0.001,0.001,0.006,3
2285478.27,9.703,-1.733,1.133,-0.002,-0.001,0.005,3
2285478.29,9.692,-1.726,1.185,-0.01,0,0.006,3
2285478.3,9.689,-1.71,1.207,-0.014,-0.002,0.005,3
2285478.31,9.695,-1.699,1.228,-0.015,-0.004,0.006,3
2285478.33,9.667,-1.683,1.261,-0.015,-0.002,0.005,3
2285478.339,9.666,-1.665,1.289,-0.01,-0.002,0.005,3
2285478.349,9.677,-1.666,1.302,-0.007,-0.002,0.005,3
2285478.36,9.694,-1.665,1.324,-0.003,-0.005,0.004,3
2285478.37,9.692,-1.667,1.322,-0.001,-0.002,0.004,3
2285478.379,9.68,-1.676,1.321,0.004,0,0.005,3
2285478.39,9.656,-1.687,1.339,0.006,0.004,0.005,3
2285478.4,9.63,-1.686,1.318,0.005,0.007,0.007,3
2285478.409,9.63,-1.694,1.298,0.008,0.008,0.007,3
2285478.42,9.641,-1.703,1.277,0.008,0.009,0.008,3
2285478.43,9.634,-1.699,1.279,0.007,0.013,0.006,3
2285478.44,9.624,-1.703,1.3,0.01,0.015,0.009,3
2285478.45,9.642,-1.678,1.298,0.011,0.015,0.009,3
2285478.46,9.68,-1.693,1.3,0.016,0.013,0.011,3
2285478.47,9.701,-1.687,1.317,0.022,0.011,0.009,3
2285478.49,9.691,-1.693,1.29,0.029,0.015,0.009,3
2285478.5,9.678,-1.67,1.261,0.033,0.018,0.009,3
2285478.51,9.696,-1.68,1.243,0.035,0.015,0.01,3
2285478.52,9.701,-1.676,1.211,0.034,0.012,0.009,3
2285478.53,9.703,-1.692,1.2,0.034,0.013,0.009,3
2285478.539,9.69,-1.675,1.174,0.033,0.015,0.009,3
2285478.549,9.672,-1.674,1.147,0.029,0.015,0.008,3
2285478.56,9.677,-1.683,1.151,0.027,0.012,0.009,3
2285478.57,9.706,-1.688,1.143,0.023,0.007,0.007,3
2285478.58,9.705,-1.699,1.125,0.019,0.005,0.006,3
2285478.59,9.706,-1.696,1.119,0.015,0.005,0.005,3
2285478.61,9.705,-1.693,1.157,0.003,0.005,0.004,3
2285478.62,9.691,-1.704,1.156,-0.004,0.002,0.002,3
2285478.63,9.689,-1.709,1.16,-0.009,-0.001,0.002,3
2285478.64,9.674,-1.711,1.177,-0.013,0,0.001,3
2285478.65,9.661,-1.715,1.198,-0.015,0.003,0.002,3
2285478.659,9.647,-1.719,1.201,-0.015,0.002,0.003,3
2285478.67,9.651,-1.721,1.212,-0.017,0.001,0.003,3
2285478.68,9.646,-1.729,1.235,-0.017,-0.002,0.003,3
2285478.69,9.647,-1.719,1.26,-0.016,-0.002,0.005,3
2285478.7,9.663,-1.731,1.293,-0.014,0,0.005,3
2285478.71,9.668,-1.715,1.324,-0.009,0,0.007,3
2285478.719,9.674,-1.704,1.355,-0.002,0.001,0.008,3
2285478.73,9.663,-1.688,1.371,0.006,0.002,0.009,3
2285478.739,9.652,-1.68,1.384,0.016,0.002,0.01,3
2285478.749,9.659,-1.683,1.378,0.022,0.005,0.012,3
2285478.76,9.664,-1.68,1.378,0.029,0.006,0.012,3
2285478.769,9.678,-1.678,1.354,0.039,0.007,0.011,3
2285478.78,9.684,-1.669,1.344,0.041,0.008,0.012,3
2285478.79,9.677,-1.675,1.306,0.043,0.01,0.011,3
2285478.8,9.686,-1.669,1.289,0.045,0.012,0.011,3
2285478.81,9.675,-1.671,1.254,0.045,0.015,0.01,3
2285478.82,9.684,-1.664,1.221,0.044,0.015,0.008,3
2285478.83,9.686,-1.688,1.2,0.037,0.014,0.007,3
2285478.85,9.695,-1.691,1.177,0.026,0.015,0.004,3
2285478.86,9.701,-1.704,1.163,0.023,0.016,0.004,3
2285478.87,9.69,-1.719,1.151,0.018,0.017,0.004,3
2285478.89,9.713,-1.724,1.144,0.013,0.01,0.003,3
2285478.9,9.712,-1.73,1.134,0.01,0.009,0.004,3
2285478.912,9.669,-1.742,1.118,0.009,0.009,0.004,3
2285478.93,9.666,-1.72,1.14,0.007,0.004,0.004,3
2285478.94,9.659,-1.714,1.151,0.002,-0.003,0.004,3
2285478.95,9.672,-1.71,1.156,0.001,-0.005,0.004,3
2285478.96,9.668,-1.714,1.176,-0.001,-0.007,0.004,3
2285478.969,9.668,-1.699,1.187,-0.003,-0.007,0.006,3
2285478.98,9.652,-1.702,1.218,-0.004,-0.008,0.006,3
2285479,9.69,-1.7,1.265,-0.002,-0.013,0.007,3
2285479.01,9.675,-1.685,1.279,-0.001,-0.01,0.009,3
2285479.019,9.673,-1.663,1.311,0.002,-0.009,0.009,3
2285479.039,9.662,-1.621,1.359,0.004,-0.008,0.01,3
2285479.049,9.669,-1.626,1.37,0.012,-0.009,0.009,3
2285479.06,9.684,-1.633,1.382,0.016,-0.008,0.009,3
2285479.07,9.695,-1.62,1.396,0.02,-0.004,0.007,3
2285479.079,9.678,-1.63,1.395,0.026,-0.001,0.007,3
2285479.09,9.673,-1.622,1.383,0.027,0.005,0.006,3
2285479.1,9.635,-1.637,1.36,0.029,0.009,0.005,3
2285479.109,9.628,-1.663,1.332,0.027,0.012,0.004,3
2285479.12,9.641,-1.715,1.271,0.023,0.015,0.004,3
2285479.129,9.641,-1.715,1.271,0.017,0.021,0.004,3
2285479.14,9.642,-1.724,1.252,0.012,0.025,0.002,3
2285479.15,9.683,-1.766,1.244,0.007,0.024,0.002,3
2285479.16,9.696,-1.78,1.256,0.005,0.023,0.002,3
2285479.17,9.713,-1.787,1.24,0.004,0.022,0.002,3
2285479.179,9.685,-1.802,1.234,0.009,0.025,0.002,3
2285479.19,9.691,-1.794,1.222,0.011,0.026,0.004,3
2285479.2,9.691,-1.787,1.212,0.016,0.024,0.003,3
2285479.21,9.691,-1.796,1.196,0.02,0.02,0.004,3
2285479.222,9.694,-1.785,1.176,0.022,0.015,0.006,3
2285479.24,9.678,-1.744,1.146,0.027,0.012,0.008,3
2285479.249,9.697,-1.727,1.13,0.029,0.012,0.008,3
2285479.26,9.689,-1.721,1.117,0.032,0.004,0.01,3
2285479.29,9.703,-1.665,1.096,0.025,-0.008,0.011,3
2285479.3,9.707,-1.641,1.099,0.023,-0.008,0.011,3
2285479.309,9.681,-1.598,1.1,0.02,-0.011,0.011,3
2285479.32,9.673,-1.588,1.123,0.015,-0.012,0.01,3
2285479.33,9.685,-1.56,1.135,0.012,-0.016,0.01,3
2285479.35,9.714,-1.564,1.173,0.007,-0.015,0.007,3
2285479.36,9.723,-1.577,1.198,0.003,-0.014,0.005,3
2285479.38,9.681,-1.606,1.237,-0.009,-0.009,0.002,3
2285479.4,9.678,-1.633,1.26,-0.018,-0.007,-0.001,3
2285479.41,9.683,-1.639,1.268,-0.021,-0.004,-0.003,3
2285479.421,9.694,-1.666,1.316,-0.023,-0.001,-0.003,3
2285479.44,9.673,-1.694,1.351,-0.018,0.002,-0.002,3
2285479.45,9.67,-1.721,1.373,-0.012,0.005,-0.003,3
2285479.46,9.657,-1.722,1.383,-0.007,0.006,-0.001,3
2285479.469,9.635,-1.754,1.362,-0.001,0.007,-0.001,3
2285479.48,9.646,-1.781,1.35,0.007,0.009,0.002,3
2285479.5,9.646,-1.797,1.332,0.016,0.007,0.006,3
2285479.51,9.639,-1.791,1.331,0.022,0.009,0.007,3
2285479.522,9.645,-1.774,1.312,0.026,0.008,0.008,3
2285479.54,9.639,-1.748,1.301,0.031,0.006,0.01,3
2285479.55,9.652,-1.744,1.285,0.042,0.003,0.012,3
2285479.56,9.657,-1.722,1.276,0.046,0.004,0.015,3
2285479.57,9.667,-1.7,1.256,0.05,0.002,0.015,3
2285479.58,9.683,-1.659,1.223,0.051,0.003,0.016,3
2285479.59,9.686,-1.654,1.201,0.049,0.003,0.016,3
2285479.6,9.674,-1.628,1.18,0.046,0.002,0.015,3
2285479.609,9.708,-1.611,1.187,0.042,0.003,0.014,3
2285479.622,9.708,-1.604,1.176,0.037,0.004,0.013,3
2285479.639,9.713,-1.603,1.161,0.029,0.005,0.01,3
2285479.649,9.708,-1.586,1.169,0.023,0.005,0.009,3
2285479.66,9.706,-1.582,1.161,0.021,0.004,0.007,3
2285479.67,9.72,-1.578,1.162,0.015,0.004,0.006,3
2285479.69,9.739,-1.613,1.171,0.01,0.004,0.003,3
2285479.7,9.72,-1.608,1.171,0.006,0.005,0.002,3
2285479.71,9.706,-1.632,1.172,0.004,0.006,0,3
2285479.719,9.688,-1.664,1.173,0.004,0.004,-0.001,3
2285479.739,9.701,-1.683,1.184,-0.002,-0.001,-0.001,3
2285479.749,9.708,-1.692,1.188,-0.002,0,-0.001,3
2285479.76,9.698,-1.693,1.179,-0.004,0.001,0,3
2285479.77,9.669,-1.702,1.198,-0.004,0.002,0,3
2285479.79,9.669,-1.724,1.224,-0.004,-0.002,0.002,3
2285479.8,9.668,-1.747,1.23,-0.002,-0.003,0.004,3
2285479.809,9.663,-1.744,1.251,0.001,0,0.005,3
2285479.82,9.661,-1.721,1.261,0.004,0.001,0.007,3
2285479.829,9.648,-1.709,1.279,0.009,-0.002,0.007,3
2285479.849,9.677,-1.686,1.31,0.02,-0.007,0.01,3
2285479.86,9.677,-1.669,1.302,0.026,-0.006,0.01,3
2285479.87,9.694,-1.66,1.298,0.031,-0.001,0.009,3
2285479.88,9.692,-1.659,1.281,0.036,0.004,0.01,3
2285479.89,9.678,-1.635,1.262,0.037,0.003,0.01,3
2285479.9,9.67,-1.647,1.233,0.038,0.001,0.009,3
2285479.91,9.673,-1.636,1.222,0.034,0.002,0.009,3
2285479.92,9.686,-1.661,1.199,0.031,0.009,0.009,3
2285479.929,9.684,-1.665,1.191,0.024,0.012,0.007,3
2285479.95,9.709,-1.676,1.173,0.015,0.01,0.005,3
2285479.96,9.692,-1.671,1.173,0.012,0.009,0.005,3
2285479.97,9.686,-1.663,1.172,0.01,0.012,0.005,3
2285479.98,9.689,-1.655,1.184,0.009,0.012,0.005,3
2285479.99,9.705,-1.654,1.194,0.01,0.011,0.005,3
2285480,9.708,-1.653,1.189,0.013,0.008,0.005,3
2285480.01,9.702,-1.654,1.187,0.016,0.004,0.006,3
2285480.02,9.691,-1.663,1.178,0.018,0.006,0.005,3
2285480.03,9.694,-1.682,1.166,0.019,0.005,0.005,3
2285480.05,9.697,-1.674,1.133,0.016,0.001,0.005,3
2285480.06,9.692,-1.665,1.135,0.015,-0.001,0.005,3
2285480.07,9.7,-1.663,1.143,0.012,-0.001,0.005,3
2285480.09,9.7,-1.654,1.15,0.008,-0.002,0.005,3
2285480.1,9.698,-1.661,1.161,0.005,-0.004,0.005,3
2285480.11,9.681,-1.656,1.166,0.002,-0.004,0.005,3
2285480.12,9.692,-1.656,1.184,0.001,-0.005,0.005,3
2285480.139,9.68,-1.652,1.205,-0.004,-0.001,0.005,3
2285480.15,9.684,-1.654,1.217,-0.005,-0.001,0.004,3
2285480.16,9.677,-1.661,1.241,-0.004,-0.001,0.004,3
2285480.17,9.681,-1.659,1.246,-0.002,-0.001,0.004,3
2285480.19,9.689,-1.658,1.274,0.001,0.004,0.005,3
2285480.2,9.68,-1.67,1.27,0.004,0.004,0.005,3
2285480.209,9.67,-1.677,1.273,0.007,0.005,0.004,3
2285480.22,9.673,-1.671,1.267,0.01,0.005,0.005,3
2285480.229,9.683,-1.681,1.259,0.009,0.005,0.005,3
2285480.24,9.679,-1.691,1.273,0.016,0.007,0.007,3
2285480.249,9.695,-1.671,1.27,0.019,0.006,0.007,3
2285480.259,9.705,-1.661,1.271,0.023,0.008,0.007,3
2285480.269,9.698,-1.665,1.26,0.026,0.007,0.007,3
2285480.28,9.705,-1.66,1.235,0.03,0.006,0.007,3
2285480.29,9.717,-1.652,1.228,0.032,0.007,0.008,3
2285480.3,9.719,-1.647,1.216,0.033,0.005,0.007,3
2285480.31,9.709,-1.644,1.208,0.033,0.004,0.007,3
2285480.32,9.685,-1.635,1.171,0.031,0.005,0.006,3
2285480.329,9.662,-1.641,1.166,0.031,0.005,0.006,3
2285480.339,9.634,-1.632,1.149,0.025,0.002,0.003,3
2285480.35,9.639,-1.631,1.138,0.023,0.002,0.004,3
2285480.36,9.668,-1.644,1.141,0.017,0.002,0.005,3
2285480.37,9.705,-1.644,1.136,0.013,0.002,0.004,3
2285480.38,9.716,-1.658,1.129,0.01,0.002,0.004,3
2285480.39,9.697,-1.659,1.143,0.006,0.005,0.004,3
2285480.4,9.679,-1.642,1.15,0.003,0.004,0.003,3
2285480.41,9.675,-1.664,1.155,-0.001,0.001,0.004,3
2285480.42,9.678,-1.669,1.16,-0.004,0.002,0.004,3
2285480.429,9.668,-1.669,1.189,-0.007,0.003,0.004,3
2285480.439,9.672,-1.672,1.19,-0.006,0.005,0.004,3
2285480.449,9.65,-1.675,1.228,-0.004,0.007,0.005,3
2285480.46,9.636,-1.675,1.222,-0.003,0.008,0.007,3
2285480.47,9.656,-1.682,1.244,0,0.007,0.007,3
2285480.48,9.673,-1.698,1.232,0.004,0.008,0.008,3
2285480.49,9.675,-1.693,1.229,0.007,0.01,0.01,3
2285480.5,9.674,-1.691,1.239,0.013,0.012,0.01,3
2285480.51,9.684,-1.7,1.248,0.017,0.013,0.011,3
2285480.53,9.709,-1.692,1.229,0.025,0.01,0.013,3
2285480.54,9.707,-1.674,1.224,0.031,0.012,0.015,3
2285480.55,9.719,-1.65,1.213,0.036,0.014,0.014,3
2285480.56,9.711,-1.626,1.213,0.045,0.012,0.015,3
2285480.57,9.738,-1.605,1.21,0.048,0.009,0.015,3
2285480.58,9.736,-1.593,1.189,0.052,0.008,0.013,3
2285480.59,9.724,-1.581,1.169,0.053,0.007,0.013,3
2285480.6,9.72,-1.583,1.113,0.053,0.011,0.012,3
2285480.609,9.703,-1.583,1.107,0.052,0.01,0.01,3
2285480.62,9.719,-1.575,1.063,0.048,0.01,0.009,3
2285480.629,9.708,-1.616,1.053,0.042,0.009,0.009,3
2285480.639,9.714,-1.62,1.036,0.034,0.006,0.007,3
2285480.649,9.708,-1.638,1.027,0.024,0.004,0.005,3
2285480.66,9.703,-1.652,1.018,0.009,0.006,0.005,3
2285480.67,9.706,-1.648,1.017,-0.001,0.004,0.004,3
2285480.68,9.691,-1.656,1.049,-0.01,0.002,0.004,3
2285480.69,9.698,-1.664,1.061,-0.018,-0.001,0.001,3
2285480.7,9.711,-1.663,1.102,-0.022,0.001,0.001,3
2285480.71,9.709,-1.67,1.138,-0.027,0,0.002,3
2285480.73,9.691,-1.674,1.19,-0.028,-0.002,0.002,3
2285480.742,9.688,-1.672,1.223,-0.026,-0.003,0.002,3
2285480.75,9.696,-1.677,1.244,-0.021,-0.005,0.002,3
2285480.76,9.697,-1.675,1.267,-0.016,-0.005,0.002,3
2285480.77,9.701,-1.667,1.294,-0.009,-0.005,0.003,3
2285480.78,9.696,-1.659,1.288,0.001,-0.005,0.004,3
2285480.79,9.684,-1.658,1.283,0.007,-0.006,0.004,3
2285480.8,9.685,-1.652,1.29,0.013,-0.006,0.004,3
2285480.81,9.679,-1.653,1.287,0.018,-0.007,0.006,3
2285480.82,9.684,-1.652,1.279,0.023,-0.004,0.006,3
2285480.83,9.674,-1.66,1.274,0.026,-0.003,0.007,3
2285480.85,9.651,-1.649,1.26,0.028,0,0.007,3
2285480.859,9.666,-1.655,1.25,0.027,0.001,0.008,3
2285480.87,9.691,-1.66,1.24,0.026,0.001,0.007,3
2285480.88,9.683,-1.667,1.229,0.024,0.004,0.007,3
2285480.89,9.686,-1.653,1.223,0.022,0.005,0.007,3
2285480.9,9.672,-1.655,1.219,0.019,0.007,0.006,3
2285480.91,9.688,-1.653,1.215,0.021,0.009,0.007,3
2285480.93,9.688,-1.642,1.226,0.021,0.009,0.007,3
2285480.939,9.7,-1.649,1.23,0.02,0.009,0.006,3
2285480.949,9.7,-1.661,1.216,0.021,0.009,0.005,3
2285480.96,9.694,-1.667,1.202,0.023,0.008,0.007,3
2285480.97,9.691,-1.67,1.191,0.023,0.01,0.007,3
2285480.98,9.675,-1.672,1.171,0.023,0.009,0.006,3
2285480.99,9.678,-1.688,1.157,0.019,0.007,0.005,3
2285481,9.686,-1.686,1.152,0.018,0.007,0.005,3
2285481.01,9.695,-1.698,1.154,0.018,0.007,0.006,3
2285481.02,9.702,-1.698,1.136,0.015,0.007,0.005,3
2285481.04,9.674,-1.694,1.134,0.011,0.005,0.007,3
2285481.05,9.692,-1.691,1.143,0.01,0.005,0.007,3
2285481.06,9.701,-1.683,1.154,0.009,0.002,0.008,3
2285481.07,9.702,-1.665,1.158,0.009,0.002,0.009,3
2285481.08,9.692,-1.656,1.168,0.012,0.002,0.008,3
2285481.09,9.664,-1.624,1.161,0.012,0.003,0.008,3
2285481.1,9.678,-1.627,1.171,0.012,0.001,0.009,3
2285481.11,9.703,-1.625,1.174,0.013,-0.001,0.009,3
2285481.12,9.718,-1.619,1.173,0.012,0,0.009,3
2285481.129,9.713,-1.604,1.171,0.013,0.002,0.008,3
2285481.139,9.691,-1.603,1.178,0.013,0.004,0.009,3
2285481.15,9.675,-1.587,1.183,0.015,0.003,0.009,3
2285481.16,9.67,-1.608,1.169,0.014,0.002,0.009,3
2285481.17,9.679,-1.62,1.161,0.014,0.001,0.009,3
2285481.179,9.686,-1.614,1.163,0.011,0.003,0.007,3
2285481.189,9.688,-1.611,1.155,0.01,0.005,0.007,3
2285481.199,9.69,-1.594,1.154,0.007,0.005,0.007,3
2285481.209,9.701,-1.597,1.167,0.001,0.004,0.007,3
2285481.219,9.707,-1.604,1.163,0.001,0.004,0.006,3
2285481.23,9.708,-1.599,1.165,-0.002,0.005,0.005,3
2285481.239,9.72,-1.604,1.165,-0.002,0.009,0.005,3
2285481.249,9.725,-1.587,1.188,-0.004,0.011,0.004,3
2285481.259,9.707,-1.589,1.185,0,0.012,0.004,3
2285481.27,9.701,-1.595,1.211,0.003,0.009,0.004,3
2285481.28,9.706,-1.614,1.215,0.005,0.009,0.003,3
2285481.29,9.707,-1.641,1.199,0.009,0.01,0.002,3
2285481.3,9.706,-1.659,1.19,0.013,0.012,0.003,3
2285481.309,9.675,-1.707,1.166,0.017,0.012,0.004,3
2285481.32,9.656,-1.713,1.141,0.021,0.011,0.006,3
2285481.33,9.667,-1.716,1.141,0.02,0.007,0.007,3
2285481.34,9.666,-1.721,1.139,0.02,0.005,0.008,3
2285481.35,9.661,-1.716,1.129,0.02,0.005,0.009,3
2285481.359,9.678,-1.7,1.127,0.02,0.004,0.009,3
2285481.369,9.689,-1.678,1.146,0.021,0.004,0.011,3
2285481.379,9.689,-1.654,1.146,0.021,0.001,0.012,3
2285481.389,9.702,-1.656,1.152,0.024,0.001,0.013,3
2285481.4,9.69,-1.636,1.16,0.023,0,0.013,3
2285481.41,9.694,-1.621,1.156,0.024,0.001,0.013,3
2285481.42,9.696,-1.608,1.156,0.025,0.001,0.013,3
2285481.429,9.711,-1.58,1.151,0.024,0.003,0.012,3
2285481.44,9.707,-1.589,1.156,0.022,0.002,0.013,3
2285481.449,9.724,-1.572,1.157,0.023,0.004,0.011,3
2285481.459,9.729,-1.555,1.157,0.021,0.004,0.009,3
2285481.47,9.727,-1.554,1.169,0.021,0.005,0.007,3
2285481.48,9.745,-1.544,1.156,0.021,0.007,0.007,3
2285481.49,9.739,-1.556,1.15,0.021,0.007,0.005,3
2285481.5,9.731,-1.572,1.146,0.02,0.009,0.003,3
2285481.509,9.735,-1.594,1.134,0.02,0.01,0.003,3
2285481.519,9.719,-1.602,1.119,0.019,0.009,0.002,3
2285481.529,9.72,-1.637,1.116,0.018,0.008,0.001,3
2285481.54,9.714,-1.655,1.086,0.018,0.007,0.001,3
2285481.551,9.697,-1.664,1.086,0.015,0.006,0.001,3
2285481.559,9.684,-1.678,1.069,0.011,0.005,0.001,3
2285481.57,9.681,-1.681,1.063,0.008,0.004,0.001,3
2285481.589,9.672,-1.686,1.079,0.001,0.002,0.003,3
2285481.6,9.659,-1.659,1.11,-0.001,-0.001,0.004,3
2285481.61,9.681,-1.67,1.123,-0.001,-0.002,0.004,3
2285481.619,9.691,-1.667,1.152,0.001,-0.002,0.005,3
2285481.64,9.685,-1.652,1.167,0.006,-0.004,0.007,3
2285481.65,9.698,-1.653,1.199,0.01,-0.004,0.007,3
2285481.659,9.688,-1.653,1.198,0.012,-0.004,0.008,3
2285481.669,9.675,-1.636,1.187,0.012,-0.004,0.009,3
2285481.679,9.683,-1.652,1.195,0.012,-0.002,0.007,3
2285481.69,9.679,-1.643,1.204,0.012,-0.001,0.008,3
2285481.699,9.69,-1.643,1.206,0.012,0.001,0.007,3
2285481.71,9.701,-1.638,1.211,0.01,0.001,0.007,3
2285481.72,9.698,-1.638,1.207,0.01,0.003,0.006,3
2285481.73,9.69,-1.63,1.211,0.009,0.007,0.006,3
2285481.74,9.686,-1.654,1.2,0.009,0.01,0.006,3
2285481.75,9.686,-1.659,1.201,0.008,0.012,0.006,3
2285481.76,9.698,-1.661,1.223,0.01,0.014,0.006,3
2285481.77,9.695,-1.653,1.216,0.01,0.014,0.007,3
2285481.78,9.691,-1.655,1.195,0.012,0.014,0.006,3
2285481.79,9.679,-1.642,1.19,0.015,0.013,0.009,3
2285481.8,9.685,-1.641,1.18,0.02,0.015,0.008,3
2285481.81,9.707,-1.647,1.185,0.021,0.013,0.009,3
2285481.82,9.697,-1.644,1.174,0.026,0.013,0.01,3
2285481.829,9.697,-1.635,1.145,0.029,0.014,0.01,3
2285481.84,9.691,-1.626,1.132,0.031,0.011,0.01,3
2285481.85,9.691,-1.619,1.113,0.032,0.009,0.011,3
2285481.86,9.706,-1.621,1.105,0.032,0.009,0.01,3
2285481.87,9.731,-1.622,1.079,0.031,0.009,0.011,3
2285481.88,9.736,-1.6,1.088,0.029,0.007,0.01,3
2285481.89,9.739,-1.592,1.077,0.026,0.007,0.01,3
2285481.9,9.717,-1.584,1.063,0.024,0.006,0.01,3
2285481.909,9.708,-1.565,1.062,0.022,0.005,0.01,3
2285481.919,9.711,-1.581,1.049,0.019,0.004,0.009,3
2285481.929,9.703,-1.583,1.06,0.013,0.005,0.007,3
2285481.939,9.712,-1.573,1.056,0.007,0.004,0.006,3
2285481.949,9.696,-1.571,1.067,0,0.003,0.005,3
2285481.969,9.74,-1.586,1.108,-0.007,0.001,0.004,3
2285481.979,9.736,-1.598,1.134,-0.01,-0.001,0.004,3
2285481.99,9.728,-1.597,1.138,-0.01,0.002,0.002,3
2285481.999,9.707,-1.604,1.163,-0.009,0.004,0.001,3
2285482.009,9.698,-1.613,1.19,-0.01,0.005,0.002,3
2285482.019,9.702,-1.624,1.188,-0.009,0.004,0.002,3
2285482.03,9.697,-1.647,1.201,-0.008,0.002,0.002,3
2285482.039,9.717,-1.658,1.185,-0.006,0.003,0.001,3
2285482.05,9.689,-1.675,1.188,-0.006,0.007,0.002,3
2285482.059,9.681,-1.685,1.194,-0.005,0.01,0.002,3
2285482.07,9.669,-1.682,1.195,-0.002,0.007,0.003,3
2285482.08,9.666,-1.683,1.193,-0.001,0.005,0.005,3
2285482.09,9.68,-1.682,1.184,0.001,0.004,0.005,3
2285482.112,9.679,-1.665,1.223,0.009,0.009,0.009,3
2285482.13,9.666,-1.663,1.217,0.018,0.005,0.011,3
2285482.14,9.673,-1.635,1.228,0.024,0.004,0.012,3
2285482.15,9.672,-1.625,1.217,0.029,0.005,0.012,3
2285482.16,9.691,-1.599,1.2,0.033,0.007,0.013,3
2285482.17,9.686,-1.589,1.173,0.037,0.009,0.013,3
2285482.18,9.697,-1.589,1.161,0.038,0.009,0.012,3
2285482.189,9.7,-1.57,1.167,0.038,0.01,0.012,3
2285482.199,9.718,-1.575,1.129,0.036,0.01,0.012,3
2285482.21,9.73,-1.58,1.11,0.035,0.01,0.011,3
2285482.22,9.718,-1.584,1.09,0.03,0.013,0.01,3
2285482.23,9.728,-1.584,1.084,0.027,0.013,0.009,3
2285482.25,9.718,-1.584,1.064,0.018,0.012,0.007,3
2285482.259,9.723,-1.587,1.066,0.015,0.011,0.006,3
2285482.27,9.723,-1.589,1.066,0.01,0.013,0.006,3
2285482.28,9.709,-1.598,1.069,0.005,0.012,0.004,3
2285482.3,9.716,-1.614,1.071,-0.001,0.01,0.004,3
2285482.31,9.717,-1.632,1.062,-0.002,0.008,0.003,3
2285482.319,9.702,-1.646,1.084,-0.004,0.008,0.004,3
2285482.329,9.705,-1.644,1.093,-0.004,0.006,0.004,3
2285482.35,9.679,-1.658,1.095,-0.004,0.004,0.005,3
2285482.36,9.686,-1.644,1.106,-0.004,0.002,0.005,3
2285482.369,9.68,-1.642,1.144,-0.001,0.001,0.008,3
2285482.38,9.691,-1.648,1.16,-0.001,0.001,0.008,3
2285482.39,9.689,-1.644,1.162,0.004,0.002,0.009,3
2285482.4,9.68,-1.631,1.176,0.007,0.001,0.01,3
2285482.41,9.701,-1.615,1.185,0.009,0,0.011,3
2285482.419,9.692,-1.602,1.202,0.011,0.001,0.011,3
2285482.43,9.708,-1.605,1.194,0.013,0.002,0.01,3
2285482.44,9.712,-1.599,1.193,0.014,0.005,0.01,3
2285482.45,9.717,-1.61,1.198,0.013,0.006,0.011,3
2285482.46,9.7,-1.594,1.187,0.013,0.007,0.009,3
2285482.47,9.706,-1.594,1.178,0.013,0.01,0.009,3
2285482.48,9.688,-1.594,1.18,0.012,0.012,0.008,3
2285482.49,9.694,-1.598,1.183,0.01,0.013,0.007,3
2285482.5,9.701,-1.606,1.18,0.01,0.015,0.007,3
2285482.51,9.695,-1.614,1.178,0.009,0.016,0.007,3
2285482.52,9.697,-1.6,1.163,0.012,0.016,0.007,3
2285482.539,9.694,-1.617,1.167,0.015,0.017,0.007,3
2285482.55,9.707,-1.624,1.157,0.017,0.015,0.008,3
2285482.56,9.714,-1.624,1.15,0.018,0.014,0.009,3
2285482.57,9.705,-1.625,1.132,0.02,0.015,0.007,3
2285482.579,9.698,-1.624,1.125,0.023,0.012,0.009,3
2285482.59,9.697,-1.628,1.1,0.023,0.01,0.009,3
2285482.6,9.708,-1.637,1.094,0.023,0.009,0.009,3
2285482.61,9.728,-1.648,1.073,0.021,0.007,0.008,3
2285482.62,9.717,-1.65,1.062,0.016,0.007,0.008,3
2285482.63,9.709,-1.653,1.063,0.011,0.007,0.007,3
2285482.64,9.681,-1.649,1.072,0.006,0.005,0.007,3
2285482.649,9.666,-1.652,1.074,0.002,0.004,0.008,3
2285482.659,9.663,-1.652,1.089,-0.004,0.001,0.009,3
2285482.67,9.681,-1.655,1.1,-0.009,0.002,0.01,3
2285482.679,9.669,-1.641,1.129,-0.01,0.005,0.009,3
2285482.689,9.677,-1.624,1.167,-0.012,0.006,0.009,3
2285482.7,9.685,-1.617,1.195,-0.011,0.006,0.009,3
2285482.709,9.697,-1.626,1.223,-0.01,0.002,0.009,3
2285482.72,9.728,-1.622,1.248,-0.001,0.001,0.008,3
2285482.729,9.716,-1.633,1.244,0.004,0.005,0.009,3
2285482.74,9.716,-1.633,1.244,0.009,0.01,0.009,3
2285482.75,9.695,-1.62,1.255,0.013,0.011,0.008,3
2285482.76,9.691,-1.617,1.232,0.015,0.009,0.007,3
2285482.77,9.69,-1.639,1.229,0.016,0.007,0.007,3
2285482.78,9.683,-1.649,1.201,0.016,0.007,0.007,3
2285482.79,9.678,-1.659,1.196,0.016,0.013,0.007,3
2285482.8,9.677,-1.66,1.18,0.016,0.016,0.007,3
2285482.81,9.677,-1.661,1.157,0.014,0.016,0.008,3
2285482.82,9.668,-1.67,1.16,0.013,0.015,0.009,3
2285482.834,9.663,-1.663,1.166,0.012,0.013,0.009,3
2285482.85,9.681,-1.648,1.189,0.016,0.016,0.012,3
2285482.86,9.684,-1.648,1.196,0.02,0.014,0.011,3
2285482.87,9.701,-1.641,1.199,0.026,0.012,0.013,3
2285482.879,9.702,-1.637,1.202,0.03,0.01,0.013,3
2285482.89,9.705,-1.638,1.185,0.034,0.011,0.012,3
2285482.9,9.714,-1.652,1.163,0.038,0.012,0.013,3
2285482.909,9.707,-1.636,1.111,0.035,0.011,0.013,3
2285482.92,9.707,-1.636,1.111,0.035,0.01,0.012,3
2285482.929,9.713,-1.624,1.091,0.031,0.007,0.011,3
2285482.95,9.733,-1.626,1.074,0.02,0.008,0.01,3
2285482.959,9.753,-1.613,1.058,0.015,0.009,0.009,3
2285482.98,9.712,-1.597,1.069,0.005,0.007,0.007,3
2285482.99,9.716,-1.595,1.08,-0.001,0.007,0.005,3
2285483.01,9.706,-1.591,1.116,-0.005,0.007,0.004,3
2285483.03,9.712,-1.615,1.158,-0.004,0.004,0.003,3
2285483.04,9.705,-1.62,1.155,-0.004,0,0.002,3
2285483.05,9.694,-1.637,1.168,-0.001,-0.001,0.003,3
2285483.06,9.697,-1.648,1.177,0,-0.001,0.004,3
2285483.07,9.698,-1.65,1.183,0.001,-0.002,0.002,3
2285483.09,9.689,-1.648,1.183,0.002,-0.001,0.004,3
2285483.1,9.675,-1.653,1.193,0,-0.001,0.005,3
2285483.11,9.679,-1.655,1.198,0.001,-0.002,0.005,3
2285483.12,9.684,-1.659,1.217,0.001,-0.002,0.005,3
2285483.13,9.675,-1.667,1.239,0,0.001,0.005,3
2285483.14,9.685,-1.671,1.24,0,0.001,0.005,3
2285483.15,9.674,-1.689,1.252,0.001,0.003,0.005,3
2285483.16,9.679,-1.685,1.243,0,0.005,0.006,3
2285483.17,9.666,-1.675,1.254,0.001,0.006,0.005,3
2285483.19,9.673,-1.67,1.27,0.005,0.009,0.005,3
2285483.2,9.672,-1.676,1.262,0.009,0.009,0.007,3
2285483.21,9.678,-1.674,1.256,0.013,0.012,0.006,3
2285483.219,9.675,-1.687,1.267,0.016,0.012,0.006,3
2285483.23,9.689,-1.692,1.256,0.02,0.012,0.007,3
2285483.24,9.668,-1.688,1.234,0.022,0.012,0.008,3
2285483.25,9.655,-1.674,1.219,0.025,0.012,0.009,3
2285483.26,9.684,-1.682,1.204,0.028,0.012,0.01,3
2285483.27,9.697,-1.667,1.206,0.029,0.013,0.01,3
2285483.28,9.703,-1.675,1.195,0.032,0.012,0.01,3
2285483.29,9.694,-1.655,1.184,0.033,0.01,0.011,3
2285483.3,9.688,-1.66,1.166,0.034,0.01,0.011,3
2285483.31,9.691,-1.644,1.136,0.033,0.01,0.011,3
2285483.319,9.706,-1.652,1.132,0.032,0.008,0.01,3
2285483.33,9.723,-1.649,1.102,0.029,0.007,0.01,3
2285483.34,9.728,-1.647,1.101,0.026,0.008,0.009,3
2285483.35,9.708,-1.648,1.099,0.023,0.007,0.009,3
2285483.36,9.688,-1.636,1.095,0.015,0.005,0.009,3
2285483.37,9.681,-1.635,1.085,0.012,0.004,0.01,3
2285483.38,9.663,-1.633,1.099,0.009,0.002,0.009,3
2285483.39,9.681,-1.649,1.089,0.004,0.003,0.007,3
2285483.4,9.69,-1.638,1.099,0.001,0.005,0.009,3
2285483.41,9.684,-1.635,1.117,-0.001,0.005,0.009,3
2285483.42,9.686,-1.635,1.129,-0.003,0.005,0.009,3
2285483.432,9.709,-1.622,1.187,-0.002,0.003,0.009,3
2285483.45,9.72,-1.609,1.2,0.004,0,0.009,3
2285483.46,9.728,-1.611,1.227,0.009,0.002,0.009,3
2285483.47,9.722,-1.617,1.223,0.016,0.005,0.007,3
2285483.48,9.718,-1.61,1.215,0.018,0.003,0.007,3
2285483.49,9.716,-1.609,1.184,0.018,0.002,0.007,3
2285483.5,9.69,-1.633,1.184,0.017,0.004,0.005,3
2285483.51,9.681,-1.663,1.16,0.016,0.006,0.006,3
2285483.52,9.681,-1.661,1.15,0.013,0.01,0.004,3
2285483.53,9.678,-1.653,1.155,0.012,0.008,0.005,3
2285483.54,9.675,-1.66,1.147,0.009,0.007,0.005,3
2285483.56,9.674,-1.67,1.158,0.005,0.008,0.007,3
2285483.57,9.686,-1.648,1.179,0.004,0.008,0.006,3
2285483.579,9.683,-1.65,1.185,0.006,0.007,0.007,3
2285483.589,9.694,-1.65,1.218,0.009,0.005,0.007,3
2285483.61,9.689,-1.648,1.216,0.014,0.006,0.008,3
2285483.62,9.692,-1.65,1.215,0.017,0.005,0.007,3
2285483.63,9.685,-1.658,1.199,0.021,0.009,0.009,3
2285483.639,9.705,-1.652,1.19,0.025,0.005,0.009,3
2285483.66,9.695,-1.649,1.184,0.024,0.004,0.009,3
2285483.67,9.691,-1.663,1.157,0.021,0.007,0.009,3
2285483.68,9.707,-1.655,1.136,0.018,0.005,0.007,3
2285483.689,9.701,-1.632,1.154,0.016,0.005,0.007,3
2285483.7,9.701,-1.635,1.15,0.011,0.004,0.007,3
2285483.71,9.701,-1.633,1.15,0.009,0.006,0.007,3
2285483.72,9.692,-1.639,1.152,0.006,0.007,0.006,3
2285483.73,9.69,-1.641,1.158,0.006,0.007,0.005,3
2285483.74,9.685,-1.626,1.154,0.005,0.007,0.005,3
2285483.76,9.688,-1.646,1.163,0.005,0.007,0.005,3
2285483.77,9.689,-1.648,1.177,0.005,0.008,0.006,3
2285483.779,9.689,-1.655,1.171,0.006,0.007,0.005,3
2285483.789,9.681,-1.677,1.166,0.007,0.007,0.007,3
2285483.799,9.681,-1.677,1.166,0.006,0.005,0.006,3
2285483.81,9.679,-1.666,1.168,0.009,0.005,0.008,3
2285483.82,9.684,-1.67,1.189,0.011,0.005,0.009,3
2285483.83,9.678,-1.667,1.188,0.012,0.005,0.009,3
2285483.84,9.692,-1.656,1.195,0.014,0.005,0.009,3
2285483.86,9.683,-1.659,1.199,0.016,0.006,0.009,3
2285483.87,9.688,-1.65,1.198,0.017,0.006,0.009,3
2285483.88,9.706,-1.661,1.205,0.018,0.007,0.009,3
2285483.89,9.695,-1.659,1.199,0.018,0.007,0.009,3
2285483.9,9.702,-1.643,1.198,0.019,0.009,0.01,3
2285483.91,9.697,-1.654,1.179,0.018,0.009,0.009,3
2285483.92,9.703,-1.646,1.18,0.018,0.009,0.009,3
2285483.93,9.701,-1.649,1.167,0.017,0.009,0.008,3
2285483.94,9.702,-1.639,1.178,0.015,0.008,0.007,3
2285483.96,9.702,-1.632,1.173,0.014,0.007,0.007,3
2285483.97,9.703,-1.642,1.16,0.016,0.008,0.007,3
2285483.98,9.738,-1.636,1.163,0.016,0.008,0.006,3
2285484,9.684,-1.633,1.138,0.015,0.006,0.005,3
2285484.01,9.688,-1.646,1.118,0.013,0.005,0.005,3
2285484.02,9.667,-1.628,1.116,0.009,0.004,0.005,3
2285484.03,9.698,-1.632,1.127,0.005,0.002,0.005,3
2285484.049,9.745,-1.646,1.138,-0.002,0.001,0.003,3
2285484.069,9.697,-1.63,1.136,-0.004,0.005,0.002,3
2285484.08,9.659,-1.641,1.151,-0.008,0.002,0.003,3
2285484.089,9.658,-1.641,1.162,-0.01,-0.001,0.002,3
2285484.1,9.668,-1.647,1.19,-0.01,-0.001,0.002,3
2285484.11,9.677,-1.665,1.206,-0.012,0.002,0.003,3
2285484.129,9.683,-1.666,1.228,-0.01,0.003,0.004,3
2285484.139,9.681,-1.691,1.237,-0.006,-0.001,0.004,3
2285484.15,9.694,-1.682,1.254,-0.004,0.001,0.005,3
2285484.16,9.694,-1.688,1.277,-0.001,0.001,0.007,3
2285484.17,9.698,-1.677,1.288,0.002,0.005,0.005,3
2285484.179,9.684,-1.665,1.285,0.007,0.007,0.006,3
2285484.19,9.688,-1.646,1.299,0.009,0.007,0.006,3
2285484.2,9.67,-1.648,1.288,0.015,0.004,0.006,3
2285484.21,9.668,-1.65,1.289,0.02,0.003,0.007,3
2285484.22,9.675,-1.665,1.284,0.031,0.006,0.008,3
2285484.23,9.685,-1.671,1.271,0.034,0.008,0.009,3
2285484.239,9.673,-1.67,1.244,0.037,0.01,0.009,3
2285484.25,9.681,-1.656,1.219,0.038,0.007,0.01,3
2285484.259,9.692,-1.66,1.215,0.038,0.007,0.01,3
2285484.269,9.684,-1.661,1.189,0.035,0.005,0.01,3
2285484.28,9.677,-1.656,1.183,0.034,0.009,0.01,3
2285484.29,9.668,-1.658,1.171,0.031,0.009,0.01,3
2285484.3,9.677,-1.632,1.154,0.029,0.009,0.01,3
2285484.31,9.691,-1.628,1.165,0.026,0.007,0.01,3
2285484.32,9.695,-1.616,1.162,0.024,0.007,0.009,3
2285484.33,9.705,-1.622,1.15,0.023,0.008,0.008,3
2285484.34,9.696,-1.632,1.141,0.022,0.01,0.008,3
2285484.35,9.701,-1.614,1.149,0.019,0.01,0.007,3
2285484.36,9.701,-1.632,1.151,0.016,0.008,0.005,3
2285484.37,9.701,-1.635,1.147,0.016,0.005,0.005,3
2285484.38,9.708,-1.632,1.145,0.015,0.005,0.005,3
2285484.39,9.717,-1.644,1.135,0.014,0.007,0.005,3
2285484.4,9.712,-1.661,1.124,0.012,0.006,0.005,3
2285484.41,9.702,-1.669,1.124,0.012,0.004,0.005,3
2285484.42,9.686,-1.666,1.125,0.01,0.003,0.004,3
2285484.43,9.681,-1.676,1.127,0.007,0.002,0.002,3
2285484.441,9.677,-1.671,1.13,0.005,0.003,0.004,3
2285484.449,9.675,-1.676,1.143,0.004,0.002,0.005,3
2285484.46,9.672,-1.677,1.156,0.003,0.003,0.004,3
2285484.469,9.684,-1.687,1.169,0.003,0.002,0.006,3
2285484.48,9.692,-1.688,1.193,0.004,0.002,0.007,3
2285484.49,9.702,-1.688,1.194,0.005,0.003,0.006,3
2285484.499,9.685,-1.687,1.196,0.007,0.002,0.008,3
2285484.51,9.685,-1.683,1.205,0.01,0.001,0.007,3
2285484.52,9.686,-1.678,1.206,0.012,0.001,0.008,3
2285484.53,9.683,-1.666,1.217,0.012,0.001,0.007,3
2285484.539,9.686,-1.655,1.224,0.016,0.001,0.008,3
2285484.55,9.696,-1.65,1.227,0.018,0.001,0.009,3
2285484.56,9.69,-1.636,1.229,0.021,0.002,0.009,3
2285484.57,9.675,-1.63,1.218,0.023,0.002,0.009,3
2285484.58,9.681,-1.624,1.212,0.022,0.002,0.009,3
2285484.59,9.685,-1.631,1.202,0.023,0.004,0.008,3
2285484.6,9.681,-1.624,1.182,0.022,0.003,0.009,3
2285484.61,9.686,-1.631,1.176,0.022,0.004,0.008,3
2285484.62,9.683,-1.642,1.174,0.018,0.004,0.007,3
2285484.63,9.689,-1.648,1.177,0.015,0.006,0.006,3
2285484.639,9.686,-1.649,1.18,0.013,0.007,0.005,3
2285484.651,9.673,-1.666,1.173,0.009,0.008,0.005,3
2285484.659,9.678,-1.661,1.173,0.003,0.008,0.005,3
2285484.669,9.677,-1.664,1.174,0.003,0.009,0.005,3
2285484.68,9.686,-1.654,1.185,0.001,0.01,0.005,3
2285484.69,9.694,-1.655,1.21,0.003,0.01,0.005,3
2285484.699,9.696,-1.653,1.206,0.004,0.009,0.005,3
2285484.71,9.688,-1.648,1.21,0.009,0.009,0.006,3
2285484.72,9.701,-1.644,1.213,0.012,0.009,0.007,3
2285484.73,9.691,-1.661,1.206,0.015,0.007,0.007,3
2285484.74,9.706,-1.664,1.194,0.02,0.006,0.007,3
2285484.75,9.729,-1.658,1.206,0.023,0.005,0.009,3
2285484.76,9.728,-1.643,1.185,0.026,0.004,0.009,3
2285484.77,9.72,-1.648,1.167,0.027,0.004,0.009,3
2285484.78,9.714,-1.632,1.149,0.028,0.001,0.009,3
2285484.79,9.712,-1.625,1.161,0.029,-0.001,0.009,3
2285484.8,9.702,-1.644,1.13,0.026,0,0.008,3
2285484.81,9.694,-1.624,1.124,0.024,-0.001,0.007,3
2285484.82,9.688,-1.61,1.104,0.019,0.001,0.006,3
2285484.83,9.667,-1.626,1.122,0.013,0.001,0.005,3
2285484.849,9.707,-1.63,1.116,0.002,-0.002,0.003,3
2285484.86,9.702,-1.639,1.134,-0.004,-0.001,0.002,3
2285484.869,9.685,-1.638,1.138,-0.011,0.001,0.002,3
2285484.89,9.691,-1.649,1.179,-0.017,0.002,0.002,3
2285484.899,9.677,-1.66,1.179,-0.019,0.001,0.002,3
2285484.91,9.668,-1.667,1.215,-0.019,0,0.001,3
2285484.919,9.683,-1.682,1.211,-0.018,0.002,0.001,3
2285484.93,9.68,-1.694,1.232,-0.015,0.007,0.002,3
2285484.939,9.672,-1.699,1.266,-0.01,0.008,0.002,3
2285484.95,9.672,-1.699,1.266,-0.004,0.007,0.004,3
2285484.959,9.673,-1.704,1.274,0.002,0.004,0.005,3
2285484.969,9.691,-1.694,1.278,0.007,0.003,0.006,3
2285484.98,9.685,-1.692,1.27,0.018,0.005,0.008,3
2285484.99,9.674,-1.663,1.263,0.026,0.005,0.009,3
2285485,9.677,-1.666,1.248,0.031,0.005,0.01,3
2285485.01,9.677,-1.659,1.23,0.038,0.004,0.011,3
2285485.02,9.694,-1.649,1.211,0.041,0.003,0.012,3
2285485.03,9.69,-1.636,1.176,0.042,0.006,0.011,3
2285485.05,9.677,-1.63,1.149,0.04,0.009,0.012,3
2285485.06,9.674,-1.632,1.122,0.039,0.009,0.013,3
2285485.08,9.692,-1.598,1.104,0.029,0.007,0.012,3
2285485.09,9.714,-1.589,1.099,0.026,0.007,0.011,3
2285485.1,9.725,-1.584,1.097,0.024,0.005,0.01,3
2285485.11,9.728,-1.586,1.101,0.021,0.004,0.009,3
2285485.12,9.747,-1.588,1.095,0.02,0.004,0.009,3
2285485.13,9.729,-1.576,1.104,0.018,0.003,0.006,3
2285485.141,9.713,-1.588,1.105,0.013,0.003,0.006,3
2285485.159,9.701,-1.622,1.093,0.006,0.004,0.004,3
2285485.169,9.692,-1.627,1.086,0.002,0.002,0.004,3
2285485.18,9.689,-1.66,1.106,-0.002,0.002,0.002,3
2285485.19,9.7,-1.666,1.115,-0.008,0.002,0.004,3
2285485.2,9.702,-1.676,1.132,-0.013,0.001,0.003,3
2285485.21,9.697,-1.68,1.152,-0.012,0.001,0.004,3
2285485.219,9.686,-1.672,1.171,-0.012,0.001,0.004,3
2285485.23,9.674,-1.681,1.178,-0.012,0,0.005,3
2285485.25,9.684,-1.678,1.208,-0.005,-0.001,0.007,3
2285485.259,9.679,-1.675,1.23,0.001,-0.001,0.008,3
2285485.269,9.668,-1.671,1.251,0.005,0.001,0.009,3
2285485.28,9.657,-1.664,1.255,0.012,0.001,0.009,3
2285485.29,9.667,-1.654,1.248,0.02,0,0.011,3
2285485.3,9.673,-1.664,1.229,0.024,0.002,0.012,3
2285485.31,9.696,-1.65,1.23,0.026,0.002,0.012,3
2285485.32,9.69,-1.636,1.227,0.029,0.003,0.012,3
2285485.33,9.696,-1.636,1.218,0.03,0.005,0.012,3
2285485.34,9.702,-1.604,1.212,0.029,0.007,0.012,3
2285485.35,9.701,-1.6,1.206,0.03,0.007,0.011,3
2285485.36,9.709,-1.611,1.201,0.029,0.008,0.01,3
2285485.37,9.706,-1.603,1.19,0.03,0.008,0.008,3
2285485.38,9.718,-1.611,1.165,0.028,0.01,0.008,3
2285485.39,9.696,-1.631,1.135,0.026,0.012,0.007,3
2285485.41,9.686,-1.635,1.11,0.021,0.011,0.005,3
2285485.419,9.697,-1.637,1.105,0.016,0.009,0.005,3
2285485.43,9.709,-1.647,1.099,0.013,0.01,0.005,3
2285485.439,9.719,-1.654,1.091,0.01,0.009,0.005,3
2285485.45,9.712,-1.663,1.088,0.008,0.007,0.004,3
2285485.459,9.688,-1.658,1.097,0.004,0.008,0.004,3
2285485.469,9.691,-1.663,1.101,0.004,0.007,0.004,3
2285485.48,9.672,-1.675,1.106,0.002,0.004,0.005,3
2285485.49,9.688,-1.691,1.101,0.002,0.002,0.006,3
2285485.5,9.67,-1.708,1.115,0.002,0.002,0.006,3
2285485.51,9.67,-1.681,1.127,0,0.004,0.007,3
2285485.519,9.668,-1.666,1.15,0.001,0.002,0.008,3
2285485.53,9.68,-1.656,1.154,0.002,-0.002,0.009,3
2285485.55,9.723,-1.642,1.184,0.01,-0.005,0.009,3
2285485.56,9.72,-1.639,1.194,0.015,-0.003,0.01,3
2285485.57,9.718,-1.646,1.198,0.019,0.002,0.009,3
2285485.58,9.694,-1.633,1.198,0.021,0.001,0.009,3
2285485.59,9.703,-1.614,1.187,0.021,0,0.009,3
2285485.6,9.702,-1.615,1.184,0.021,-0.001,0.007,3
2285485.61,9.719,-1.616,1.169,0.018,0.001,0.007,3
2285485.62,9.722,-1.624,1.166,0.017,0.005,0.005,3
2285485.659,9.697,-1.644,1.165,0.008,0.004,0.003,3
2285485.68,9.655,-1.633,1.146,0.007,0.007,0.003,3
2285485.69,9.663,-1.646,1.169,0.008,0.005,0.004,3
2285485.7,9.672,-1.655,1.162,0.007,0.003,0.004,3
2285485.71,9.673,-1.669,1.162,0.01,0.002,0.004,3
2285485.719,9.69,-1.677,1.162,0.009,0.004,0.004,3
2285485.729,9.686,-1.675,1.178,0.01,0.005,0.005,3
2285485.74,9.683,-1.67,1.179,0.013,0.002,0.006,3
2285485.75,9.706,-1.687,1.188,0.016,-0.001,0.007,3
2285485.769,9.678,-1.686,1.165,0.016,-0.001,0.009,3
2285485.78,9.67,-1.682,1.177,0.017,0.005,0.009,3
2285485.79,9.67,-1.674,1.167,0.018,0.002,0.009,3
2285485.8,9.683,-1.656,1.167,0.018,0.001,0.009,3
2285485.81,9.697,-1.647,1.183,0.016,0.001,0.009,3
2285485.82,9.683,-1.625,1.178,0.018,0.002,0.009,3
2285485.83,9.69,-1.628,1.183,0.018,0.005,0.008,3
2285485.859,9.7,-1.637,1.174,0.021,0.007,0.008,3
2285485.869,9.703,-1.643,1.158,0.021,0.005,0.007,3
2285485.88,9.706,-1.648,1.141,0.022,0.009,0.007,3
2285485.89,9.701,-1.656,1.132,0.02,0.008,0.007,3
2285485.9,9.708,-1.643,1.13,0.02,0.009,0.007,3
2285485.91,9.707,-1.633,1.128,0.018,0.009,0.007,3
2285485.92,9.705,-1.641,1.119,0.02,0.007,0.008,3
2285485.939,9.706,-1.639,1.111,0.019,0.004,0.006,3
2285485.95,9.709,-1.626,1.105,0.017,0.006,0.007,3
2285485.96,9.711,-1.638,1.094,0.015,0.005,0.007,3
2285485.969,9.694,-1.632,1.086,0.013,0.003,0.005,3
2285485.98,9.703,-1.653,1.089,0.012,0.001,0.006,3
2285485.99,9.7,-1.644,1.096,0.01,0.002,0.005,3
2285486,9.698,-1.648,1.095,0.008,0.001,0.006,3
2285486.01,9.696,-1.643,1.093,0.004,0.002,0.006,3
2285486.02,9.684,-1.639,1.107,0.003,-0.001,0.007,3
2285486.029,9.684,-1.639,1.107,0.003,-0.003,0.006,3
2285486.04,9.694,-1.639,1.121,0.002,-0.003,0.007,3
2285486.05,9.683,-1.615,1.141,0.003,-0.002,0.007,3
2285486.06,9.695,-1.614,1.163,0.002,-0.001,0.007,3
2285486.069,9.689,-1.611,1.165,0.005,-0.002,0.007,3
2285486.08,9.7,-1.602,1.185,0.009,-0.001,0.007,3
2285486.09,9.701,-1.603,1.199,0.009,-0.001,0.007,3
2285486.099,9.7,-1.611,1.196,0.013,0.002,0.005,3
2285486.11,9.706,-1.605,1.212,0.014,0.004,0.005,3
2285486.119,9.7,-1.615,1.212,0.015,0.004,0.006,3
2285486.129,9.703,-1.627,1.183,0.016,0.005,0.005,3
2285486.14,9.696,-1.636,1.18,0.016,0.005,0.005,3
2285486.149,9.695,-1.646,1.16,0.016,0.008,0.005,3
2285486.159,9.707,-1.647,1.147,0.016,0.01,0.004,3
2285486.169,9.673,-1.648,1.146,0.014,0.013,0.006,3
2285486.18,9.668,-1.676,1.145,0.015,0.012,0.006,3
2285486.189,9.681,-1.686,1.116,0.014,0.012,0.007,3
2285486.199,9.662,-1.688,1.122,0.013,0.013,0.007,3
2285486.21,9.67,-1.683,1.129,0.014,0.015,0.009,3
2285486.22,9.659,-1.674,1.125,0.015,0.015,0.01,3
2285486.229,9.684,-1.66,1.134,0.016,0.011,0.01,3
2285486.239,9.702,-1.656,1.147,0.02,0.007,0.011,3
2285486.25,9.719,-1.643,1.14,0.025,0.005,0.011,3
2285486.259,9.727,-1.649,1.132,0.028,0.007,0.011,3
2285486.269,9.707,-1.626,1.104,0.03,0.009,0.012,3
2285486.29,9.72,-1.606,1.079,0.032,0.007,0.011,3
2285486.3,9.713,-1.589,1.067,0.029,0.002,0.012,3
2285486.31,9.705,-1.598,1.075,0.029,0.003,0.009,3
2285486.32,9.709,-1.589,1.067,0.023,0.005,0.009,3
2285486.33,9.719,-1.588,1.041,0.02,0.005,0.009,3
2285486.339,9.701,-1.58,1.058,0.015,0.003,0.009,3
2285486.35,9.712,-1.582,1.045,0.01,0.002,0.007,3
2285486.359,9.724,-1.569,1.06,0.005,0.002,0.007,3
2285486.37,9.705,-1.584,1.063,0.001,0.005,0.005,3
2285486.38,9.708,-1.595,1.084,-0.002,0.005,0.005,3
2285486.39,9.7,-1.6,1.118,-0.004,0.004,0.004,3
2285486.4,9.706,-1.606,1.123,-0.005,0.004,0.004,3
2285486.41,9.7,-1.62,1.141,-0.005,0.004,0.004,3
2285486.42,9.697,-1.628,1.15,-0.003,0.003,0.004,3
2285486.43,9.685,-1.642,1.149,-0.001,0.006,0.004,3
2285486.44,9.668,-1.643,1.154,0.003,0.005,0.005,3
2285486.449,9.681,-1.664,1.171,0.008,0.004,0.005,3
2285486.46,9.681,-1.664,1.171,0.01,0.002,0.007,3
2285486.47,9.683,-1.665,1.177,0.012,0.002,0.007,3
2285486.48,9.679,-1.675,1.169,0.016,0.004,0.008,3
2285486.5,9.67,-1.664,1.176,0.016,0.005,0.008,3
2285486.51,9.68,-1.65,1.166,0.016,0.006,0.008,3
2285486.52,9.68,-1.649,1.162,0.016,0.007,0.009,3
2285486.529,9.696,-1.638,1.169,0.015,0.01,0.008,3
2285486.549,9.701,-1.619,1.176,0.013,0.013,0.007,3
2285486.559,9.695,-1.631,1.16,0.015,0.014,0.007,3
2285486.58,9.696,-1.624,1.139,0.015,0.015,0.006,3
2285486.589,9.703,-1.621,1.125,0.015,0.015,0.007,3
2285486.599,9.713,-1.624,1.119,0.015,0.015,0.006,3
2285486.61,9.708,-1.626,1.125,0.015,0.014,0.007,3
2285486.62,9.716,-1.63,1.108,0.015,0.015,0.008,3
2285486.629,9.703,-1.62,1.108,0.016,0.012,0.007,3
2285486.639,9.708,-1.621,1.086,0.016,0.011,0.008,3
2285486.66,9.702,-1.627,1.09,0.017,0.009,0.008,3
2285486.67,9.69,-1.631,1.08,0.015,0.009,0.007,3
2285486.68,9.695,-1.625,1.067,0.013,0.007,0.007,3
2285486.7,9.698,-1.621,1.08,0.007,0.005,0.007,3
2285486.71,9.718,-1.632,1.085,0.005,0.003,0.006,3
2285486.72,9.709,-1.638,1.102,0.002,0.004,0.006,3
2285486.73,9.706,-1.642,1.106,0,0.003,0.005,3
2285486.74,9.701,-1.643,1.118,-0.001,0.003,0.005,3
2285486.75,9.701,-1.639,1.136,-0.004,0.003,0.006,3
2285486.759,9.694,-1.653,1.151,-0.002,0.004,0.005,3
2285486.77,9.691,-1.648,1.151,-0.006,0.005,0.004,3
2285486.78,9.692,-1.65,1.163,-0.006,0.006,0.005,3
2285486.789,9.705,-1.66,1.158,-0.006,0.007,0.005,3
2285486.8,9.697,-1.65,1.194,-0.005,0.007,0.006,3
2285486.81,9.691,-1.652,1.184,-0.004,0.007,0.005,3
2285486.82,9.679,-1.643,1.202,-0.001,0.007,0.006,3
2285486.83,9.658,-1.647,1.21,0.002,0.007,0.007,3
2285486.839,9.685,-1.653,1.202,0.004,0.007,0.009,3
2285486.85,9.685,-1.653,1.202,0.009,0.007,0.007,3
2285486.859,9.696,-1.648,1.208,0.01,0.009,0.009,3
2285486.87,9.705,-1.663,1.205,0.013,0.012,0.009,3
2285486.88,9.703,-1.656,1.212,0.015,0.012,0.01,3
2285486.89,9.7,-1.66,1.194,0.017,0.014,0.01,3
2285486.9,9.659,-1.669,1.195,0.018,0.013,0.012,3
2285486.91,9.674,-1.683,1.173,0.023,0.016,0.012,3
2285486.92,9.651,-1.669,1.179,0.026,0.016,0.013,3
2285486.93,9.658,-1.669,1.176,0.028,0.013,0.013,3
2285486.939,9.683,-1.643,1.146,0.032,0.011,0.013,3
2285486.95,9.701,-1.642,1.174,0.034,0.009,0.015,3
2285486.96,9.728,-1.644,1.133,0.036,0.009,0.015,3
2285486.97,9.708,-1.639,1.136,0.037,0.009,0.016,3
2285486.98,9.714,-1.615,1.105,0.037,0.01,0.016,3
2285486.99,9.712,-1.603,1.104,0.035,0.012,0.015,3
2285487,9.733,-1.582,1.107,0.031,0.009,0.014,3
2285487.01,9.745,-1.566,1.094,0.027,0.008,0.012,3
2285487.03,9.745,-1.564,1.075,0.013,0.01,0.007,3
2285487.04,9.733,-1.569,1.077,0.01,0.013,0.006,3
2285487.059,9.705,-1.594,1.063,-0.001,0.012,0.003,3
2285487.07,9.706,-1.611,1.075,-0.007,0.011,0.002,3
2285487.08,9.697,-1.631,1.075,-0.012,0.01,0.001,3
2285487.089,9.695,-1.633,1.08,-0.012,0.01,0.002,3
2285487.1,9.686,-1.658,1.086,-0.012,0.011,0.001,3
2285487.11,9.685,-1.674,1.108,-0.012,0.009,0.001,3
2285487.12,9.683,-1.714,1.157,-0.014,0.005,0.002,3
2285487.13,9.678,-1.715,1.154,-0.011,0.005,0.004,3
2285487.14,9.664,-1.721,1.18,-0.01,0.005,0.005,3
2285487.15,9.663,-1.718,1.191,-0.006,0.004,0.006,3
2285487.159,9.645,-1.707,1.211,-0.002,0,0.009,3
2285487.17,9.677,-1.691,1.212,0.002,-0.001,0.008,3
2285487.18,9.68,-1.669,1.223,0.007,-0.002,0.009,3
2285487.19,9.685,-1.674,1.23,0.012,-0.001,0.011,3
2285487.2,9.679,-1.659,1.233,0.016,-0.001,0.011,3
2285487.21,9.692,-1.644,1.241,0.02,0,0.012,3
2285487.219,9.711,-1.611,1.226,0.024,0.002,0.011,3
2285487.239,9.707,-1.606,1.224,0.024,0.004,0.009,3
2285487.25,9.711,-1.615,1.199,0.023,0.007,0.007,3
2285487.259,9.707,-1.613,1.194,0.023,0.009,0.008,3
2285487.269,9.702,-1.613,1.202,0.021,0.013,0.007,3
2285487.279,9.703,-1.611,1.206,0.02,0.015,0.008,3
2285487.289,9.702,-1.611,1.188,0.02,0.015,0.007,3
2285487.3,9.694,-1.621,1.198,0.021,0.015,0.009,3
2285487.309,9.697,-1.617,1.193,0.021,0.014,0.009,3
2285487.319,9.692,-1.636,1.168,0.024,0.016,0.01,3
2285487.329,9.688,-1.635,1.174,0.027,0.015,0.009,3
2285487.339,9.694,-1.649,1.151,0.029,0.014,0.009,3
2285487.349,9.689,-1.642,1.138,0.035,0.01,0.01,3
2285487.359,9.698,-1.66,1.128,0.034,0.008,0.009,3
2285487.369,9.707,-1.66,1.111,0.037,0.008,0.01,3
2285487.379,9.694,-1.68,1.105,0.034,0.009,0.01,3
2285487.389,9.695,-1.691,1.091,0.034,0.008,0.01,3
2285487.399,9.692,-1.697,1.072,0.028,0.005,0.01,3
2285487.41,9.698,-1.686,1.068,0.022,0.002,0.009,3
2285487.419,9.696,-1.699,1.077,0.019,0.002,0.01,3
2285487.43,9.692,-1.678,1.08,0.013,0.001,0.009,3
2285487.44,9.7,-1.669,1.093,0.008,0.001,0.01,3
2285487.45,9.708,-1.659,1.113,0.007,-0.001,0.01,3
2285487.46,9.698,-1.644,1.128,0.006,-0.003,0.009,3
2285487.47,9.68,-1.631,1.135,0.003,-0.005,0.01,3
2285487.48,9.677,-1.626,1.144,-0.001,-0.005,0.009,3
2285487.489,9.669,-1.628,1.18,-0.002,-0.004,0.008,3
2285487.5,9.701,-1.613,1.207,-0.002,0,0.007,3
2285487.51,9.696,-1.599,1.23,-0.001,0.001,0.007,3
2285487.52,9.683,-1.591,1.239,0,0.001,0.005,3
2285487.53,9.694,-1.594,1.259,0.002,0,0.004,3
2285487.539,9.716,-1.625,1.246,0.005,0.003,0.004,3
2285487.55,9.708,-1.654,1.234,0.006,0.008,0.004,3
2285487.56,9.69,-1.672,1.235,0.008,0.009,0.002,3
2285487.569,9.668,-1.702,1.211,0.005,0.011,0.001,3
2285487.58,9.661,-1.733,1.222,0.003,0.01,0.002,3
2285487.59,9.673,-1.747,1.19,0.001,0.011,0.001,3
2285487.6,9.689,-1.77,1.196,-0.001,0.013,0.002,3
2285487.61,9.685,-1.764,1.179,-0.004,0.014,0.002,3
2285487.62,9.67,-1.772,1.19,-0.004,0.016,0.004,3
2285487.629,9.636,-1.757,1.189,-0.002,0.018,0.004,3
2285487.642,9.63,-1.759,1.198,0.001,0.015,0.007,3
2285487.65,9.637,-1.765,1.191,0.004,0.014,0.008,3
2285487.659,9.661,-1.763,1.213,0.009,0.012,0.01,3
2285487.67,9.648,-1.768,1.198,0.015,0.013,0.013,3
2285487.68,9.658,-1.731,1.2,0.018,0.012,0.013,3
2285487.69,9.664,-1.708,1.202,0.023,0.011,0.015,3
2285487.7,9.667,-1.686,1.204,0.027,0.005,0.016,3
2285487.71,9.714,-1.652,1.19,0.033,0.003,0.016,3
2285487.72,9.703,-1.624,1.2,0.039,0.004,0.018,3
2285487.73,9.714,-1.597,1.182,0.044,0.005,0.018,3
2285487.739,9.744,-1.582,1.168,0.048,0.006,0.016,3
2285487.75,9.747,-1.564,1.158,0.048,0.004,0.015,3
2285487.759,9.747,-1.544,1.134,0.046,0.002,0.015,3
2285487.78,9.742,-1.538,1.072,0.032,0.007,0.009,3
2285487.79,9.719,-1.548,1.045,0.024,0.009,0.007,3
2285487.8,9.718,-1.547,1.039,0.014,0.007,0.004,3
2285487.81,9.725,-1.566,1.039,0.004,0.006,0.002,3
2285487.82,9.731,-1.581,1.042,-0.005,0.003,0.001,3
2285487.829,9.725,-1.573,1.066,-0.014,0.003,-0.001,3
2285487.84,9.727,-1.588,1.088,-0.019,0.004,-0.003,3
2285487.849,9.709,-1.622,1.106,-0.023,0.004,-0.003,3
2285487.87,9.698,-1.659,1.16,-0.024,-0.001,-0.004,3
2285487.88,9.675,-1.694,1.167,-0.026,-0.001,-0.005,3
2285487.89,9.669,-1.708,1.185,-0.024,-0.002,-0.003,3
2285487.9,9.667,-1.726,1.195,-0.021,-0.001,-0.002,3
2285487.91,9.663,-1.735,1.216,-0.02,-0.001,-0.001,3
2285487.92,9.669,-1.732,1.229,-0.016,-0.004,0.001,3
2285487.93,9.668,-1.746,1.246,-0.01,-0.004,0.002,3
2285487.94,9.663,-1.737,1.256,-0.005,-0.004,0.004,3
2285487.95,9.653,-1.741,1.282,-0.001,-0.005,0.005,3
2285487.959,9.653,-1.718,1.284,0.005,-0.004,0.007,3
2285487.969,9.653,-1.708,1.29,0.011,-0.004,0.008,3
2285487.98,9.664,-1.682,1.322,0.016,-0.005,0.009,3
2285487.99,9.684,-1.669,1.31,0.027,-0.004,0.01,3
2285488,9.69,-1.652,1.31,0.03,0,0.011,3
2285488.01,9.696,-1.637,1.31,0.038,0,0.011,3
2285488.02,9.692,-1.62,1.281,0.041,0.002,0.012,3
2285488.03,9.677,-1.62,1.248,0.043,0.003,0.01,3
2285488.04,9.683,-1.619,1.227,0.042,0.006,0.009,3
2285488.07,9.708,-1.603,1.176,0.032,0.012,0.005,3
2285488.08,9.712,-1.614,1.16,0.027,0.011,0.005,3
2285488.09,9.708,-1.594,1.145,0.024,0.012,0.004,3
2285488.099,9.706,-1.602,1.149,0.021,0.012,0.003,3
2285488.11,9.712,-1.61,1.143,0.02,0.012,0.003,3
2285488.12,9.697,-1.614,1.147,0.02,0.01,0.002,3
2285488.13,9.7,-1.621,1.125,0.02,0.01,0.001,3
2285488.14,9.701,-1.626,1.128,0.021,0.007,0.002,3
2285488.15,9.703,-1.641,1.129,0.02,0.006,0.001,3
2285488.17,9.7,-1.661,1.108,0.021,0.002,0.003,3
2285488.18,9.705,-1.661,1.093,0.02,-0.001,0.001,3
2285488.19,9.695,-1.669,1.089,0.018,-0.002,0.003,3
2285488.21,9.686,-1.697,1.079,0.01,-0.005,0.002,3
2285488.22,9.689,-1.685,1.099,0.007,-0.005,0.002,3
2285488.23,9.7,-1.678,1.115,0.002,-0.007,0.002,3
2285488.24,9.697,-1.67,1.14,0.001,-0.008,0.002,3
2285488.249,9.691,-1.648,1.169,0.002,-0.009,0.004,3
2285488.27,9.696,-1.637,1.211,0.006,-0.009,0.004,3
2285488.28,9.709,-1.632,1.218,0.01,-0.01,0.004,3
2285488.29,9.698,-1.621,1.223,0.015,-0.01,0.002,3
2285488.3,9.695,-1.622,1.228,0.018,-0.008,0.004,3
2285488.31,9.692,-1.628,1.228,0.023,-0.007,0.005,3
2285488.32,9.681,-1.625,1.212,0.024,-0.005,0.004,3
2285488.33,9.69,-1.636,1.216,0.024,-0.005,0.004,3
2285488.34,9.7,-1.649,1.206,0.023,-0.002,0.003,3
2285488.35,9.705,-1.658,1.191,0.023,0.001,0.004,3
2285488.36,9.705,-1.656,1.179,0.022,0.001,0.002,3
2285488.37,9.662,-1.669,1.18,0.02,0.004,0.004,3
2285488.38,9.656,-1.676,1.16,0.016,0.004,0.004,3
2285488.39,9.656,-1.692,1.154,0.015,0.003,0.004,3
2285488.4,9.659,-1.691,1.157,0.013,0.005,0.005,3
2285488.41,9.657,-1.674,1.165,0.012,0.01,0.004,3
2285488.42,9.669,-1.671,1.169,0.014,0.012,0.006,3
2285488.43,9.691,-1.665,1.194,0.018,0.007,0.007,3
2285488.44,9.703,-1.638,1.193,0.022,0.002,0.008,3
2285488.45,9.713,-1.638,1.189,0.031,0.001,0.01,3
2285488.47,9.707,-1.636,1.168,0.043,0.007,0.01,3
2285488.48,9.705,-1.62,1.14,0.048,0.005,0.01,3
2285488.49,9.719,-1.616,1.104,0.049,0,0.01,3
2285488.499,9.731,-1.628,1.085,0.047,-0.003,0.01,3
2285488.51,9.728,-1.622,1.058,0.046,-0.004,0.009,3
2285488.52,9.733,-1.622,1.042,0.041,-0.001,0.007,3
2285488.53,9.717,-1.622,1.023,0.031,0.001,0.006,3
2285488.54,9.714,-1.625,1.011,0.025,0,0.005,3
2285488.55,9.717,-1.622,1.005,0.016,-0.002,0.003,3
2285488.561,9.703,-1.619,1.01,0.007,-0.003,0.003,3
2285488.569,9.711,-1.616,1.013,0,-0.004,0.004,3
2285488.58,9.698,-1.619,1.038,-0.004,-0.002,0.003,3
2285488.59,9.698,-1.619,1.063,-0.008,-0.004,0.002,3
2285488.6,9.684,-1.619,1.082,-0.009,-0.006,0.002,3
2285488.61,9.686,-1.632,1.106,-0.008,-0.007,0.002,3
2285488.62,9.695,-1.628,1.152,-0.007,-0.006,0.002,3
2285488.63,9.689,-1.627,1.162,-0.005,-0.006,0.004,3
2285488.639,9.691,-1.637,1.174,0.002,-0.005,0.004,3
2285488.651,9.696,-1.644,1.18,0.004,-0.007,0.004,3
2285488.66,9.696,-1.638,1.196,0.007,-0.007,0.004,3
2285488.669,9.688,-1.637,1.194,0.015,-0.006,0.005,3
2285488.68,9.684,-1.63,1.184,0.017,-0.005,0.006,3
2285488.689,9.686,-1.638,1.194,0.021,-0.004,0.007,3
2285488.699,9.697,-1.63,1.193,0.023,-0.002,0.007,3
2285488.709,9.695,-1.621,1.199,0.024,0,0.008,3
2285488.72,9.685,-1.628,1.184,0.027,-0.001,0.008,3
2285488.729,9.679,-1.633,1.167,0.028,0.001,0.009,3
2285488.739,9.684,-1.637,1.156,0.03,0.005,0.009,3
2285488.749,9.68,-1.631,1.147,0.029,0.007,0.009,3
2285488.759,9.692,-1.62,1.145,0.028,0.007,0.009,3
2285488.77,9.707,-1.606,1.136,0.029,0.008,0.009,3
2285488.78,9.708,-1.613,1.132,0.031,0.009,0.009,3
2285488.79,9.711,-1.603,1.123,0.03,0.011,0.009,3
2285488.8,9.712,-1.603,1.106,0.031,0.011,0.009,3
2285488.809,9.713,-1.603,1.105,0.032,0.01,0.009,3
2285488.82,9.711,-1.604,1.072,0.031,0.009,0.008,3
2285488.83,9.714,-1.611,1.057,0.032,0.009,0.008,3
2285488.84,9.731,-1.616,1.045,0.029,0.006,0.009,3
2285488.85,9.724,-1.594,1.029,0.026,0.007,0.008,3
2285488.86,9.716,-1.599,1.021,0.023,0.005,0.008,3
2285488.87,9.709,-1.593,1.025,0.021,0.005,0.007,3
2285488.88,9.708,-1.595,1.019,0.018,0.003,0.007,3
2285488.89,9.707,-1.603,1.025,0.013,0.002,0.007,3
2285488.9,9.709,-1.6,1.022,0.012,0.001,0.007,3
2285488.91,9.709,-1.594,1.018,0.005,0.001,0.006,3
2285488.919,9.719,-1.609,1.044,-0.002,0.001,0.005,3
2285488.93,9.719,-1.609,1.044,-0.002,0.001,0.006,3
2285488.94,9.713,-1.594,1.056,-0.004,0.001,0.004,3
2285488.95,9.723,-1.587,1.083,-0.004,0.001,0.004,3
2285488.96,9.719,-1.582,1.102,-0.005,0.001,0.004,3
2285488.97,9.722,-1.597,1.13,-0.002,0.001,0.004,3
2285488.98,9.718,-1.595,1.134,0.002,0,0.004,3
2285488.99,9.723,-1.591,1.135,0.005,-0.001,0.004,3
2285489,9.707,-1.592,1.134,0.008,-0.001,0.004,3
2285489.01,9.696,-1.609,1.15,0.011,0.001,0.005,3
2285489.02,9.7,-1.603,1.136,0.013,0.001,0.005,3
2285489.03,9.703,-1.621,1.136,0.012,0.002,0.006,3
2285489.04,9.714,-1.622,1.129,0.015,0.001,0.005,3
2285489.051,9.716,-1.621,1.113,0.013,0.003,0.005,3
2285489.06,9.717,-1.625,1.118,0.013,0.004,0.007,3
2285489.07,9.69,-1.615,1.113,0.014,0.004,0.005,3
2285489.079,9.673,-1.602,1.11,0.013,0.004,0.006,3
2285489.09,9.689,-1.62,1.101,0.014,0.005,0.006,3
2285489.1,9.7,-1.615,1.105,0.013,0.004,0.007,3
2285489.11,9.696,-1.619,1.104,0.013,0.006,0.007,3
2285489.12,9.696,-1.611,1.104,0.012,0.007,0.007,3
2285489.13,9.7,-1.603,1.116,0.012,0.007,0.008,3
2285489.14,9.722,-1.589,1.111,0.013,0.004,0.007,3
2285489.15,9.742,-1.604,1.122,0.014,0.001,0.007,3
2285489.16,9.751,-1.587,1.115,0.018,0.001,0.007,3
2285489.17,9.756,-1.569,1.102,0.021,0.004,0.007,3
2285489.18,9.746,-1.589,1.091,0.024,0.005,0.007,3
2285489.19,9.731,-1.581,1.099,0.024,0.004,0.006,3
2285489.2,9.73,-1.578,1.08,0.023,0.002,0.005,3
2285489.21,9.742,-1.567,1.066,0.022,0,0.004,3
2285489.22,9.742,-1.572,1.066,0.019,0.001,0.003,3
2285489.23,9.74,-1.57,1.039,0.017,0.002,0.003,3
2285489.24,9.714,-1.591,1.025,0.016,0.002,0.001,3
2285489.251,9.702,-1.602,1.023,0.01,0,0.002,3
2285489.26,9.702,-1.602,1.023,0.007,-0.002,0.001,3
2285489.27,9.696,-1.598,1.036,0.003,-0.002,0,3
2285489.28,9.705,-1.6,1.045,-0.002,-0.003,0.001,3
2285489.29,9.688,-1.597,1.067,-0.004,-0.003,-0.001,3
2285489.3,9.697,-1.604,1.08,-0.005,-0.003,0.001,3
2285489.31,9.697,-1.619,1.094,-0.004,-0.006,0.002,3
2285489.32,9.691,-1.617,1.118,-0.004,-0.006,0.002,3
2285489.33,9.701,-1.614,1.132,-0.004,-0.005,0.002,3
2285489.34,9.695,-1.624,1.134,-0.002,-0.005,0.001,3
2285489.35,9.696,-1.63,1.144,0,-0.004,0.002,3
2285489.36,9.69,-1.648,1.144,0.002,-0.002,0.003,3
2285489.37,9.669,-1.648,1.162,0.004,-0.001,0.003,3
2285489.39,9.683,-1.658,1.154,0.011,0.001,0.007,3
2285489.4,9.679,-1.66,1.156,0.013,0.005,0.009,3
2285489.41,9.661,-1.637,1.18,0.018,0.006,0.01,3
2285489.43,9.662,-1.631,1.18,0.026,0.004,0.013,3
2285489.45,9.673,-1.606,1.171,0.034,0.007,0.016,3
2285489.46,9.695,-1.578,1.18,0.04,0.006,0.016,3
2285489.47,9.722,-1.569,1.172,0.045,0.007,0.016,3
2285489.48,9.709,-1.556,1.174,0.051,0.006,0.017,3
